lattice_linear_index,ix,iy,k,x_mm,y_mm,z_mm,parity_3d,material_concept,gate_material_name,ix_parity,iy_parity,gate_family_name,family_rx,family_ry,family_rz,family_local_index_conceptual,detector_id,d
0,0,0,0,-31.5,-31.5,-15.0,0,GAGG,GAGG,even,even,mc_gagg_ee,0,0,0,0,0,0
1,1,0,0,-27.3,-31.5,-15.0,1,K9,K9_V1_PROXY,odd,even,mc_k9_oe,0,0,0,0,,
2,2,0,0,-23.1,-31.5,-15.0,0,GAGG,GAGG,even,even,mc_gagg_ee,1,0,0,1,2,0
3,3,0,0,-18.9,-31.5,-15.0,1,K9,K9_V1_PROXY,odd,even,mc_k9_oe,1,0,0,1,,
4,4,0,0,-14.7,-31.5,-15.0,0,GAGG,GAGG,even,even,mc_gagg_ee,2,0,0,2,4,0
5,5,0,0,-10.5,-31.5,-15.0,1,K9,K9_V1_PROXY,odd,even,mc_k9_oe,2,0,0,2,,
6,6,0,0,-6.3,-31.5,-15.0,0,GAGG,GAGG,even,even,mc_gagg_ee,3,0,0,3,6,0
7,7,0,0,-2.1,-31.5,-15.0,1,K9,K9_V1_PROXY,odd,even,mc_k9_oe,3,0,0,3,,
8,8,0,0,2.1,-31.5,-15.0,0,GAGG,GAGG,even,even,mc_gagg_ee,4,0,0,4,8,0
9,9,0,0,6.3,-31.5,-15.0,1,K9,K9_V1_PROXY,odd,even,mc_k9_oe,4,0,0,4,,
10,10,0,0,10.5,-31.5,-15.0,0,GAGG,GAGG,even,even,mc_gagg_ee,5,0,0,5,10,0
11,11,0,0,14.7,-31.5,-15.0,1,K9,K9_V1_PROXY,odd,even,mc_k9_oe,5,0,0,5,,
12,12,0,0,18.9,-31.5,-15.0,0,GAGG,GAGG,even,even,mc_gagg_ee,6,0,0,6,12,0
13,13,0,0,23.1,-31.5,-15.0,1,K9,K9_V1_PROXY,odd,even,mc_k9_oe,6,0,0,6,,
14,14,0,0,27.3,-31.5,-15.0,0,GAGG,GAGG,even,even,mc_gagg_ee,7,0,0,7,14,0
15,15,0,0,31.5,-31.5,-15.0,1,K9,K9_V1_PROXY,odd,even,mc_k9_oe,7,0,0,7,,
16,0,1,0,-31.5,-27.3,-15.0,1,K9,K9_V1_PROXY,even,odd,mc_k9_eo,0,0,0,0,,
17,1,1,0,-27.3,-27.3,-15.0,0,GAGG,GAGG,odd,odd,mc_gagg_oo,0,0,0,0,17,0
18,2,1,0,-23.1,-27.3,-15.0,1,K9,K9_V1_PROXY,even,odd,mc_k9_eo,1,0,0,1,,
19,3,1,0,-18.9,-27.3,-15.0,0,GAGG,GAGG,odd,odd,mc_gagg_oo,1,0,0,1,19,0
20,4,1,0,-14.7,-27.3,-15.0,1,K9,K9_V1_PROXY,even,odd,mc_k9_eo,2,0,0,2,,
21,5,1,0,-10.5,-27.3,-15.0,0,GAGG,GAGG,odd,odd,mc_gagg_oo,2,0,0,2,21,0
22,6,1,0,-6.3,-27.3,-15.0,1,K9,K9_V1_PROXY,even,odd,mc_k9_eo,3,0,0,3,,
23,7,1,0,-2.1,-27.3,-15.0,0,GAGG,GAGG,odd,odd,mc_gagg_oo,3,0,0,3,23,0
24,8,1,0,2.1,-27.3,-15.0,1,K9,K9_V1_PROXY,even,odd,mc_k9_eo,4,0,0,4,,
25,9,1,0,6.3,-27.3,-15.0,0,GAGG,GAGG,odd,odd,mc_gagg_oo,4,0,0,4,25,0
26,10,1,0,10.5,-27.3,-15.0,1,K9,K9_V1_PROXY,even,odd,mc_k9_eo,5,0,0,5,,
27,11,1,0,14.7,-27.3,-15.0,0,GAGG,GAGG,odd,odd,mc_gagg_oo,5,0,0,5,27,0
28,12,1,0,18.9,-27.3,-15.0,1,K9,K9_V1_PROXY,even,odd,mc_k9_eo,6,0,0,6,,
29,13,1,0,23.1,-27.3,-15.0,0,GAGG,GAGG,odd,odd,mc_gagg_oo,6,0,0,6,29,0
30,14,1,0,27.3,-27.3,-15.0,1,K9,K9_V1_PROXY,even,odd,mc_k9_eo,7,0,0,7,,
31,15,1,0,31.5,-27.3,-15.0,0,GAGG,GAGG,odd,odd,mc_gagg_oo,7,0,0,7,31,0
32,0,2,0,-31.5,-23.1,-15.0,0,GAGG,GAGG,even,even,mc_gagg_ee,0,1,0,8,32,0
33,1,2,0,-27.3,-23.1,-15.0,1,K9,K9_V1_PROXY,odd,even,mc_k9_oe,0,1,0,8,,
34,2,2,0,-23.1,-23.1,-15.0,0,GAGG,GAGG,even,even,mc_gagg_ee,1,1,0,9,34,0
35,3,2,0,-18.9,-23.1,-15.0,1,K9,K9_V1_PROXY,odd,even,mc_k9_oe,1,1,0,9,,
36,4,2,0,-14.7,-23.1,-15.0,0,GAGG,GAGG,even,even,mc_gagg_ee,2,1,0,10,36,0
37,5,2,0,-10.5,-23.1,-15.0,1,K9,K9_V1_PROXY,odd,even,mc_k9_oe,2,1,0,10,,
38,6,2,0,-6.3,-23.1,-15.0,0,GAGG,GAGG,even,even,mc_gagg_ee,3,1,0,11,38,0
39,7,2,0,-2.1,-23.1,-15.0,1,K9,K9_V1_PROXY,odd,even,mc_k9_oe,3,1,0,11,,
40,8,2,0,2.1,-23.1,-15.0,0,GAGG,GAGG,even,even,mc_gagg_ee,4,1,0,12,40,0
41,9,2,0,6.3,-23.1,-15.0,1,K9,K9_V1_PROXY,odd,even,mc_k9_oe,4,1,0,12,,
42,10,2,0,10.5,-23.1,-15.0,0,GAGG,GAGG,even,even,mc_gagg_ee,5,1,0,13,42,0
43,11,2,0,14.7,-23.1,-15.0,1,K9,K9_V1_PROXY,odd,even,mc_k9_oe,5,1,0,13,,
44,12,2,0,18.9,-23.1,-15.0,0,GAGG,GAGG,even,even,mc_gagg_ee,6,1,0,14,44,0
45,13,2,0,23.1,-23.1,-15.0,1,K9,K9_V1_PROXY,odd,even,mc_k9_oe,6,1,0,14,,
46,14,2,0,27.3,-23.1,-15.0,0,GAGG,GAGG,even,even,mc_gagg_ee,7,1,0,15,46,0
47,15,2,0,31.5,-23.1,-15.0,1,K9,K9_V1_PROXY,odd,even,mc_k9_oe,7,1,0,15,,
48,0,3,0,-31.5,-18.9,-15.0,1,K9,K9_V1_PROXY,even,odd,mc_k9_eo,0,1,0,8,,
49,1,3,0,-27.3,-18.9,-15.0,0,GAGG,GAGG,odd,odd,mc_gagg_oo,0,1,0,8,49,0
50,2,3,0,-23.1,-18.9,-15.0,1,K9,K9_V1_PROXY,even,odd,mc_k9_eo,1,1,0,9,,
51,3,3,0,-18.9,-18.9,-15.0,0,GAGG,GAGG,odd,odd,mc_gagg_oo,1,1,0,9,51,0
52,4,3,0,-14.7,-18.9,-15.0,1,K9,K9_V1_PROXY,even,odd,mc_k9_eo,2,1,0,10,,
53,5,3,0,-10.5,-18.9,-15.0,0,GAGG,GAGG,odd,odd,mc_gagg_oo,2,1,0,10,53,0
54,6,3,0,-6.3,-18.9,-15.0,1,K9,K9_V1_PROXY,even,odd,mc_k9_eo,3,1,0,11,,
55,7,3,0,-2.1,-18.9,-15.0,0,GAGG,GAGG,odd,odd,mc_gagg_oo,3,1,0,11,55,0
56,8,3,0,2.1,-18.9,-15.0,1,K9,K9_V1_PROXY,even,odd,mc_k9_eo,4,1,0,12,,
57,9,3,0,6.3,-18.9,-15.0,0,GAGG,GAGG,odd,odd,mc_gagg_oo,4,1,0,12,57,0
58,10,3,0,10.5,-18.9,-15.0,1,K9,K9_V1_PROXY,even,odd,mc_k9_eo,5,1,0,13,,
59,11,3,0,14.7,-18.9,-15.0,0,GAGG,GAGG,odd,odd,mc_gagg_oo,5,1,0,13,59,0
60,12,3,0,18.9,-18.9,-15.0,1,K9,K9_V1_PROXY,even,odd,mc_k9_eo,6,1,0,14,,
61,13,3,0,23.1,-18.9,-15.0,0,GAGG,GAGG,odd,odd,mc_gagg_oo,6,1,0,14,61,0
62,14,3,0,27.3,-18.9,-15.0,1,K9,K9_V1_PROXY,even,odd,mc_k9_eo,7,1,0,15,,
63,15,3,0,31.5,-18.9,-15.0,0,GAGG,GAGG,odd,odd,mc_gagg_oo,7,1,0,15,63,0
64,0,4,0,-31.5,-14.7,-15.0,0,GAGG,GAGG,even,even,mc_gagg_ee,0,2,0,16,64,0
65,1,4,0,-27.3,-14.7,-15.0,1,K9,K9_V1_PROXY,odd,even,mc_k9_oe,0,2,0,16,,
66,2,4,0,-23.1,-14.7,-15.0,0,GAGG,GAGG,even,even,mc_gagg_ee,1,2,0,17,66,0
67,3,4,0,-18.9,-14.7,-15.0,1,K9,K9_V1_PROXY,odd,even,mc_k9_oe,1,2,0,17,,
68,4,4,0,-14.7,-14.7,-15.0,0,GAGG,GAGG,even,even,mc_gagg_ee,2,2,0,18,68,0
69,5,4,0,-10.5,-14.7,-15.0,1,K9,K9_V1_PROXY,odd,even,mc_k9_oe,2,2,0,18,,
70,6,4,0,-6.3,-14.7,-15.0,0,GAGG,GAGG,even,even,mc_gagg_ee,3,2,0,19,70,0
71,7,4,0,-2.1,-14.7,-15.0,1,K9,K9_V1_PROXY,odd,even,mc_k9_oe,3,2,0,19,,
72,8,4,0,2.1,-14.7,-15.0,0,GAGG,GAGG,even,even,mc_gagg_ee,4,2,0,20,72,0
73,9,4,0,6.3,-14.7,-15.0,1,K9,K9_V1_PROXY,odd,even,mc_k9_oe,4,2,0,20,,
74,10,4,0,10.5,-14.7,-15.0,0,GAGG,GAGG,even,even,mc_gagg_ee,5,2,0,21,74,0
75,11,4,0,14.7,-14.7,-15.0,1,K9,K9_V1_PROXY,odd,even,mc_k9_oe,5,2,0,21,,
76,12,4,0,18.9,-14.7,-15.0,0,GAGG,GAGG,even,even,mc_gagg_ee,6,2,0,22,76,0
77,13,4,0,23.1,-14.7,-15.0,1,K9,K9_V1_PROXY,odd,even,mc_k9_oe,6,2,0,22,,
78,14,4,0,27.3,-14.7,-15.0,0,GAGG,GAGG,even,even,mc_gagg_ee,7,2,0,23,78,0
79,15,4,0,31.5,-14.7,-15.0,1,K9,K9_V1_PROXY,odd,even,mc_k9_oe,7,2,0,23,,
80,0,5,0,-31.5,-10.5,-15.0,1,K9,K9_V1_PROXY,even,odd,mc_k9_eo,0,2,0,16,,
81,1,5,0,-27.3,-10.5,-15.0,0,GAGG,GAGG,odd,odd,mc_gagg_oo,0,2,0,16,81,0
82,2,5,0,-23.1,-10.5,-15.0,1,K9,K9_V1_PROXY,even,odd,mc_k9_eo,1,2,0,17,,
83,3,5,0,-18.9,-10.5,-15.0,0,GAGG,GAGG,odd,odd,mc_gagg_oo,1,2,0,17,83,0
84,4,5,0,-14.7,-10.5,-15.0,1,K9,K9_V1_PROXY,even,odd,mc_k9_eo,2,2,0,18,,
85,5,5,0,-10.5,-10.5,-15.0,0,GAGG,GAGG,odd,odd,mc_gagg_oo,2,2,0,18,85,0
86,6,5,0,-6.3,-10.5,-15.0,1,K9,K9_V1_PROXY,even,odd,mc_k9_eo,3,2,0,19,,
87,7,5,0,-2.1,-10.5,-15.0,0,GAGG,GAGG,odd,odd,mc_gagg_oo,3,2,0,19,87,0
88,8,5,0,2.1,-10.5,-15.0,1,K9,K9_V1_PROXY,even,odd,mc_k9_eo,4,2,0,20,,
89,9,5,0,6.3,-10.5,-15.0,0,GAGG,GAGG,odd,odd,mc_gagg_oo,4,2,0,20,89,0
90,10,5,0,10.5,-10.5,-15.0,1,K9,K9_V1_PROXY,even,odd,mc_k9_eo,5,2,0,21,,
91,11,5,0,14.7,-10.5,-15.0,0,GAGG,GAGG,odd,odd,mc_gagg_oo,5,2,0,21,91,0
92,12,5,0,18.9,-10.5,-15.0,1,K9,K9_V1_PROXY,even,odd,mc_k9_eo,6,2,0,22,,
93,13,5,0,23.1,-10.5,-15.0,0,GAGG,GAGG,odd,odd,mc_gagg_oo,6,2,0,22,93,0
94,14,5,0,27.3,-10.5,-15.0,1,K9,K9_V1_PROXY,even,odd,mc_k9_eo,7,2,0,23,,
95,15,5,0,31.5,-10.5,-15.0,0,GAGG,GAGG,odd,odd,mc_gagg_oo,7,2,0,23,95,0
96,0,6,0,-31.5,-6.3,-15.0,0,GAGG,GAGG,even,even,mc_gagg_ee,0,3,0,24,96,0
97,1,6,0,-27.3,-6.3,-15.0,1,K9,K9_V1_PROXY,odd,even,mc_k9_oe,0,3,0,24,,
98,2,6,0,-23.1,-6.3,-15.0,0,GAGG,GAGG,even,even,mc_gagg_ee,1,3,0,25,98,0
99,3,6,0,-18.9,-6.3,-15.0,1,K9,K9_V1_PROXY,odd,even,mc_k9_oe,1,3,0,25,,
100,4,6,0,-14.7,-6.3,-15.0,0,GAGG,GAGG,even,even,mc_gagg_ee,2,3,0,26,100,0
101,5,6,0,-10.5,-6.3,-15.0,1,K9,K9_V1_PROXY,odd,even,mc_k9_oe,2,3,0,26,,
102,6,6,0,-6.3,-6.3,-15.0,0,GAGG,GAGG,even,even,mc_gagg_ee,3,3,0,27,102,0
103,7,6,0,-2.1,-6.3,-15.0,1,K9,K9_V1_PROXY,odd,even,mc_k9_oe,3,3,0,27,,
104,8,6,0,2.1,-6.3,-15.0,0,GAGG,GAGG,even,even,mc_gagg_ee,4,3,0,28,104,0
105,9,6,0,6.3,-6.3,-15.0,1,K9,K9_V1_PROXY,odd,even,mc_k9_oe,4,3,0,28,,
106,10,6,0,10.5,-6.3,-15.0,0,GAGG,GAGG,even,even,mc_gagg_ee,5,3,0,29,106,0
107,11,6,0,14.7,-6.3,-15.0,1,K9,K9_V1_PROXY,odd,even,mc_k9_oe,5,3,0,29,,
108,12,6,0,18.9,-6.3,-15.0,0,GAGG,GAGG,even,even,mc_gagg_ee,6,3,0,30,108,0
109,13,6,0,23.1,-6.3,-15.0,1,K9,K9_V1_PROXY,odd,even,mc_k9_oe,6,3,0,30,,
110,14,6,0,27.3,-6.3,-15.0,0,GAGG,GAGG,even,even,mc_gagg_ee,7,3,0,31,110,0
111,15,6,0,31.5,-6.3,-15.0,1,K9,K9_V1_PROXY,odd,even,mc_k9_oe,7,3,0,31,,
112,0,7,0,-31.5,-2.1,-15.0,1,K9,K9_V1_PROXY,even,odd,mc_k9_eo,0,3,0,24,,
113,1,7,0,-27.3,-2.1,-15.0,0,GAGG,GAGG,odd,odd,mc_gagg_oo,0,3,0,24,113,0
114,2,7,0,-23.1,-2.1,-15.0,1,K9,K9_V1_PROXY,even,odd,mc_k9_eo,1,3,0,25,,
115,3,7,0,-18.9,-2.1,-15.0,0,GAGG,GAGG,odd,odd,mc_gagg_oo,1,3,0,25,115,0
116,4,7,0,-14.7,-2.1,-15.0,1,K9,K9_V1_PROXY,even,odd,mc_k9_eo,2,3,0,26,,
117,5,7,0,-10.5,-2.1,-15.0,0,GAGG,GAGG,odd,odd,mc_gagg_oo,2,3,0,26,117,0
118,6,7,0,-6.3,-2.1,-15.0,1,K9,K9_V1_PROXY,even,odd,mc_k9_eo,3,3,0,27,,
119,7,7,0,-2.1,-2.1,-15.0,0,GAGG,GAGG,odd,odd,mc_gagg_oo,3,3,0,27,119,0
120,8,7,0,2.1,-2.1,-15.0,1,K9,K9_V1_PROXY,even,odd,mc_k9_eo,4,3,0,28,,
121,9,7,0,6.3,-2.1,-15.0,0,GAGG,GAGG,odd,odd,mc_gagg_oo,4,3,0,28,121,0
122,10,7,0,10.5,-2.1,-15.0,1,K9,K9_V1_PROXY,even,odd,mc_k9_eo,5,3,0,29,,
123,11,7,0,14.7,-2.1,-15.0,0,GAGG,GAGG,odd,odd,mc_gagg_oo,5,3,0,29,123,0
124,12,7,0,18.9,-2.1,-15.0,1,K9,K9_V1_PROXY,even,odd,mc_k9_eo,6,3,0,30,,
125,13,7,0,23.1,-2.1,-15.0,0,GAGG,GAGG,odd,odd,mc_gagg_oo,6,3,0,30,125,0
126,14,7,0,27.3,-2.1,-15.0,1,K9,K9_V1_PROXY,even,odd,mc_k9_eo,7,3,0,31,,
127,15,7,0,31.5,-2.1,-15.0,0,GAGG,GAGG,odd,odd,mc_gagg_oo,7,3,0,31,127,0
128,0,8,0,-31.5,2.1,-15.0,0,GAGG,GAGG,even,even,mc_gagg_ee,0,4,0,32,128,0
129,1,8,0,-27.3,2.1,-15.0,1,K9,K9_V1_PROXY,odd,even,mc_k9_oe,0,4,0,32,,
130,2,8,0,-23.1,2.1,-15.0,0,GAGG,GAGG,even,even,mc_gagg_ee,1,4,0,33,130,0
131,3,8,0,-18.9,2.1,-15.0,1,K9,K9_V1_PROXY,odd,even,mc_k9_oe,1,4,0,33,,
132,4,8,0,-14.7,2.1,-15.0,0,GAGG,GAGG,even,even,mc_gagg_ee,2,4,0,34,132,0
133,5,8,0,-10.5,2.1,-15.0,1,K9,K9_V1_PROXY,odd,even,mc_k9_oe,2,4,0,34,,
134,6,8,0,-6.3,2.1,-15.0,0,GAGG,GAGG,even,even,mc_gagg_ee,3,4,0,35,134,0
135,7,8,0,-2.1,2.1,-15.0,1,K9,K9_V1_PROXY,odd,even,mc_k9_oe,3,4,0,35,,
136,8,8,0,2.1,2.1,-15.0,0,GAGG,GAGG,even,even,mc_gagg_ee,4,4,0,36,136,0
137,9,8,0,6.3,2.1,-15.0,1,K9,K9_V1_PROXY,odd,even,mc_k9_oe,4,4,0,36,,
138,10,8,0,10.5,2.1,-15.0,0,GAGG,GAGG,even,even,mc_gagg_ee,5,4,0,37,138,0
139,11,8,0,14.7,2.1,-15.0,1,K9,K9_V1_PROXY,odd,even,mc_k9_oe,5,4,0,37,,
140,12,8,0,18.9,2.1,-15.0,0,GAGG,GAGG,even,even,mc_gagg_ee,6,4,0,38,140,0
141,13,8,0,23.1,2.1,-15.0,1,K9,K9_V1_PROXY,odd,even,mc_k9_oe,6,4,0,38,,
142,14,8,0,27.3,2.1,-15.0,0,GAGG,GAGG,even,even,mc_gagg_ee,7,4,0,39,142,0
143,15,8,0,31.5,2.1,-15.0,1,K9,K9_V1_PROXY,odd,even,mc_k9_oe,7,4,0,39,,
144,0,9,0,-31.5,6.3,-15.0,1,K9,K9_V1_PROXY,even,odd,mc_k9_eo,0,4,0,32,,
145,1,9,0,-27.3,6.3,-15.0,0,GAGG,GAGG,odd,odd,mc_gagg_oo,0,4,0,32,145,0
146,2,9,0,-23.1,6.3,-15.0,1,K9,K9_V1_PROXY,even,odd,mc_k9_eo,1,4,0,33,,
147,3,9,0,-18.9,6.3,-15.0,0,GAGG,GAGG,odd,odd,mc_gagg_oo,1,4,0,33,147,0
148,4,9,0,-14.7,6.3,-15.0,1,K9,K9_V1_PROXY,even,odd,mc_k9_eo,2,4,0,34,,
149,5,9,0,-10.5,6.3,-15.0,0,GAGG,GAGG,odd,odd,mc_gagg_oo,2,4,0,34,149,0
150,6,9,0,-6.3,6.3,-15.0,1,K9,K9_V1_PROXY,even,odd,mc_k9_eo,3,4,0,35,,
151,7,9,0,-2.1,6.3,-15.0,0,GAGG,GAGG,odd,odd,mc_gagg_oo,3,4,0,35,151,0
152,8,9,0,2.1,6.3,-15.0,1,K9,K9_V1_PROXY,even,odd,mc_k9_eo,4,4,0,36,,
153,9,9,0,6.3,6.3,-15.0,0,GAGG,GAGG,odd,odd,mc_gagg_oo,4,4,0,36,153,0
154,10,9,0,10.5,6.3,-15.0,1,K9,K9_V1_PROXY,even,odd,mc_k9_eo,5,4,0,37,,
155,11,9,0,14.7,6.3,-15.0,0,GAGG,GAGG,odd,odd,mc_gagg_oo,5,4,0,37,155,0
156,12,9,0,18.9,6.3,-15.0,1,K9,K9_V1_PROXY,even,odd,mc_k9_eo,6,4,0,38,,
157,13,9,0,23.1,6.3,-15.0,0,GAGG,GAGG,odd,odd,mc_gagg_oo,6,4,0,38,157,0
158,14,9,0,27.3,6.3,-15.0,1,K9,K9_V1_PROXY,even,odd,mc_k9_eo,7,4,0,39,,
159,15,9,0,31.5,6.3,-15.0,0,GAGG,GAGG,odd,odd,mc_gagg_oo,7,4,0,39,159,0
160,0,10,0,-31.5,10.5,-15.0,0,GAGG,GAGG,even,even,mc_gagg_ee,0,5,0,40,160,0
161,1,10,0,-27.3,10.5,-15.0,1,K9,K9_V1_PROXY,odd,even,mc_k9_oe,0,5,0,40,,
162,2,10,0,-23.1,10.5,-15.0,0,GAGG,GAGG,even,even,mc_gagg_ee,1,5,0,41,162,0
163,3,10,0,-18.9,10.5,-15.0,1,K9,K9_V1_PROXY,odd,even,mc_k9_oe,1,5,0,41,,
164,4,10,0,-14.7,10.5,-15.0,0,GAGG,GAGG,even,even,mc_gagg_ee,2,5,0,42,164,0
165,5,10,0,-10.5,10.5,-15.0,1,K9,K9_V1_PROXY,odd,even,mc_k9_oe,2,5,0,42,,
166,6,10,0,-6.3,10.5,-15.0,0,GAGG,GAGG,even,even,mc_gagg_ee,3,5,0,43,166,0
167,7,10,0,-2.1,10.5,-15.0,1,K9,K9_V1_PROXY,odd,even,mc_k9_oe,3,5,0,43,,
168,8,10,0,2.1,10.5,-15.0,0,GAGG,GAGG,even,even,mc_gagg_ee,4,5,0,44,168,0
169,9,10,0,6.3,10.5,-15.0,1,K9,K9_V1_PROXY,odd,even,mc_k9_oe,4,5,0,44,,
170,10,10,0,10.5,10.5,-15.0,0,GAGG,GAGG,even,even,mc_gagg_ee,5,5,0,45,170,0
171,11,10,0,14.7,10.5,-15.0,1,K9,K9_V1_PROXY,odd,even,mc_k9_oe,5,5,0,45,,
172,12,10,0,18.9,10.5,-15.0,0,GAGG,GAGG,even,even,mc_gagg_ee,6,5,0,46,172,0
173,13,10,0,23.1,10.5,-15.0,1,K9,K9_V1_PROXY,odd,even,mc_k9_oe,6,5,0,46,,
174,14,10,0,27.3,10.5,-15.0,0,GAGG,GAGG,even,even,mc_gagg_ee,7,5,0,47,174,0
175,15,10,0,31.5,10.5,-15.0,1,K9,K9_V1_PROXY,odd,even,mc_k9_oe,7,5,0,47,,
176,0,11,0,-31.5,14.7,-15.0,1,K9,K9_V1_PROXY,even,odd,mc_k9_eo,0,5,0,40,,
177,1,11,0,-27.3,14.7,-15.0,0,GAGG,GAGG,odd,odd,mc_gagg_oo,0,5,0,40,177,0
178,2,11,0,-23.1,14.7,-15.0,1,K9,K9_V1_PROXY,even,odd,mc_k9_eo,1,5,0,41,,
179,3,11,0,-18.9,14.7,-15.0,0,GAGG,GAGG,odd,odd,mc_gagg_oo,1,5,0,41,179,0
180,4,11,0,-14.7,14.7,-15.0,1,K9,K9_V1_PROXY,even,odd,mc_k9_eo,2,5,0,42,,
181,5,11,0,-10.5,14.7,-15.0,0,GAGG,GAGG,odd,odd,mc_gagg_oo,2,5,0,42,181,0
182,6,11,0,-6.3,14.7,-15.0,1,K9,K9_V1_PROXY,even,odd,mc_k9_eo,3,5,0,43,,
183,7,11,0,-2.1,14.7,-15.0,0,GAGG,GAGG,odd,odd,mc_gagg_oo,3,5,0,43,183,0
184,8,11,0,2.1,14.7,-15.0,1,K9,K9_V1_PROXY,even,odd,mc_k9_eo,4,5,0,44,,
185,9,11,0,6.3,14.7,-15.0,0,GAGG,GAGG,odd,odd,mc_gagg_oo,4,5,0,44,185,0
186,10,11,0,10.5,14.7,-15.0,1,K9,K9_V1_PROXY,even,odd,mc_k9_eo,5,5,0,45,,
187,11,11,0,14.7,14.7,-15.0,0,GAGG,GAGG,odd,odd,mc_gagg_oo,5,5,0,45,187,0
188,12,11,0,18.9,14.7,-15.0,1,K9,K9_V1_PROXY,even,odd,mc_k9_eo,6,5,0,46,,
189,13,11,0,23.1,14.7,-15.0,0,GAGG,GAGG,odd,odd,mc_gagg_oo,6,5,0,46,189,0
190,14,11,0,27.3,14.7,-15.0,1,K9,K9_V1_PROXY,even,odd,mc_k9_eo,7,5,0,47,,
191,15,11,0,31.5,14.7,-15.0,0,GAGG,GAGG,odd,odd,mc_gagg_oo,7,5,0,47,191,0
192,0,12,0,-31.5,18.9,-15.0,0,GAGG,GAGG,even,even,mc_gagg_ee,0,6,0,48,192,0
193,1,12,0,-27.3,18.9,-15.0,1,K9,K9_V1_PROXY,odd,even,mc_k9_oe,0,6,0,48,,
194,2,12,0,-23.1,18.9,-15.0,0,GAGG,GAGG,even,even,mc_gagg_ee,1,6,0,49,194,0
195,3,12,0,-18.9,18.9,-15.0,1,K9,K9_V1_PROXY,odd,even,mc_k9_oe,1,6,0,49,,
196,4,12,0,-14.7,18.9,-15.0,0,GAGG,GAGG,even,even,mc_gagg_ee,2,6,0,50,196,0
197,5,12,0,-10.5,18.9,-15.0,1,K9,K9_V1_PROXY,odd,even,mc_k9_oe,2,6,0,50,,
198,6,12,0,-6.3,18.9,-15.0,0,GAGG,GAGG,even,even,mc_gagg_ee,3,6,0,51,198,0
199,7,12,0,-2.1,18.9,-15.0,1,K9,K9_V1_PROXY,odd,even,mc_k9_oe,3,6,0,51,,
200,8,12,0,2.1,18.9,-15.0,0,GAGG,GAGG,even,even,mc_gagg_ee,4,6,0,52,200,0
201,9,12,0,6.3,18.9,-15.0,1,K9,K9_V1_PROXY,odd,even,mc_k9_oe,4,6,0,52,,
202,10,12,0,10.5,18.9,-15.0,0,GAGG,GAGG,even,even,mc_gagg_ee,5,6,0,53,202,0
203,11,12,0,14.7,18.9,-15.0,1,K9,K9_V1_PROXY,odd,even,mc_k9_oe,5,6,0,53,,
204,12,12,0,18.9,18.9,-15.0,0,GAGG,GAGG,even,even,mc_gagg_ee,6,6,0,54,204,0
205,13,12,0,23.1,18.9,-15.0,1,K9,K9_V1_PROXY,odd,even,mc_k9_oe,6,6,0,54,,
206,14,12,0,27.3,18.9,-15.0,0,GAGG,GAGG,even,even,mc_gagg_ee,7,6,0,55,206,0
207,15,12,0,31.5,18.9,-15.0,1,K9,K9_V1_PROXY,odd,even,mc_k9_oe,7,6,0,55,,
208,0,13,0,-31.5,23.1,-15.0,1,K9,K9_V1_PROXY,even,odd,mc_k9_eo,0,6,0,48,,
209,1,13,0,-27.3,23.1,-15.0,0,GAGG,GAGG,odd,odd,mc_gagg_oo,0,6,0,48,209,0
210,2,13,0,-23.1,23.1,-15.0,1,K9,K9_V1_PROXY,even,odd,mc_k9_eo,1,6,0,49,,
211,3,13,0,-18.9,23.1,-15.0,0,GAGG,GAGG,odd,odd,mc_gagg_oo,1,6,0,49,211,0
212,4,13,0,-14.7,23.1,-15.0,1,K9,K9_V1_PROXY,even,odd,mc_k9_eo,2,6,0,50,,
213,5,13,0,-10.5,23.1,-15.0,0,GAGG,GAGG,odd,odd,mc_gagg_oo,2,6,0,50,213,0
214,6,13,0,-6.3,23.1,-15.0,1,K9,K9_V1_PROXY,even,odd,mc_k9_eo,3,6,0,51,,
215,7,13,0,-2.1,23.1,-15.0,0,GAGG,GAGG,odd,odd,mc_gagg_oo,3,6,0,51,215,0
216,8,13,0,2.1,23.1,-15.0,1,K9,K9_V1_PROXY,even,odd,mc_k9_eo,4,6,0,52,,
217,9,13,0,6.3,23.1,-15.0,0,GAGG,GAGG,odd,odd,mc_gagg_oo,4,6,0,52,217,0
218,10,13,0,10.5,23.1,-15.0,1,K9,K9_V1_PROXY,even,odd,mc_k9_eo,5,6,0,53,,
219,11,13,0,14.7,23.1,-15.0,0,GAGG,GAGG,odd,odd,mc_gagg_oo,5,6,0,53,219,0
220,12,13,0,18.9,23.1,-15.0,1,K9,K9_V1_PROXY,even,odd,mc_k9_eo,6,6,0,54,,
221,13,13,0,23.1,23.1,-15.0,0,GAGG,GAGG,odd,odd,mc_gagg_oo,6,6,0,54,221,0
222,14,13,0,27.3,23.1,-15.0,1,K9,K9_V1_PROXY,even,odd,mc_k9_eo,7,6,0,55,,
223,15,13,0,31.5,23.1,-15.0,0,GAGG,GAGG,odd,odd,mc_gagg_oo,7,6,0,55,223,0
224,0,14,0,-31.5,27.3,-15.0,0,GAGG,GAGG,even,even,mc_gagg_ee,0,7,0,56,224,0
225,1,14,0,-27.3,27.3,-15.0,1,K9,K9_V1_PROXY,odd,even,mc_k9_oe,0,7,0,56,,
226,2,14,0,-23.1,27.3,-15.0,0,GAGG,GAGG,even,even,mc_gagg_ee,1,7,0,57,226,0
227,3,14,0,-18.9,27.3,-15.0,1,K9,K9_V1_PROXY,odd,even,mc_k9_oe,1,7,0,57,,
228,4,14,0,-14.7,27.3,-15.0,0,GAGG,GAGG,even,even,mc_gagg_ee,2,7,0,58,228,0
229,5,14,0,-10.5,27.3,-15.0,1,K9,K9_V1_PROXY,odd,even,mc_k9_oe,2,7,0,58,,
230,6,14,0,-6.3,27.3,-15.0,0,GAGG,GAGG,even,even,mc_gagg_ee,3,7,0,59,230,0
231,7,14,0,-2.1,27.3,-15.0,1,K9,K9_V1_PROXY,odd,even,mc_k9_oe,3,7,0,59,,
232,8,14,0,2.1,27.3,-15.0,0,GAGG,GAGG,even,even,mc_gagg_ee,4,7,0,60,232,0
233,9,14,0,6.3,27.3,-15.0,1,K9,K9_V1_PROXY,odd,even,mc_k9_oe,4,7,0,60,,
234,10,14,0,10.5,27.3,-15.0,0,GAGG,GAGG,even,even,mc_gagg_ee,5,7,0,61,234,0
235,11,14,0,14.7,27.3,-15.0,1,K9,K9_V1_PROXY,odd,even,mc_k9_oe,5,7,0,61,,
236,12,14,0,18.9,27.3,-15.0,0,GAGG,GAGG,even,even,mc_gagg_ee,6,7,0,62,236,0
237,13,14,0,23.1,27.3,-15.0,1,K9,K9_V1_PROXY,odd,even,mc_k9_oe,6,7,0,62,,
238,14,14,0,27.3,27.3,-15.0,0,GAGG,GAGG,even,even,mc_gagg_ee,7,7,0,63,238,0
239,15,14,0,31.5,27.3,-15.0,1,K9,K9_V1_PROXY,odd,even,mc_k9_oe,7,7,0,63,,
240,0,15,0,-31.5,31.5,-15.0,1,K9,K9_V1_PROXY,even,odd,mc_k9_eo,0,7,0,56,,
241,1,15,0,-27.3,31.5,-15.0,0,GAGG,GAGG,odd,odd,mc_gagg_oo,0,7,0,56,241,0
242,2,15,0,-23.1,31.5,-15.0,1,K9,K9_V1_PROXY,even,odd,mc_k9_eo,1,7,0,57,,
243,3,15,0,-18.9,31.5,-15.0,0,GAGG,GAGG,odd,odd,mc_gagg_oo,1,7,0,57,243,0
244,4,15,0,-14.7,31.5,-15.0,1,K9,K9_V1_PROXY,even,odd,mc_k9_eo,2,7,0,58,,
245,5,15,0,-10.5,31.5,-15.0,0,GAGG,GAGG,odd,odd,mc_gagg_oo,2,7,0,58,245,0
246,6,15,0,-6.3,31.5,-15.0,1,K9,K9_V1_PROXY,even,odd,mc_k9_eo,3,7,0,59,,
247,7,15,0,-2.1,31.5,-15.0,0,GAGG,GAGG,odd,odd,mc_gagg_oo,3,7,0,59,247,0
248,8,15,0,2.1,31.5,-15.0,1,K9,K9_V1_PROXY,even,odd,mc_k9_eo,4,7,0,60,,
249,9,15,0,6.3,31.5,-15.0,0,GAGG,GAGG,odd,odd,mc_gagg_oo,4,7,0,60,249,0
250,10,15,0,10.5,31.5,-15.0,1,K9,K9_V1_PROXY,even,odd,mc_k9_eo,5,7,0,61,,
251,11,15,0,14.7,31.5,-15.0,0,GAGG,GAGG,odd,odd,mc_gagg_oo,5,7,0,61,251,0
252,12,15,0,18.9,31.5,-15.0,1,K9,K9_V1_PROXY,even,odd,mc_k9_eo,6,7,0,62,,
253,13,15,0,23.1,31.5,-15.0,0,GAGG,GAGG,odd,odd,mc_gagg_oo,6,7,0,62,253,0
254,14,15,0,27.3,31.5,-15.0,1,K9,K9_V1_PROXY,even,odd,mc_k9_eo,7,7,0,63,,
255,15,15,0,31.5,31.5,-15.0,0,GAGG,GAGG,odd,odd,mc_gagg_oo,7,7,0,63,255,0
256,0,0,1,-31.5,-31.5,-13.0,1,K9,K9_V1_PROXY,even,even,mc_k9_ee,0,0,0,0,,
257,1,0,1,-27.3,-31.5,-13.0,0,GAGG,GAGG,odd,even,mc_gagg_oe,0,0,0,0,1,0
258,2,0,1,-23.1,-31.5,-13.0,1,K9,K9_V1_PROXY,even,even,mc_k9_ee,1,0,0,1,,
259,3,0,1,-18.9,-31.5,-13.0,0,GAGG,GAGG,odd,even,mc_gagg_oe,1,0,0,1,3,0
260,4,0,1,-14.7,-31.5,-13.0,1,K9,K9_V1_PROXY,even,even,mc_k9_ee,2,0,0,2,,
261,5,0,1,-10.5,-31.5,-13.0,0,GAGG,GAGG,odd,even,mc_gagg_oe,2,0,0,2,5,0
262,6,0,1,-6.3,-31.5,-13.0,1,K9,K9_V1_PROXY,even,even,mc_k9_ee,3,0,0,3,,
263,7,0,1,-2.1,-31.5,-13.0,0,GAGG,GAGG,odd,even,mc_gagg_oe,3,0,0,3,7,0
264,8,0,1,2.1,-31.5,-13.0,1,K9,K9_V1_PROXY,even,even,mc_k9_ee,4,0,0,4,,
265,9,0,1,6.3,-31.5,-13.0,0,GAGG,GAGG,odd,even,mc_gagg_oe,4,0,0,4,9,0
266,10,0,1,10.5,-31.5,-13.0,1,K9,K9_V1_PROXY,even,even,mc_k9_ee,5,0,0,5,,
267,11,0,1,14.7,-31.5,-13.0,0,GAGG,GAGG,odd,even,mc_gagg_oe,5,0,0,5,11,0
268,12,0,1,18.9,-31.5,-13.0,1,K9,K9_V1_PROXY,even,even,mc_k9_ee,6,0,0,6,,
269,13,0,1,23.1,-31.5,-13.0,0,GAGG,GAGG,odd,even,mc_gagg_oe,6,0,0,6,13,0
270,14,0,1,27.3,-31.5,-13.0,1,K9,K9_V1_PROXY,even,even,mc_k9_ee,7,0,0,7,,
271,15,0,1,31.5,-31.5,-13.0,0,GAGG,GAGG,odd,even,mc_gagg_oe,7,0,0,7,15,0
272,0,1,1,-31.5,-27.3,-13.0,0,GAGG,GAGG,even,odd,mc_gagg_eo,0,0,0,0,16,0
273,1,1,1,-27.3,-27.3,-13.0,1,K9,K9_V1_PROXY,odd,odd,mc_k9_oo,0,0,0,0,,
274,2,1,1,-23.1,-27.3,-13.0,0,GAGG,GAGG,even,odd,mc_gagg_eo,1,0,0,1,18,0
275,3,1,1,-18.9,-27.3,-13.0,1,K9,K9_V1_PROXY,odd,odd,mc_k9_oo,1,0,0,1,,
276,4,1,1,-14.7,-27.3,-13.0,0,GAGG,GAGG,even,odd,mc_gagg_eo,2,0,0,2,20,0
277,5,1,1,-10.5,-27.3,-13.0,1,K9,K9_V1_PROXY,odd,odd,mc_k9_oo,2,0,0,2,,
278,6,1,1,-6.3,-27.3,-13.0,0,GAGG,GAGG,even,odd,mc_gagg_eo,3,0,0,3,22,0
279,7,1,1,-2.1,-27.3,-13.0,1,K9,K9_V1_PROXY,odd,odd,mc_k9_oo,3,0,0,3,,
280,8,1,1,2.1,-27.3,-13.0,0,GAGG,GAGG,even,odd,mc_gagg_eo,4,0,0,4,24,0
281,9,1,1,6.3,-27.3,-13.0,1,K9,K9_V1_PROXY,odd,odd,mc_k9_oo,4,0,0,4,,
282,10,1,1,10.5,-27.3,-13.0,0,GAGG,GAGG,even,odd,mc_gagg_eo,5,0,0,5,26,0
283,11,1,1,14.7,-27.3,-13.0,1,K9,K9_V1_PROXY,odd,odd,mc_k9_oo,5,0,0,5,,
284,12,1,1,18.9,-27.3,-13.0,0,GAGG,GAGG,even,odd,mc_gagg_eo,6,0,0,6,28,0
285,13,1,1,23.1,-27.3,-13.0,1,K9,K9_V1_PROXY,odd,odd,mc_k9_oo,6,0,0,6,,
286,14,1,1,27.3,-27.3,-13.0,0,GAGG,GAGG,even,odd,mc_gagg_eo,7,0,0,7,30,0
287,15,1,1,31.5,-27.3,-13.0,1,K9,K9_V1_PROXY,odd,odd,mc_k9_oo,7,0,0,7,,
288,0,2,1,-31.5,-23.1,-13.0,1,K9,K9_V1_PROXY,even,even,mc_k9_ee,0,1,0,8,,
289,1,2,1,-27.3,-23.1,-13.0,0,GAGG,GAGG,odd,even,mc_gagg_oe,0,1,0,8,33,0
290,2,2,1,-23.1,-23.1,-13.0,1,K9,K9_V1_PROXY,even,even,mc_k9_ee,1,1,0,9,,
291,3,2,1,-18.9,-23.1,-13.0,0,GAGG,GAGG,odd,even,mc_gagg_oe,1,1,0,9,35,0
292,4,2,1,-14.7,-23.1,-13.0,1,K9,K9_V1_PROXY,even,even,mc_k9_ee,2,1,0,10,,
293,5,2,1,-10.5,-23.1,-13.0,0,GAGG,GAGG,odd,even,mc_gagg_oe,2,1,0,10,37,0
294,6,2,1,-6.3,-23.1,-13.0,1,K9,K9_V1_PROXY,even,even,mc_k9_ee,3,1,0,11,,
295,7,2,1,-2.1,-23.1,-13.0,0,GAGG,GAGG,odd,even,mc_gagg_oe,3,1,0,11,39,0
296,8,2,1,2.1,-23.1,-13.0,1,K9,K9_V1_PROXY,even,even,mc_k9_ee,4,1,0,12,,
297,9,2,1,6.3,-23.1,-13.0,0,GAGG,GAGG,odd,even,mc_gagg_oe,4,1,0,12,41,0
298,10,2,1,10.5,-23.1,-13.0,1,K9,K9_V1_PROXY,even,even,mc_k9_ee,5,1,0,13,,
299,11,2,1,14.7,-23.1,-13.0,0,GAGG,GAGG,odd,even,mc_gagg_oe,5,1,0,13,43,0
300,12,2,1,18.9,-23.1,-13.0,1,K9,K9_V1_PROXY,even,even,mc_k9_ee,6,1,0,14,,
301,13,2,1,23.1,-23.1,-13.0,0,GAGG,GAGG,odd,even,mc_gagg_oe,6,1,0,14,45,0
302,14,2,1,27.3,-23.1,-13.0,1,K9,K9_V1_PROXY,even,even,mc_k9_ee,7,1,0,15,,
303,15,2,1,31.5,-23.1,-13.0,0,GAGG,GAGG,odd,even,mc_gagg_oe,7,1,0,15,47,0
304,0,3,1,-31.5,-18.9,-13.0,0,GAGG,GAGG,even,odd,mc_gagg_eo,0,1,0,8,48,0
305,1,3,1,-27.3,-18.9,-13.0,1,K9,K9_V1_PROXY,odd,odd,mc_k9_oo,0,1,0,8,,
306,2,3,1,-23.1,-18.9,-13.0,0,GAGG,GAGG,even,odd,mc_gagg_eo,1,1,0,9,50,0
307,3,3,1,-18.9,-18.9,-13.0,1,K9,K9_V1_PROXY,odd,odd,mc_k9_oo,1,1,0,9,,
308,4,3,1,-14.7,-18.9,-13.0,0,GAGG,GAGG,even,odd,mc_gagg_eo,2,1,0,10,52,0
309,5,3,1,-10.5,-18.9,-13.0,1,K9,K9_V1_PROXY,odd,odd,mc_k9_oo,2,1,0,10,,
310,6,3,1,-6.3,-18.9,-13.0,0,GAGG,GAGG,even,odd,mc_gagg_eo,3,1,0,11,54,0
311,7,3,1,-2.1,-18.9,-13.0,1,K9,K9_V1_PROXY,odd,odd,mc_k9_oo,3,1,0,11,,
312,8,3,1,2.1,-18.9,-13.0,0,GAGG,GAGG,even,odd,mc_gagg_eo,4,1,0,12,56,0
313,9,3,1,6.3,-18.9,-13.0,1,K9,K9_V1_PROXY,odd,odd,mc_k9_oo,4,1,0,12,,
314,10,3,1,10.5,-18.9,-13.0,0,GAGG,GAGG,even,odd,mc_gagg_eo,5,1,0,13,58,0
315,11,3,1,14.7,-18.9,-13.0,1,K9,K9_V1_PROXY,odd,odd,mc_k9_oo,5,1,0,13,,
316,12,3,1,18.9,-18.9,-13.0,0,GAGG,GAGG,even,odd,mc_gagg_eo,6,1,0,14,60,0
317,13,3,1,23.1,-18.9,-13.0,1,K9,K9_V1_PROXY,odd,odd,mc_k9_oo,6,1,0,14,,
318,14,3,1,27.3,-18.9,-13.0,0,GAGG,GAGG,even,odd,mc_gagg_eo,7,1,0,15,62,0
319,15,3,1,31.5,-18.9,-13.0,1,K9,K9_V1_PROXY,odd,odd,mc_k9_oo,7,1,0,15,,
320,0,4,1,-31.5,-14.7,-13.0,1,K9,K9_V1_PROXY,even,even,mc_k9_ee,0,2,0,16,,
321,1,4,1,-27.3,-14.7,-13.0,0,GAGG,GAGG,odd,even,mc_gagg_oe,0,2,0,16,65,0
322,2,4,1,-23.1,-14.7,-13.0,1,K9,K9_V1_PROXY,even,even,mc_k9_ee,1,2,0,17,,
323,3,4,1,-18.9,-14.7,-13.0,0,GAGG,GAGG,odd,even,mc_gagg_oe,1,2,0,17,67,0
324,4,4,1,-14.7,-14.7,-13.0,1,K9,K9_V1_PROXY,even,even,mc_k9_ee,2,2,0,18,,
325,5,4,1,-10.5,-14.7,-13.0,0,GAGG,GAGG,odd,even,mc_gagg_oe,2,2,0,18,69,0
326,6,4,1,-6.3,-14.7,-13.0,1,K9,K9_V1_PROXY,even,even,mc_k9_ee,3,2,0,19,,
327,7,4,1,-2.1,-14.7,-13.0,0,GAGG,GAGG,odd,even,mc_gagg_oe,3,2,0,19,71,0
328,8,4,1,2.1,-14.7,-13.0,1,K9,K9_V1_PROXY,even,even,mc_k9_ee,4,2,0,20,,
329,9,4,1,6.3,-14.7,-13.0,0,GAGG,GAGG,odd,even,mc_gagg_oe,4,2,0,20,73,0
330,10,4,1,10.5,-14.7,-13.0,1,K9,K9_V1_PROXY,even,even,mc_k9_ee,5,2,0,21,,
331,11,4,1,14.7,-14.7,-13.0,0,GAGG,GAGG,odd,even,mc_gagg_oe,5,2,0,21,75,0
332,12,4,1,18.9,-14.7,-13.0,1,K9,K9_V1_PROXY,even,even,mc_k9_ee,6,2,0,22,,
333,13,4,1,23.1,-14.7,-13.0,0,GAGG,GAGG,odd,even,mc_gagg_oe,6,2,0,22,77,0
334,14,4,1,27.3,-14.7,-13.0,1,K9,K9_V1_PROXY,even,even,mc_k9_ee,7,2,0,23,,
335,15,4,1,31.5,-14.7,-13.0,0,GAGG,GAGG,odd,even,mc_gagg_oe,7,2,0,23,79,0
336,0,5,1,-31.5,-10.5,-13.0,0,GAGG,GAGG,even,odd,mc_gagg_eo,0,2,0,16,80,0
337,1,5,1,-27.3,-10.5,-13.0,1,K9,K9_V1_PROXY,odd,odd,mc_k9_oo,0,2,0,16,,
338,2,5,1,-23.1,-10.5,-13.0,0,GAGG,GAGG,even,odd,mc_gagg_eo,1,2,0,17,82,0
339,3,5,1,-18.9,-10.5,-13.0,1,K9,K9_V1_PROXY,odd,odd,mc_k9_oo,1,2,0,17,,
340,4,5,1,-14.7,-10.5,-13.0,0,GAGG,GAGG,even,odd,mc_gagg_eo,2,2,0,18,84,0
341,5,5,1,-10.5,-10.5,-13.0,1,K9,K9_V1_PROXY,odd,odd,mc_k9_oo,2,2,0,18,,
342,6,5,1,-6.3,-10.5,-13.0,0,GAGG,GAGG,even,odd,mc_gagg_eo,3,2,0,19,86,0
343,7,5,1,-2.1,-10.5,-13.0,1,K9,K9_V1_PROXY,odd,odd,mc_k9_oo,3,2,0,19,,
344,8,5,1,2.1,-10.5,-13.0,0,GAGG,GAGG,even,odd,mc_gagg_eo,4,2,0,20,88,0
345,9,5,1,6.3,-10.5,-13.0,1,K9,K9_V1_PROXY,odd,odd,mc_k9_oo,4,2,0,20,,
346,10,5,1,10.5,-10.5,-13.0,0,GAGG,GAGG,even,odd,mc_gagg_eo,5,2,0,21,90,0
347,11,5,1,14.7,-10.5,-13.0,1,K9,K9_V1_PROXY,odd,odd,mc_k9_oo,5,2,0,21,,
348,12,5,1,18.9,-10.5,-13.0,0,GAGG,GAGG,even,odd,mc_gagg_eo,6,2,0,22,92,0
349,13,5,1,23.1,-10.5,-13.0,1,K9,K9_V1_PROXY,odd,odd,mc_k9_oo,6,2,0,22,,
350,14,5,1,27.3,-10.5,-13.0,0,GAGG,GAGG,even,odd,mc_gagg_eo,7,2,0,23,94,0
351,15,5,1,31.5,-10.5,-13.0,1,K9,K9_V1_PROXY,odd,odd,mc_k9_oo,7,2,0,23,,
352,0,6,1,-31.5,-6.3,-13.0,1,K9,K9_V1_PROXY,even,even,mc_k9_ee,0,3,0,24,,
353,1,6,1,-27.3,-6.3,-13.0,0,GAGG,GAGG,odd,even,mc_gagg_oe,0,3,0,24,97,0
354,2,6,1,-23.1,-6.3,-13.0,1,K9,K9_V1_PROXY,even,even,mc_k9_ee,1,3,0,25,,
355,3,6,1,-18.9,-6.3,-13.0,0,GAGG,GAGG,odd,even,mc_gagg_oe,1,3,0,25,99,0
356,4,6,1,-14.7,-6.3,-13.0,1,K9,K9_V1_PROXY,even,even,mc_k9_ee,2,3,0,26,,
357,5,6,1,-10.5,-6.3,-13.0,0,GAGG,GAGG,odd,even,mc_gagg_oe,2,3,0,26,101,0
358,6,6,1,-6.3,-6.3,-13.0,1,K9,K9_V1_PROXY,even,even,mc_k9_ee,3,3,0,27,,
359,7,6,1,-2.1,-6.3,-13.0,0,GAGG,GAGG,odd,even,mc_gagg_oe,3,3,0,27,103,0
360,8,6,1,2.1,-6.3,-13.0,1,K9,K9_V1_PROXY,even,even,mc_k9_ee,4,3,0,28,,
361,9,6,1,6.3,-6.3,-13.0,0,GAGG,GAGG,odd,even,mc_gagg_oe,4,3,0,28,105,0
362,10,6,1,10.5,-6.3,-13.0,1,K9,K9_V1_PROXY,even,even,mc_k9_ee,5,3,0,29,,
363,11,6,1,14.7,-6.3,-13.0,0,GAGG,GAGG,odd,even,mc_gagg_oe,5,3,0,29,107,0
364,12,6,1,18.9,-6.3,-13.0,1,K9,K9_V1_PROXY,even,even,mc_k9_ee,6,3,0,30,,
365,13,6,1,23.1,-6.3,-13.0,0,GAGG,GAGG,odd,even,mc_gagg_oe,6,3,0,30,109,0
366,14,6,1,27.3,-6.3,-13.0,1,K9,K9_V1_PROXY,even,even,mc_k9_ee,7,3,0,31,,
367,15,6,1,31.5,-6.3,-13.0,0,GAGG,GAGG,odd,even,mc_gagg_oe,7,3,0,31,111,0
368,0,7,1,-31.5,-2.1,-13.0,0,GAGG,GAGG,even,odd,mc_gagg_eo,0,3,0,24,112,0
369,1,7,1,-27.3,-2.1,-13.0,1,K9,K9_V1_PROXY,odd,odd,mc_k9_oo,0,3,0,24,,
370,2,7,1,-23.1,-2.1,-13.0,0,GAGG,GAGG,even,odd,mc_gagg_eo,1,3,0,25,114,0
371,3,7,1,-18.9,-2.1,-13.0,1,K9,K9_V1_PROXY,odd,odd,mc_k9_oo,1,3,0,25,,
372,4,7,1,-14.7,-2.1,-13.0,0,GAGG,GAGG,even,odd,mc_gagg_eo,2,3,0,26,116,0
373,5,7,1,-10.5,-2.1,-13.0,1,K9,K9_V1_PROXY,odd,odd,mc_k9_oo,2,3,0,26,,
374,6,7,1,-6.3,-2.1,-13.0,0,GAGG,GAGG,even,odd,mc_gagg_eo,3,3,0,27,118,0
375,7,7,1,-2.1,-2.1,-13.0,1,K9,K9_V1_PROXY,odd,odd,mc_k9_oo,3,3,0,27,,
376,8,7,1,2.1,-2.1,-13.0,0,GAGG,GAGG,even,odd,mc_gagg_eo,4,3,0,28,120,0
377,9,7,1,6.3,-2.1,-13.0,1,K9,K9_V1_PROXY,odd,odd,mc_k9_oo,4,3,0,28,,
378,10,7,1,10.5,-2.1,-13.0,0,GAGG,GAGG,even,odd,mc_gagg_eo,5,3,0,29,122,0
379,11,7,1,14.7,-2.1,-13.0,1,K9,K9_V1_PROXY,odd,odd,mc_k9_oo,5,3,0,29,,
380,12,7,1,18.9,-2.1,-13.0,0,GAGG,GAGG,even,odd,mc_gagg_eo,6,3,0,30,124,0
381,13,7,1,23.1,-2.1,-13.0,1,K9,K9_V1_PROXY,odd,odd,mc_k9_oo,6,3,0,30,,
382,14,7,1,27.3,-2.1,-13.0,0,GAGG,GAGG,even,odd,mc_gagg_eo,7,3,0,31,126,0
383,15,7,1,31.5,-2.1,-13.0,1,K9,K9_V1_PROXY,odd,odd,mc_k9_oo,7,3,0,31,,
384,0,8,1,-31.5,2.1,-13.0,1,K9,K9_V1_PROXY,even,even,mc_k9_ee,0,4,0,32,,
385,1,8,1,-27.3,2.1,-13.0,0,GAGG,GAGG,odd,even,mc_gagg_oe,0,4,0,32,129,0
386,2,8,1,-23.1,2.1,-13.0,1,K9,K9_V1_PROXY,even,even,mc_k9_ee,1,4,0,33,,
387,3,8,1,-18.9,2.1,-13.0,0,GAGG,GAGG,odd,even,mc_gagg_oe,1,4,0,33,131,0
388,4,8,1,-14.7,2.1,-13.0,1,K9,K9_V1_PROXY,even,even,mc_k9_ee,2,4,0,34,,
389,5,8,1,-10.5,2.1,-13.0,0,GAGG,GAGG,odd,even,mc_gagg_oe,2,4,0,34,133,0
390,6,8,1,-6.3,2.1,-13.0,1,K9,K9_V1_PROXY,even,even,mc_k9_ee,3,4,0,35,,
391,7,8,1,-2.1,2.1,-13.0,0,GAGG,GAGG,odd,even,mc_gagg_oe,3,4,0,35,135,0
392,8,8,1,2.1,2.1,-13.0,1,K9,K9_V1_PROXY,even,even,mc_k9_ee,4,4,0,36,,
393,9,8,1,6.3,2.1,-13.0,0,GAGG,GAGG,odd,even,mc_gagg_oe,4,4,0,36,137,0
394,10,8,1,10.5,2.1,-13.0,1,K9,K9_V1_PROXY,even,even,mc_k9_ee,5,4,0,37,,
395,11,8,1,14.7,2.1,-13.0,0,GAGG,GAGG,odd,even,mc_gagg_oe,5,4,0,37,139,0
396,12,8,1,18.9,2.1,-13.0,1,K9,K9_V1_PROXY,even,even,mc_k9_ee,6,4,0,38,,
397,13,8,1,23.1,2.1,-13.0,0,GAGG,GAGG,odd,even,mc_gagg_oe,6,4,0,38,141,0
398,14,8,1,27.3,2.1,-13.0,1,K9,K9_V1_PROXY,even,even,mc_k9_ee,7,4,0,39,,
399,15,8,1,31.5,2.1,-13.0,0,GAGG,GAGG,odd,even,mc_gagg_oe,7,4,0,39,143,0
400,0,9,1,-31.5,6.3,-13.0,0,GAGG,GAGG,even,odd,mc_gagg_eo,0,4,0,32,144,0
401,1,9,1,-27.3,6.3,-13.0,1,K9,K9_V1_PROXY,odd,odd,mc_k9_oo,0,4,0,32,,
402,2,9,1,-23.1,6.3,-13.0,0,GAGG,GAGG,even,odd,mc_gagg_eo,1,4,0,33,146,0
403,3,9,1,-18.9,6.3,-13.0,1,K9,K9_V1_PROXY,odd,odd,mc_k9_oo,1,4,0,33,,
404,4,9,1,-14.7,6.3,-13.0,0,GAGG,GAGG,even,odd,mc_gagg_eo,2,4,0,34,148,0
405,5,9,1,-10.5,6.3,-13.0,1,K9,K9_V1_PROXY,odd,odd,mc_k9_oo,2,4,0,34,,
406,6,9,1,-6.3,6.3,-13.0,0,GAGG,GAGG,even,odd,mc_gagg_eo,3,4,0,35,150,0
407,7,9,1,-2.1,6.3,-13.0,1,K9,K9_V1_PROXY,odd,odd,mc_k9_oo,3,4,0,35,,
408,8,9,1,2.1,6.3,-13.0,0,GAGG,GAGG,even,odd,mc_gagg_eo,4,4,0,36,152,0
409,9,9,1,6.3,6.3,-13.0,1,K9,K9_V1_PROXY,odd,odd,mc_k9_oo,4,4,0,36,,
410,10,9,1,10.5,6.3,-13.0,0,GAGG,GAGG,even,odd,mc_gagg_eo,5,4,0,37,154,0
411,11,9,1,14.7,6.3,-13.0,1,K9,K9_V1_PROXY,odd,odd,mc_k9_oo,5,4,0,37,,
412,12,9,1,18.9,6.3,-13.0,0,GAGG,GAGG,even,odd,mc_gagg_eo,6,4,0,38,156,0
413,13,9,1,23.1,6.3,-13.0,1,K9,K9_V1_PROXY,odd,odd,mc_k9_oo,6,4,0,38,,
414,14,9,1,27.3,6.3,-13.0,0,GAGG,GAGG,even,odd,mc_gagg_eo,7,4,0,39,158,0
415,15,9,1,31.5,6.3,-13.0,1,K9,K9_V1_PROXY,odd,odd,mc_k9_oo,7,4,0,39,,
416,0,10,1,-31.5,10.5,-13.0,1,K9,K9_V1_PROXY,even,even,mc_k9_ee,0,5,0,40,,
417,1,10,1,-27.3,10.5,-13.0,0,GAGG,GAGG,odd,even,mc_gagg_oe,0,5,0,40,161,0
418,2,10,1,-23.1,10.5,-13.0,1,K9,K9_V1_PROXY,even,even,mc_k9_ee,1,5,0,41,,
419,3,10,1,-18.9,10.5,-13.0,0,GAGG,GAGG,odd,even,mc_gagg_oe,1,5,0,41,163,0
420,4,10,1,-14.7,10.5,-13.0,1,K9,K9_V1_PROXY,even,even,mc_k9_ee,2,5,0,42,,
421,5,10,1,-10.5,10.5,-13.0,0,GAGG,GAGG,odd,even,mc_gagg_oe,2,5,0,42,165,0
422,6,10,1,-6.3,10.5,-13.0,1,K9,K9_V1_PROXY,even,even,mc_k9_ee,3,5,0,43,,
423,7,10,1,-2.1,10.5,-13.0,0,GAGG,GAGG,odd,even,mc_gagg_oe,3,5,0,43,167,0
424,8,10,1,2.1,10.5,-13.0,1,K9,K9_V1_PROXY,even,even,mc_k9_ee,4,5,0,44,,
425,9,10,1,6.3,10.5,-13.0,0,GAGG,GAGG,odd,even,mc_gagg_oe,4,5,0,44,169,0
426,10,10,1,10.5,10.5,-13.0,1,K9,K9_V1_PROXY,even,even,mc_k9_ee,5,5,0,45,,
427,11,10,1,14.7,10.5,-13.0,0,GAGG,GAGG,odd,even,mc_gagg_oe,5,5,0,45,171,0
428,12,10,1,18.9,10.5,-13.0,1,K9,K9_V1_PROXY,even,even,mc_k9_ee,6,5,0,46,,
429,13,10,1,23.1,10.5,-13.0,0,GAGG,GAGG,odd,even,mc_gagg_oe,6,5,0,46,173,0
430,14,10,1,27.3,10.5,-13.0,1,K9,K9_V1_PROXY,even,even,mc_k9_ee,7,5,0,47,,
431,15,10,1,31.5,10.5,-13.0,0,GAGG,GAGG,odd,even,mc_gagg_oe,7,5,0,47,175,0
432,0,11,1,-31.5,14.7,-13.0,0,GAGG,GAGG,even,odd,mc_gagg_eo,0,5,0,40,176,0
433,1,11,1,-27.3,14.7,-13.0,1,K9,K9_V1_PROXY,odd,odd,mc_k9_oo,0,5,0,40,,
434,2,11,1,-23.1,14.7,-13.0,0,GAGG,GAGG,even,odd,mc_gagg_eo,1,5,0,41,178,0
435,3,11,1,-18.9,14.7,-13.0,1,K9,K9_V1_PROXY,odd,odd,mc_k9_oo,1,5,0,41,,
436,4,11,1,-14.7,14.7,-13.0,0,GAGG,GAGG,even,odd,mc_gagg_eo,2,5,0,42,180,0
437,5,11,1,-10.5,14.7,-13.0,1,K9,K9_V1_PROXY,odd,odd,mc_k9_oo,2,5,0,42,,
438,6,11,1,-6.3,14.7,-13.0,0,GAGG,GAGG,even,odd,mc_gagg_eo,3,5,0,43,182,0
439,7,11,1,-2.1,14.7,-13.0,1,K9,K9_V1_PROXY,odd,odd,mc_k9_oo,3,5,0,43,,
440,8,11,1,2.1,14.7,-13.0,0,GAGG,GAGG,even,odd,mc_gagg_eo,4,5,0,44,184,0
441,9,11,1,6.3,14.7,-13.0,1,K9,K9_V1_PROXY,odd,odd,mc_k9_oo,4,5,0,44,,
442,10,11,1,10.5,14.7,-13.0,0,GAGG,GAGG,even,odd,mc_gagg_eo,5,5,0,45,186,0
443,11,11,1,14.7,14.7,-13.0,1,K9,K9_V1_PROXY,odd,odd,mc_k9_oo,5,5,0,45,,
444,12,11,1,18.9,14.7,-13.0,0,GAGG,GAGG,even,odd,mc_gagg_eo,6,5,0,46,188,0
445,13,11,1,23.1,14.7,-13.0,1,K9,K9_V1_PROXY,odd,odd,mc_k9_oo,6,5,0,46,,
446,14,11,1,27.3,14.7,-13.0,0,GAGG,GAGG,even,odd,mc_gagg_eo,7,5,0,47,190,0
447,15,11,1,31.5,14.7,-13.0,1,K9,K9_V1_PROXY,odd,odd,mc_k9_oo,7,5,0,47,,
448,0,12,1,-31.5,18.9,-13.0,1,K9,K9_V1_PROXY,even,even,mc_k9_ee,0,6,0,48,,
449,1,12,1,-27.3,18.9,-13.0,0,GAGG,GAGG,odd,even,mc_gagg_oe,0,6,0,48,193,0
450,2,12,1,-23.1,18.9,-13.0,1,K9,K9_V1_PROXY,even,even,mc_k9_ee,1,6,0,49,,
451,3,12,1,-18.9,18.9,-13.0,0,GAGG,GAGG,odd,even,mc_gagg_oe,1,6,0,49,195,0
452,4,12,1,-14.7,18.9,-13.0,1,K9,K9_V1_PROXY,even,even,mc_k9_ee,2,6,0,50,,
453,5,12,1,-10.5,18.9,-13.0,0,GAGG,GAGG,odd,even,mc_gagg_oe,2,6,0,50,197,0
454,6,12,1,-6.3,18.9,-13.0,1,K9,K9_V1_PROXY,even,even,mc_k9_ee,3,6,0,51,,
455,7,12,1,-2.1,18.9,-13.0,0,GAGG,GAGG,odd,even,mc_gagg_oe,3,6,0,51,199,0
456,8,12,1,2.1,18.9,-13.0,1,K9,K9_V1_PROXY,even,even,mc_k9_ee,4,6,0,52,,
457,9,12,1,6.3,18.9,-13.0,0,GAGG,GAGG,odd,even,mc_gagg_oe,4,6,0,52,201,0
458,10,12,1,10.5,18.9,-13.0,1,K9,K9_V1_PROXY,even,even,mc_k9_ee,5,6,0,53,,
459,11,12,1,14.7,18.9,-13.0,0,GAGG,GAGG,odd,even,mc_gagg_oe,5,6,0,53,203,0
460,12,12,1,18.9,18.9,-13.0,1,K9,K9_V1_PROXY,even,even,mc_k9_ee,6,6,0,54,,
461,13,12,1,23.1,18.9,-13.0,0,GAGG,GAGG,odd,even,mc_gagg_oe,6,6,0,54,205,0
462,14,12,1,27.3,18.9,-13.0,1,K9,K9_V1_PROXY,even,even,mc_k9_ee,7,6,0,55,,
463,15,12,1,31.5,18.9,-13.0,0,GAGG,GAGG,odd,even,mc_gagg_oe,7,6,0,55,207,0
464,0,13,1,-31.5,23.1,-13.0,0,GAGG,GAGG,even,odd,mc_gagg_eo,0,6,0,48,208,0
465,1,13,1,-27.3,23.1,-13.0,1,K9,K9_V1_PROXY,odd,odd,mc_k9_oo,0,6,0,48,,
466,2,13,1,-23.1,23.1,-13.0,0,GAGG,GAGG,even,odd,mc_gagg_eo,1,6,0,49,210,0
467,3,13,1,-18.9,23.1,-13.0,1,K9,K9_V1_PROXY,odd,odd,mc_k9_oo,1,6,0,49,,
468,4,13,1,-14.7,23.1,-13.0,0,GAGG,GAGG,even,odd,mc_gagg_eo,2,6,0,50,212,0
469,5,13,1,-10.5,23.1,-13.0,1,K9,K9_V1_PROXY,odd,odd,mc_k9_oo,2,6,0,50,,
470,6,13,1,-6.3,23.1,-13.0,0,GAGG,GAGG,even,odd,mc_gagg_eo,3,6,0,51,214,0
471,7,13,1,-2.1,23.1,-13.0,1,K9,K9_V1_PROXY,odd,odd,mc_k9_oo,3,6,0,51,,
472,8,13,1,2.1,23.1,-13.0,0,GAGG,GAGG,even,odd,mc_gagg_eo,4,6,0,52,216,0
473,9,13,1,6.3,23.1,-13.0,1,K9,K9_V1_PROXY,odd,odd,mc_k9_oo,4,6,0,52,,
474,10,13,1,10.5,23.1,-13.0,0,GAGG,GAGG,even,odd,mc_gagg_eo,5,6,0,53,218,0
475,11,13,1,14.7,23.1,-13.0,1,K9,K9_V1_PROXY,odd,odd,mc_k9_oo,5,6,0,53,,
476,12,13,1,18.9,23.1,-13.0,0,GAGG,GAGG,even,odd,mc_gagg_eo,6,6,0,54,220,0
477,13,13,1,23.1,23.1,-13.0,1,K9,K9_V1_PROXY,odd,odd,mc_k9_oo,6,6,0,54,,
478,14,13,1,27.3,23.1,-13.0,0,GAGG,GAGG,even,odd,mc_gagg_eo,7,6,0,55,222,0
479,15,13,1,31.5,23.1,-13.0,1,K9,K9_V1_PROXY,odd,odd,mc_k9_oo,7,6,0,55,,
480,0,14,1,-31.5,27.3,-13.0,1,K9,K9_V1_PROXY,even,even,mc_k9_ee,0,7,0,56,,
481,1,14,1,-27.3,27.3,-13.0,0,GAGG,GAGG,odd,even,mc_gagg_oe,0,7,0,56,225,0
482,2,14,1,-23.1,27.3,-13.0,1,K9,K9_V1_PROXY,even,even,mc_k9_ee,1,7,0,57,,
483,3,14,1,-18.9,27.3,-13.0,0,GAGG,GAGG,odd,even,mc_gagg_oe,1,7,0,57,227,0
484,4,14,1,-14.7,27.3,-13.0,1,K9,K9_V1_PROXY,even,even,mc_k9_ee,2,7,0,58,,
485,5,14,1,-10.5,27.3,-13.0,0,GAGG,GAGG,odd,even,mc_gagg_oe,2,7,0,58,229,0
486,6,14,1,-6.3,27.3,-13.0,1,K9,K9_V1_PROXY,even,even,mc_k9_ee,3,7,0,59,,
487,7,14,1,-2.1,27.3,-13.0,0,GAGG,GAGG,odd,even,mc_gagg_oe,3,7,0,59,231,0
488,8,14,1,2.1,27.3,-13.0,1,K9,K9_V1_PROXY,even,even,mc_k9_ee,4,7,0,60,,
489,9,14,1,6.3,27.3,-13.0,0,GAGG,GAGG,odd,even,mc_gagg_oe,4,7,0,60,233,0
490,10,14,1,10.5,27.3,-13.0,1,K9,K9_V1_PROXY,even,even,mc_k9_ee,5,7,0,61,,
491,11,14,1,14.7,27.3,-13.0,0,GAGG,GAGG,odd,even,mc_gagg_oe,5,7,0,61,235,0
492,12,14,1,18.9,27.3,-13.0,1,K9,K9_V1_PROXY,even,even,mc_k9_ee,6,7,0,62,,
493,13,14,1,23.1,27.3,-13.0,0,GAGG,GAGG,odd,even,mc_gagg_oe,6,7,0,62,237,0
494,14,14,1,27.3,27.3,-13.0,1,K9,K9_V1_PROXY,even,even,mc_k9_ee,7,7,0,63,,
495,15,14,1,31.5,27.3,-13.0,0,GAGG,GAGG,odd,even,mc_gagg_oe,7,7,0,63,239,0
496,0,15,1,-31.5,31.5,-13.0,0,GAGG,GAGG,even,odd,mc_gagg_eo,0,7,0,56,240,0
497,1,15,1,-27.3,31.5,-13.0,1,K9,K9_V1_PROXY,odd,odd,mc_k9_oo,0,7,0,56,,
498,2,15,1,-23.1,31.5,-13.0,0,GAGG,GAGG,even,odd,mc_gagg_eo,1,7,0,57,242,0
499,3,15,1,-18.9,31.5,-13.0,1,K9,K9_V1_PROXY,odd,odd,mc_k9_oo,1,7,0,57,,
500,4,15,1,-14.7,31.5,-13.0,0,GAGG,GAGG,even,odd,mc_gagg_eo,2,7,0,58,244,0
501,5,15,1,-10.5,31.5,-13.0,1,K9,K9_V1_PROXY,odd,odd,mc_k9_oo,2,7,0,58,,
502,6,15,1,-6.3,31.5,-13.0,0,GAGG,GAGG,even,odd,mc_gagg_eo,3,7,0,59,246,0
503,7,15,1,-2.1,31.5,-13.0,1,K9,K9_V1_PROXY,odd,odd,mc_k9_oo,3,7,0,59,,
504,8,15,1,2.1,31.5,-13.0,0,GAGG,GAGG,even,odd,mc_gagg_eo,4,7,0,60,248,0
505,9,15,1,6.3,31.5,-13.0,1,K9,K9_V1_PROXY,odd,odd,mc_k9_oo,4,7,0,60,,
506,10,15,1,10.5,31.5,-13.0,0,GAGG,GAGG,even,odd,mc_gagg_eo,5,7,0,61,250,0
507,11,15,1,14.7,31.5,-13.0,1,K9,K9_V1_PROXY,odd,odd,mc_k9_oo,5,7,0,61,,
508,12,15,1,18.9,31.5,-13.0,0,GAGG,GAGG,even,odd,mc_gagg_eo,6,7,0,62,252,0
509,13,15,1,23.1,31.5,-13.0,1,K9,K9_V1_PROXY,odd,odd,mc_k9_oo,6,7,0,62,,
510,14,15,1,27.3,31.5,-13.0,0,GAGG,GAGG,even,odd,mc_gagg_eo,7,7,0,63,254,0
511,15,15,1,31.5,31.5,-13.0,1,K9,K9_V1_PROXY,odd,odd,mc_k9_oo,7,7,0,63,,
512,0,0,2,-31.5,-31.5,-11.0,0,GAGG,GAGG,even,even,mc_gagg_ee,0,0,1,64,256,1
513,1,0,2,-27.3,-31.5,-11.0,1,K9,K9_V1_PROXY,odd,even,mc_k9_oe,0,0,1,64,,
514,2,0,2,-23.1,-31.5,-11.0,0,GAGG,GAGG,even,even,mc_gagg_ee,1,0,1,65,258,1
515,3,0,2,-18.9,-31.5,-11.0,1,K9,K9_V1_PROXY,odd,even,mc_k9_oe,1,0,1,65,,
516,4,0,2,-14.7,-31.5,-11.0,0,GAGG,GAGG,even,even,mc_gagg_ee,2,0,1,66,260,1
517,5,0,2,-10.5,-31.5,-11.0,1,K9,K9_V1_PROXY,odd,even,mc_k9_oe,2,0,1,66,,
518,6,0,2,-6.3,-31.5,-11.0,0,GAGG,GAGG,even,even,mc_gagg_ee,3,0,1,67,262,1
519,7,0,2,-2.1,-31.5,-11.0,1,K9,K9_V1_PROXY,odd,even,mc_k9_oe,3,0,1,67,,
520,8,0,2,2.1,-31.5,-11.0,0,GAGG,GAGG,even,even,mc_gagg_ee,4,0,1,68,264,1
521,9,0,2,6.3,-31.5,-11.0,1,K9,K9_V1_PROXY,odd,even,mc_k9_oe,4,0,1,68,,
522,10,0,2,10.5,-31.5,-11.0,0,GAGG,GAGG,even,even,mc_gagg_ee,5,0,1,69,266,1
523,11,0,2,14.7,-31.5,-11.0,1,K9,K9_V1_PROXY,odd,even,mc_k9_oe,5,0,1,69,,
524,12,0,2,18.9,-31.5,-11.0,0,GAGG,GAGG,even,even,mc_gagg_ee,6,0,1,70,268,1
525,13,0,2,23.1,-31.5,-11.0,1,K9,K9_V1_PROXY,odd,even,mc_k9_oe,6,0,1,70,,
526,14,0,2,27.3,-31.5,-11.0,0,GAGG,GAGG,even,even,mc_gagg_ee,7,0,1,71,270,1
527,15,0,2,31.5,-31.5,-11.0,1,K9,K9_V1_PROXY,odd,even,mc_k9_oe,7,0,1,71,,
528,0,1,2,-31.5,-27.3,-11.0,1,K9,K9_V1_PROXY,even,odd,mc_k9_eo,0,0,1,64,,
529,1,1,2,-27.3,-27.3,-11.0,0,GAGG,GAGG,odd,odd,mc_gagg_oo,0,0,1,64,273,1
530,2,1,2,-23.1,-27.3,-11.0,1,K9,K9_V1_PROXY,even,odd,mc_k9_eo,1,0,1,65,,
531,3,1,2,-18.9,-27.3,-11.0,0,GAGG,GAGG,odd,odd,mc_gagg_oo,1,0,1,65,275,1
532,4,1,2,-14.7,-27.3,-11.0,1,K9,K9_V1_PROXY,even,odd,mc_k9_eo,2,0,1,66,,
533,5,1,2,-10.5,-27.3,-11.0,0,GAGG,GAGG,odd,odd,mc_gagg_oo,2,0,1,66,277,1
534,6,1,2,-6.3,-27.3,-11.0,1,K9,K9_V1_PROXY,even,odd,mc_k9_eo,3,0,1,67,,
535,7,1,2,-2.1,-27.3,-11.0,0,GAGG,GAGG,odd,odd,mc_gagg_oo,3,0,1,67,279,1
536,8,1,2,2.1,-27.3,-11.0,1,K9,K9_V1_PROXY,even,odd,mc_k9_eo,4,0,1,68,,
537,9,1,2,6.3,-27.3,-11.0,0,GAGG,GAGG,odd,odd,mc_gagg_oo,4,0,1,68,281,1
538,10,1,2,10.5,-27.3,-11.0,1,K9,K9_V1_PROXY,even,odd,mc_k9_eo,5,0,1,69,,
539,11,1,2,14.7,-27.3,-11.0,0,GAGG,GAGG,odd,odd,mc_gagg_oo,5,0,1,69,283,1
540,12,1,2,18.9,-27.3,-11.0,1,K9,K9_V1_PROXY,even,odd,mc_k9_eo,6,0,1,70,,
541,13,1,2,23.1,-27.3,-11.0,0,GAGG,GAGG,odd,odd,mc_gagg_oo,6,0,1,70,285,1
542,14,1,2,27.3,-27.3,-11.0,1,K9,K9_V1_PROXY,even,odd,mc_k9_eo,7,0,1,71,,
543,15,1,2,31.5,-27.3,-11.0,0,GAGG,GAGG,odd,odd,mc_gagg_oo,7,0,1,71,287,1
544,0,2,2,-31.5,-23.1,-11.0,0,GAGG,GAGG,even,even,mc_gagg_ee,0,1,1,72,288,1
545,1,2,2,-27.3,-23.1,-11.0,1,K9,K9_V1_PROXY,odd,even,mc_k9_oe,0,1,1,72,,
546,2,2,2,-23.1,-23.1,-11.0,0,GAGG,GAGG,even,even,mc_gagg_ee,1,1,1,73,290,1
547,3,2,2,-18.9,-23.1,-11.0,1,K9,K9_V1_PROXY,odd,even,mc_k9_oe,1,1,1,73,,
548,4,2,2,-14.7,-23.1,-11.0,0,GAGG,GAGG,even,even,mc_gagg_ee,2,1,1,74,292,1
549,5,2,2,-10.5,-23.1,-11.0,1,K9,K9_V1_PROXY,odd,even,mc_k9_oe,2,1,1,74,,
550,6,2,2,-6.3,-23.1,-11.0,0,GAGG,GAGG,even,even,mc_gagg_ee,3,1,1,75,294,1
551,7,2,2,-2.1,-23.1,-11.0,1,K9,K9_V1_PROXY,odd,even,mc_k9_oe,3,1,1,75,,
552,8,2,2,2.1,-23.1,-11.0,0,GAGG,GAGG,even,even,mc_gagg_ee,4,1,1,76,296,1
553,9,2,2,6.3,-23.1,-11.0,1,K9,K9_V1_PROXY,odd,even,mc_k9_oe,4,1,1,76,,
554,10,2,2,10.5,-23.1,-11.0,0,GAGG,GAGG,even,even,mc_gagg_ee,5,1,1,77,298,1
555,11,2,2,14.7,-23.1,-11.0,1,K9,K9_V1_PROXY,odd,even,mc_k9_oe,5,1,1,77,,
556,12,2,2,18.9,-23.1,-11.0,0,GAGG,GAGG,even,even,mc_gagg_ee,6,1,1,78,300,1
557,13,2,2,23.1,-23.1,-11.0,1,K9,K9_V1_PROXY,odd,even,mc_k9_oe,6,1,1,78,,
558,14,2,2,27.3,-23.1,-11.0,0,GAGG,GAGG,even,even,mc_gagg_ee,7,1,1,79,302,1
559,15,2,2,31.5,-23.1,-11.0,1,K9,K9_V1_PROXY,odd,even,mc_k9_oe,7,1,1,79,,
560,0,3,2,-31.5,-18.9,-11.0,1,K9,K9_V1_PROXY,even,odd,mc_k9_eo,0,1,1,72,,
561,1,3,2,-27.3,-18.9,-11.0,0,GAGG,GAGG,odd,odd,mc_gagg_oo,0,1,1,72,305,1
562,2,3,2,-23.1,-18.9,-11.0,1,K9,K9_V1_PROXY,even,odd,mc_k9_eo,1,1,1,73,,
563,3,3,2,-18.9,-18.9,-11.0,0,GAGG,GAGG,odd,odd,mc_gagg_oo,1,1,1,73,307,1
564,4,3,2,-14.7,-18.9,-11.0,1,K9,K9_V1_PROXY,even,odd,mc_k9_eo,2,1,1,74,,
565,5,3,2,-10.5,-18.9,-11.0,0,GAGG,GAGG,odd,odd,mc_gagg_oo,2,1,1,74,309,1
566,6,3,2,-6.3,-18.9,-11.0,1,K9,K9_V1_PROXY,even,odd,mc_k9_eo,3,1,1,75,,
567,7,3,2,-2.1,-18.9,-11.0,0,GAGG,GAGG,odd,odd,mc_gagg_oo,3,1,1,75,311,1
568,8,3,2,2.1,-18.9,-11.0,1,K9,K9_V1_PROXY,even,odd,mc_k9_eo,4,1,1,76,,
569,9,3,2,6.3,-18.9,-11.0,0,GAGG,GAGG,odd,odd,mc_gagg_oo,4,1,1,76,313,1
570,10,3,2,10.5,-18.9,-11.0,1,K9,K9_V1_PROXY,even,odd,mc_k9_eo,5,1,1,77,,
571,11,3,2,14.7,-18.9,-11.0,0,GAGG,GAGG,odd,odd,mc_gagg_oo,5,1,1,77,315,1
572,12,3,2,18.9,-18.9,-11.0,1,K9,K9_V1_PROXY,even,odd,mc_k9_eo,6,1,1,78,,
573,13,3,2,23.1,-18.9,-11.0,0,GAGG,GAGG,odd,odd,mc_gagg_oo,6,1,1,78,317,1
574,14,3,2,27.3,-18.9,-11.0,1,K9,K9_V1_PROXY,even,odd,mc_k9_eo,7,1,1,79,,
575,15,3,2,31.5,-18.9,-11.0,0,GAGG,GAGG,odd,odd,mc_gagg_oo,7,1,1,79,319,1
576,0,4,2,-31.5,-14.7,-11.0,0,GAGG,GAGG,even,even,mc_gagg_ee,0,2,1,80,320,1
577,1,4,2,-27.3,-14.7,-11.0,1,K9,K9_V1_PROXY,odd,even,mc_k9_oe,0,2,1,80,,
578,2,4,2,-23.1,-14.7,-11.0,0,GAGG,GAGG,even,even,mc_gagg_ee,1,2,1,81,322,1
579,3,4,2,-18.9,-14.7,-11.0,1,K9,K9_V1_PROXY,odd,even,mc_k9_oe,1,2,1,81,,
580,4,4,2,-14.7,-14.7,-11.0,0,GAGG,GAGG,even,even,mc_gagg_ee,2,2,1,82,324,1
581,5,4,2,-10.5,-14.7,-11.0,1,K9,K9_V1_PROXY,odd,even,mc_k9_oe,2,2,1,82,,
582,6,4,2,-6.3,-14.7,-11.0,0,GAGG,GAGG,even,even,mc_gagg_ee,3,2,1,83,326,1
583,7,4,2,-2.1,-14.7,-11.0,1,K9,K9_V1_PROXY,odd,even,mc_k9_oe,3,2,1,83,,
584,8,4,2,2.1,-14.7,-11.0,0,GAGG,GAGG,even,even,mc_gagg_ee,4,2,1,84,328,1
585,9,4,2,6.3,-14.7,-11.0,1,K9,K9_V1_PROXY,odd,even,mc_k9_oe,4,2,1,84,,
586,10,4,2,10.5,-14.7,-11.0,0,GAGG,GAGG,even,even,mc_gagg_ee,5,2,1,85,330,1
587,11,4,2,14.7,-14.7,-11.0,1,K9,K9_V1_PROXY,odd,even,mc_k9_oe,5,2,1,85,,
588,12,4,2,18.9,-14.7,-11.0,0,GAGG,GAGG,even,even,mc_gagg_ee,6,2,1,86,332,1
589,13,4,2,23.1,-14.7,-11.0,1,K9,K9_V1_PROXY,odd,even,mc_k9_oe,6,2,1,86,,
590,14,4,2,27.3,-14.7,-11.0,0,GAGG,GAGG,even,even,mc_gagg_ee,7,2,1,87,334,1
591,15,4,2,31.5,-14.7,-11.0,1,K9,K9_V1_PROXY,odd,even,mc_k9_oe,7,2,1,87,,
592,0,5,2,-31.5,-10.5,-11.0,1,K9,K9_V1_PROXY,even,odd,mc_k9_eo,0,2,1,80,,
593,1,5,2,-27.3,-10.5,-11.0,0,GAGG,GAGG,odd,odd,mc_gagg_oo,0,2,1,80,337,1
594,2,5,2,-23.1,-10.5,-11.0,1,K9,K9_V1_PROXY,even,odd,mc_k9_eo,1,2,1,81,,
595,3,5,2,-18.9,-10.5,-11.0,0,GAGG,GAGG,odd,odd,mc_gagg_oo,1,2,1,81,339,1
596,4,5,2,-14.7,-10.5,-11.0,1,K9,K9_V1_PROXY,even,odd,mc_k9_eo,2,2,1,82,,
597,5,5,2,-10.5,-10.5,-11.0,0,GAGG,GAGG,odd,odd,mc_gagg_oo,2,2,1,82,341,1
598,6,5,2,-6.3,-10.5,-11.0,1,K9,K9_V1_PROXY,even,odd,mc_k9_eo,3,2,1,83,,
599,7,5,2,-2.1,-10.5,-11.0,0,GAGG,GAGG,odd,odd,mc_gagg_oo,3,2,1,83,343,1
600,8,5,2,2.1,-10.5,-11.0,1,K9,K9_V1_PROXY,even,odd,mc_k9_eo,4,2,1,84,,
601,9,5,2,6.3,-10.5,-11.0,0,GAGG,GAGG,odd,odd,mc_gagg_oo,4,2,1,84,345,1
602,10,5,2,10.5,-10.5,-11.0,1,K9,K9_V1_PROXY,even,odd,mc_k9_eo,5,2,1,85,,
603,11,5,2,14.7,-10.5,-11.0,0,GAGG,GAGG,odd,odd,mc_gagg_oo,5,2,1,85,347,1
604,12,5,2,18.9,-10.5,-11.0,1,K9,K9_V1_PROXY,even,odd,mc_k9_eo,6,2,1,86,,
605,13,5,2,23.1,-10.5,-11.0,0,GAGG,GAGG,odd,odd,mc_gagg_oo,6,2,1,86,349,1
606,14,5,2,27.3,-10.5,-11.0,1,K9,K9_V1_PROXY,even,odd,mc_k9_eo,7,2,1,87,,
607,15,5,2,31.5,-10.5,-11.0,0,GAGG,GAGG,odd,odd,mc_gagg_oo,7,2,1,87,351,1
608,0,6,2,-31.5,-6.3,-11.0,0,GAGG,GAGG,even,even,mc_gagg_ee,0,3,1,88,352,1
609,1,6,2,-27.3,-6.3,-11.0,1,K9,K9_V1_PROXY,odd,even,mc_k9_oe,0,3,1,88,,
610,2,6,2,-23.1,-6.3,-11.0,0,GAGG,GAGG,even,even,mc_gagg_ee,1,3,1,89,354,1
611,3,6,2,-18.9,-6.3,-11.0,1,K9,K9_V1_PROXY,odd,even,mc_k9_oe,1,3,1,89,,
612,4,6,2,-14.7,-6.3,-11.0,0,GAGG,GAGG,even,even,mc_gagg_ee,2,3,1,90,356,1
613,5,6,2,-10.5,-6.3,-11.0,1,K9,K9_V1_PROXY,odd,even,mc_k9_oe,2,3,1,90,,
614,6,6,2,-6.3,-6.3,-11.0,0,GAGG,GAGG,even,even,mc_gagg_ee,3,3,1,91,358,1
615,7,6,2,-2.1,-6.3,-11.0,1,K9,K9_V1_PROXY,odd,even,mc_k9_oe,3,3,1,91,,
616,8,6,2,2.1,-6.3,-11.0,0,GAGG,GAGG,even,even,mc_gagg_ee,4,3,1,92,360,1
617,9,6,2,6.3,-6.3,-11.0,1,K9,K9_V1_PROXY,odd,even,mc_k9_oe,4,3,1,92,,
618,10,6,2,10.5,-6.3,-11.0,0,GAGG,GAGG,even,even,mc_gagg_ee,5,3,1,93,362,1
619,11,6,2,14.7,-6.3,-11.0,1,K9,K9_V1_PROXY,odd,even,mc_k9_oe,5,3,1,93,,
620,12,6,2,18.9,-6.3,-11.0,0,GAGG,GAGG,even,even,mc_gagg_ee,6,3,1,94,364,1
621,13,6,2,23.1,-6.3,-11.0,1,K9,K9_V1_PROXY,odd,even,mc_k9_oe,6,3,1,94,,
622,14,6,2,27.3,-6.3,-11.0,0,GAGG,GAGG,even,even,mc_gagg_ee,7,3,1,95,366,1
623,15,6,2,31.5,-6.3,-11.0,1,K9,K9_V1_PROXY,odd,even,mc_k9_oe,7,3,1,95,,
624,0,7,2,-31.5,-2.1,-11.0,1,K9,K9_V1_PROXY,even,odd,mc_k9_eo,0,3,1,88,,
625,1,7,2,-27.3,-2.1,-11.0,0,GAGG,GAGG,odd,odd,mc_gagg_oo,0,3,1,88,369,1
626,2,7,2,-23.1,-2.1,-11.0,1,K9,K9_V1_PROXY,even,odd,mc_k9_eo,1,3,1,89,,
627,3,7,2,-18.9,-2.1,-11.0,0,GAGG,GAGG,odd,odd,mc_gagg_oo,1,3,1,89,371,1
628,4,7,2,-14.7,-2.1,-11.0,1,K9,K9_V1_PROXY,even,odd,mc_k9_eo,2,3,1,90,,
629,5,7,2,-10.5,-2.1,-11.0,0,GAGG,GAGG,odd,odd,mc_gagg_oo,2,3,1,90,373,1
630,6,7,2,-6.3,-2.1,-11.0,1,K9,K9_V1_PROXY,even,odd,mc_k9_eo,3,3,1,91,,
631,7,7,2,-2.1,-2.1,-11.0,0,GAGG,GAGG,odd,odd,mc_gagg_oo,3,3,1,91,375,1
632,8,7,2,2.1,-2.1,-11.0,1,K9,K9_V1_PROXY,even,odd,mc_k9_eo,4,3,1,92,,
633,9,7,2,6.3,-2.1,-11.0,0,GAGG,GAGG,odd,odd,mc_gagg_oo,4,3,1,92,377,1
634,10,7,2,10.5,-2.1,-11.0,1,K9,K9_V1_PROXY,even,odd,mc_k9_eo,5,3,1,93,,
635,11,7,2,14.7,-2.1,-11.0,0,GAGG,GAGG,odd,odd,mc_gagg_oo,5,3,1,93,379,1
636,12,7,2,18.9,-2.1,-11.0,1,K9,K9_V1_PROXY,even,odd,mc_k9_eo,6,3,1,94,,
637,13,7,2,23.1,-2.1,-11.0,0,GAGG,GAGG,odd,odd,mc_gagg_oo,6,3,1,94,381,1
638,14,7,2,27.3,-2.1,-11.0,1,K9,K9_V1_PROXY,even,odd,mc_k9_eo,7,3,1,95,,
639,15,7,2,31.5,-2.1,-11.0,0,GAGG,GAGG,odd,odd,mc_gagg_oo,7,3,1,95,383,1
640,0,8,2,-31.5,2.1,-11.0,0,GAGG,GAGG,even,even,mc_gagg_ee,0,4,1,96,384,1
641,1,8,2,-27.3,2.1,-11.0,1,K9,K9_V1_PROXY,odd,even,mc_k9_oe,0,4,1,96,,
642,2,8,2,-23.1,2.1,-11.0,0,GAGG,GAGG,even,even,mc_gagg_ee,1,4,1,97,386,1
643,3,8,2,-18.9,2.1,-11.0,1,K9,K9_V1_PROXY,odd,even,mc_k9_oe,1,4,1,97,,
644,4,8,2,-14.7,2.1,-11.0,0,GAGG,GAGG,even,even,mc_gagg_ee,2,4,1,98,388,1
645,5,8,2,-10.5,2.1,-11.0,1,K9,K9_V1_PROXY,odd,even,mc_k9_oe,2,4,1,98,,
646,6,8,2,-6.3,2.1,-11.0,0,GAGG,GAGG,even,even,mc_gagg_ee,3,4,1,99,390,1
647,7,8,2,-2.1,2.1,-11.0,1,K9,K9_V1_PROXY,odd,even,mc_k9_oe,3,4,1,99,,
648,8,8,2,2.1,2.1,-11.0,0,GAGG,GAGG,even,even,mc_gagg_ee,4,4,1,100,392,1
649,9,8,2,6.3,2.1,-11.0,1,K9,K9_V1_PROXY,odd,even,mc_k9_oe,4,4,1,100,,
650,10,8,2,10.5,2.1,-11.0,0,GAGG,GAGG,even,even,mc_gagg_ee,5,4,1,101,394,1
651,11,8,2,14.7,2.1,-11.0,1,K9,K9_V1_PROXY,odd,even,mc_k9_oe,5,4,1,101,,
652,12,8,2,18.9,2.1,-11.0,0,GAGG,GAGG,even,even,mc_gagg_ee,6,4,1,102,396,1
653,13,8,2,23.1,2.1,-11.0,1,K9,K9_V1_PROXY,odd,even,mc_k9_oe,6,4,1,102,,
654,14,8,2,27.3,2.1,-11.0,0,GAGG,GAGG,even,even,mc_gagg_ee,7,4,1,103,398,1
655,15,8,2,31.5,2.1,-11.0,1,K9,K9_V1_PROXY,odd,even,mc_k9_oe,7,4,1,103,,
656,0,9,2,-31.5,6.3,-11.0,1,K9,K9_V1_PROXY,even,odd,mc_k9_eo,0,4,1,96,,
657,1,9,2,-27.3,6.3,-11.0,0,GAGG,GAGG,odd,odd,mc_gagg_oo,0,4,1,96,401,1
658,2,9,2,-23.1,6.3,-11.0,1,K9,K9_V1_PROXY,even,odd,mc_k9_eo,1,4,1,97,,
659,3,9,2,-18.9,6.3,-11.0,0,GAGG,GAGG,odd,odd,mc_gagg_oo,1,4,1,97,403,1
660,4,9,2,-14.7,6.3,-11.0,1,K9,K9_V1_PROXY,even,odd,mc_k9_eo,2,4,1,98,,
661,5,9,2,-10.5,6.3,-11.0,0,GAGG,GAGG,odd,odd,mc_gagg_oo,2,4,1,98,405,1
662,6,9,2,-6.3,6.3,-11.0,1,K9,K9_V1_PROXY,even,odd,mc_k9_eo,3,4,1,99,,
663,7,9,2,-2.1,6.3,-11.0,0,GAGG,GAGG,odd,odd,mc_gagg_oo,3,4,1,99,407,1
664,8,9,2,2.1,6.3,-11.0,1,K9,K9_V1_PROXY,even,odd,mc_k9_eo,4,4,1,100,,
665,9,9,2,6.3,6.3,-11.0,0,GAGG,GAGG,odd,odd,mc_gagg_oo,4,4,1,100,409,1
666,10,9,2,10.5,6.3,-11.0,1,K9,K9_V1_PROXY,even,odd,mc_k9_eo,5,4,1,101,,
667,11,9,2,14.7,6.3,-11.0,0,GAGG,GAGG,odd,odd,mc_gagg_oo,5,4,1,101,411,1
668,12,9,2,18.9,6.3,-11.0,1,K9,K9_V1_PROXY,even,odd,mc_k9_eo,6,4,1,102,,
669,13,9,2,23.1,6.3,-11.0,0,GAGG,GAGG,odd,odd,mc_gagg_oo,6,4,1,102,413,1
670,14,9,2,27.3,6.3,-11.0,1,K9,K9_V1_PROXY,even,odd,mc_k9_eo,7,4,1,103,,
671,15,9,2,31.5,6.3,-11.0,0,GAGG,GAGG,odd,odd,mc_gagg_oo,7,4,1,103,415,1
672,0,10,2,-31.5,10.5,-11.0,0,GAGG,GAGG,even,even,mc_gagg_ee,0,5,1,104,416,1
673,1,10,2,-27.3,10.5,-11.0,1,K9,K9_V1_PROXY,odd,even,mc_k9_oe,0,5,1,104,,
674,2,10,2,-23.1,10.5,-11.0,0,GAGG,GAGG,even,even,mc_gagg_ee,1,5,1,105,418,1
675,3,10,2,-18.9,10.5,-11.0,1,K9,K9_V1_PROXY,odd,even,mc_k9_oe,1,5,1,105,,
676,4,10,2,-14.7,10.5,-11.0,0,GAGG,GAGG,even,even,mc_gagg_ee,2,5,1,106,420,1
677,5,10,2,-10.5,10.5,-11.0,1,K9,K9_V1_PROXY,odd,even,mc_k9_oe,2,5,1,106,,
678,6,10,2,-6.3,10.5,-11.0,0,GAGG,GAGG,even,even,mc_gagg_ee,3,5,1,107,422,1
679,7,10,2,-2.1,10.5,-11.0,1,K9,K9_V1_PROXY,odd,even,mc_k9_oe,3,5,1,107,,
680,8,10,2,2.1,10.5,-11.0,0,GAGG,GAGG,even,even,mc_gagg_ee,4,5,1,108,424,1
681,9,10,2,6.3,10.5,-11.0,1,K9,K9_V1_PROXY,odd,even,mc_k9_oe,4,5,1,108,,
682,10,10,2,10.5,10.5,-11.0,0,GAGG,GAGG,even,even,mc_gagg_ee,5,5,1,109,426,1
683,11,10,2,14.7,10.5,-11.0,1,K9,K9_V1_PROXY,odd,even,mc_k9_oe,5,5,1,109,,
684,12,10,2,18.9,10.5,-11.0,0,GAGG,GAGG,even,even,mc_gagg_ee,6,5,1,110,428,1
685,13,10,2,23.1,10.5,-11.0,1,K9,K9_V1_PROXY,odd,even,mc_k9_oe,6,5,1,110,,
686,14,10,2,27.3,10.5,-11.0,0,GAGG,GAGG,even,even,mc_gagg_ee,7,5,1,111,430,1
687,15,10,2,31.5,10.5,-11.0,1,K9,K9_V1_PROXY,odd,even,mc_k9_oe,7,5,1,111,,
688,0,11,2,-31.5,14.7,-11.0,1,K9,K9_V1_PROXY,even,odd,mc_k9_eo,0,5,1,104,,
689,1,11,2,-27.3,14.7,-11.0,0,GAGG,GAGG,odd,odd,mc_gagg_oo,0,5,1,104,433,1
690,2,11,2,-23.1,14.7,-11.0,1,K9,K9_V1_PROXY,even,odd,mc_k9_eo,1,5,1,105,,
691,3,11,2,-18.9,14.7,-11.0,0,GAGG,GAGG,odd,odd,mc_gagg_oo,1,5,1,105,435,1
692,4,11,2,-14.7,14.7,-11.0,1,K9,K9_V1_PROXY,even,odd,mc_k9_eo,2,5,1,106,,
693,5,11,2,-10.5,14.7,-11.0,0,GAGG,GAGG,odd,odd,mc_gagg_oo,2,5,1,106,437,1
694,6,11,2,-6.3,14.7,-11.0,1,K9,K9_V1_PROXY,even,odd,mc_k9_eo,3,5,1,107,,
695,7,11,2,-2.1,14.7,-11.0,0,GAGG,GAGG,odd,odd,mc_gagg_oo,3,5,1,107,439,1
696,8,11,2,2.1,14.7,-11.0,1,K9,K9_V1_PROXY,even,odd,mc_k9_eo,4,5,1,108,,
697,9,11,2,6.3,14.7,-11.0,0,GAGG,GAGG,odd,odd,mc_gagg_oo,4,5,1,108,441,1
698,10,11,2,10.5,14.7,-11.0,1,K9,K9_V1_PROXY,even,odd,mc_k9_eo,5,5,1,109,,
699,11,11,2,14.7,14.7,-11.0,0,GAGG,GAGG,odd,odd,mc_gagg_oo,5,5,1,109,443,1
700,12,11,2,18.9,14.7,-11.0,1,K9,K9_V1_PROXY,even,odd,mc_k9_eo,6,5,1,110,,
701,13,11,2,23.1,14.7,-11.0,0,GAGG,GAGG,odd,odd,mc_gagg_oo,6,5,1,110,445,1
702,14,11,2,27.3,14.7,-11.0,1,K9,K9_V1_PROXY,even,odd,mc_k9_eo,7,5,1,111,,
703,15,11,2,31.5,14.7,-11.0,0,GAGG,GAGG,odd,odd,mc_gagg_oo,7,5,1,111,447,1
704,0,12,2,-31.5,18.9,-11.0,0,GAGG,GAGG,even,even,mc_gagg_ee,0,6,1,112,448,1
705,1,12,2,-27.3,18.9,-11.0,1,K9,K9_V1_PROXY,odd,even,mc_k9_oe,0,6,1,112,,
706,2,12,2,-23.1,18.9,-11.0,0,GAGG,GAGG,even,even,mc_gagg_ee,1,6,1,113,450,1
707,3,12,2,-18.9,18.9,-11.0,1,K9,K9_V1_PROXY,odd,even,mc_k9_oe,1,6,1,113,,
708,4,12,2,-14.7,18.9,-11.0,0,GAGG,GAGG,even,even,mc_gagg_ee,2,6,1,114,452,1
709,5,12,2,-10.5,18.9,-11.0,1,K9,K9_V1_PROXY,odd,even,mc_k9_oe,2,6,1,114,,
710,6,12,2,-6.3,18.9,-11.0,0,GAGG,GAGG,even,even,mc_gagg_ee,3,6,1,115,454,1
711,7,12,2,-2.1,18.9,-11.0,1,K9,K9_V1_PROXY,odd,even,mc_k9_oe,3,6,1,115,,
712,8,12,2,2.1,18.9,-11.0,0,GAGG,GAGG,even,even,mc_gagg_ee,4,6,1,116,456,1
713,9,12,2,6.3,18.9,-11.0,1,K9,K9_V1_PROXY,odd,even,mc_k9_oe,4,6,1,116,,
714,10,12,2,10.5,18.9,-11.0,0,GAGG,GAGG,even,even,mc_gagg_ee,5,6,1,117,458,1
715,11,12,2,14.7,18.9,-11.0,1,K9,K9_V1_PROXY,odd,even,mc_k9_oe,5,6,1,117,,
716,12,12,2,18.9,18.9,-11.0,0,GAGG,GAGG,even,even,mc_gagg_ee,6,6,1,118,460,1
717,13,12,2,23.1,18.9,-11.0,1,K9,K9_V1_PROXY,odd,even,mc_k9_oe,6,6,1,118,,
718,14,12,2,27.3,18.9,-11.0,0,GAGG,GAGG,even,even,mc_gagg_ee,7,6,1,119,462,1
719,15,12,2,31.5,18.9,-11.0,1,K9,K9_V1_PROXY,odd,even,mc_k9_oe,7,6,1,119,,
720,0,13,2,-31.5,23.1,-11.0,1,K9,K9_V1_PROXY,even,odd,mc_k9_eo,0,6,1,112,,
721,1,13,2,-27.3,23.1,-11.0,0,GAGG,GAGG,odd,odd,mc_gagg_oo,0,6,1,112,465,1
722,2,13,2,-23.1,23.1,-11.0,1,K9,K9_V1_PROXY,even,odd,mc_k9_eo,1,6,1,113,,
723,3,13,2,-18.9,23.1,-11.0,0,GAGG,GAGG,odd,odd,mc_gagg_oo,1,6,1,113,467,1
724,4,13,2,-14.7,23.1,-11.0,1,K9,K9_V1_PROXY,even,odd,mc_k9_eo,2,6,1,114,,
725,5,13,2,-10.5,23.1,-11.0,0,GAGG,GAGG,odd,odd,mc_gagg_oo,2,6,1,114,469,1
726,6,13,2,-6.3,23.1,-11.0,1,K9,K9_V1_PROXY,even,odd,mc_k9_eo,3,6,1,115,,
727,7,13,2,-2.1,23.1,-11.0,0,GAGG,GAGG,odd,odd,mc_gagg_oo,3,6,1,115,471,1
728,8,13,2,2.1,23.1,-11.0,1,K9,K9_V1_PROXY,even,odd,mc_k9_eo,4,6,1,116,,
729,9,13,2,6.3,23.1,-11.0,0,GAGG,GAGG,odd,odd,mc_gagg_oo,4,6,1,116,473,1
730,10,13,2,10.5,23.1,-11.0,1,K9,K9_V1_PROXY,even,odd,mc_k9_eo,5,6,1,117,,
731,11,13,2,14.7,23.1,-11.0,0,GAGG,GAGG,odd,odd,mc_gagg_oo,5,6,1,117,475,1
732,12,13,2,18.9,23.1,-11.0,1,K9,K9_V1_PROXY,even,odd,mc_k9_eo,6,6,1,118,,
733,13,13,2,23.1,23.1,-11.0,0,GAGG,GAGG,odd,odd,mc_gagg_oo,6,6,1,118,477,1
734,14,13,2,27.3,23.1,-11.0,1,K9,K9_V1_PROXY,even,odd,mc_k9_eo,7,6,1,119,,
735,15,13,2,31.5,23.1,-11.0,0,GAGG,GAGG,odd,odd,mc_gagg_oo,7,6,1,119,479,1
736,0,14,2,-31.5,27.3,-11.0,0,GAGG,GAGG,even,even,mc_gagg_ee,0,7,1,120,480,1
737,1,14,2,-27.3,27.3,-11.0,1,K9,K9_V1_PROXY,odd,even,mc_k9_oe,0,7,1,120,,
738,2,14,2,-23.1,27.3,-11.0,0,GAGG,GAGG,even,even,mc_gagg_ee,1,7,1,121,482,1
739,3,14,2,-18.9,27.3,-11.0,1,K9,K9_V1_PROXY,odd,even,mc_k9_oe,1,7,1,121,,
740,4,14,2,-14.7,27.3,-11.0,0,GAGG,GAGG,even,even,mc_gagg_ee,2,7,1,122,484,1
741,5,14,2,-10.5,27.3,-11.0,1,K9,K9_V1_PROXY,odd,even,mc_k9_oe,2,7,1,122,,
742,6,14,2,-6.3,27.3,-11.0,0,GAGG,GAGG,even,even,mc_gagg_ee,3,7,1,123,486,1
743,7,14,2,-2.1,27.3,-11.0,1,K9,K9_V1_PROXY,odd,even,mc_k9_oe,3,7,1,123,,
744,8,14,2,2.1,27.3,-11.0,0,GAGG,GAGG,even,even,mc_gagg_ee,4,7,1,124,488,1
745,9,14,2,6.3,27.3,-11.0,1,K9,K9_V1_PROXY,odd,even,mc_k9_oe,4,7,1,124,,
746,10,14,2,10.5,27.3,-11.0,0,GAGG,GAGG,even,even,mc_gagg_ee,5,7,1,125,490,1
747,11,14,2,14.7,27.3,-11.0,1,K9,K9_V1_PROXY,odd,even,mc_k9_oe,5,7,1,125,,
748,12,14,2,18.9,27.3,-11.0,0,GAGG,GAGG,even,even,mc_gagg_ee,6,7,1,126,492,1
749,13,14,2,23.1,27.3,-11.0,1,K9,K9_V1_PROXY,odd,even,mc_k9_oe,6,7,1,126,,
750,14,14,2,27.3,27.3,-11.0,0,GAGG,GAGG,even,even,mc_gagg_ee,7,7,1,127,494,1
751,15,14,2,31.5,27.3,-11.0,1,K9,K9_V1_PROXY,odd,even,mc_k9_oe,7,7,1,127,,
752,0,15,2,-31.5,31.5,-11.0,1,K9,K9_V1_PROXY,even,odd,mc_k9_eo,0,7,1,120,,
753,1,15,2,-27.3,31.5,-11.0,0,GAGG,GAGG,odd,odd,mc_gagg_oo,0,7,1,120,497,1
754,2,15,2,-23.1,31.5,-11.0,1,K9,K9_V1_PROXY,even,odd,mc_k9_eo,1,7,1,121,,
755,3,15,2,-18.9,31.5,-11.0,0,GAGG,GAGG,odd,odd,mc_gagg_oo,1,7,1,121,499,1
756,4,15,2,-14.7,31.5,-11.0,1,K9,K9_V1_PROXY,even,odd,mc_k9_eo,2,7,1,122,,
757,5,15,2,-10.5,31.5,-11.0,0,GAGG,GAGG,odd,odd,mc_gagg_oo,2,7,1,122,501,1
758,6,15,2,-6.3,31.5,-11.0,1,K9,K9_V1_PROXY,even,odd,mc_k9_eo,3,7,1,123,,
759,7,15,2,-2.1,31.5,-11.0,0,GAGG,GAGG,odd,odd,mc_gagg_oo,3,7,1,123,503,1
760,8,15,2,2.1,31.5,-11.0,1,K9,K9_V1_PROXY,even,odd,mc_k9_eo,4,7,1,124,,
761,9,15,2,6.3,31.5,-11.0,0,GAGG,GAGG,odd,odd,mc_gagg_oo,4,7,1,124,505,1
762,10,15,2,10.5,31.5,-11.0,1,K9,K9_V1_PROXY,even,odd,mc_k9_eo,5,7,1,125,,
763,11,15,2,14.7,31.5,-11.0,0,GAGG,GAGG,odd,odd,mc_gagg_oo,5,7,1,125,507,1
764,12,15,2,18.9,31.5,-11.0,1,K9,K9_V1_PROXY,even,odd,mc_k9_eo,6,7,1,126,,
765,13,15,2,23.1,31.5,-11.0,0,GAGG,GAGG,odd,odd,mc_gagg_oo,6,7,1,126,509,1
766,14,15,2,27.3,31.5,-11.0,1,K9,K9_V1_PROXY,even,odd,mc_k9_eo,7,7,1,127,,
767,15,15,2,31.5,31.5,-11.0,0,GAGG,GAGG,odd,odd,mc_gagg_oo,7,7,1,127,511,1
768,0,0,3,-31.5,-31.5,-9.0,1,K9,K9_V1_PROXY,even,even,mc_k9_ee,0,0,1,64,,
769,1,0,3,-27.3,-31.5,-9.0,0,GAGG,GAGG,odd,even,mc_gagg_oe,0,0,1,64,257,1
770,2,0,3,-23.1,-31.5,-9.0,1,K9,K9_V1_PROXY,even,even,mc_k9_ee,1,0,1,65,,
771,3,0,3,-18.9,-31.5,-9.0,0,GAGG,GAGG,odd,even,mc_gagg_oe,1,0,1,65,259,1
772,4,0,3,-14.7,-31.5,-9.0,1,K9,K9_V1_PROXY,even,even,mc_k9_ee,2,0,1,66,,
773,5,0,3,-10.5,-31.5,-9.0,0,GAGG,GAGG,odd,even,mc_gagg_oe,2,0,1,66,261,1
774,6,0,3,-6.3,-31.5,-9.0,1,K9,K9_V1_PROXY,even,even,mc_k9_ee,3,0,1,67,,
775,7,0,3,-2.1,-31.5,-9.0,0,GAGG,GAGG,odd,even,mc_gagg_oe,3,0,1,67,263,1
776,8,0,3,2.1,-31.5,-9.0,1,K9,K9_V1_PROXY,even,even,mc_k9_ee,4,0,1,68,,
777,9,0,3,6.3,-31.5,-9.0,0,GAGG,GAGG,odd,even,mc_gagg_oe,4,0,1,68,265,1
778,10,0,3,10.5,-31.5,-9.0,1,K9,K9_V1_PROXY,even,even,mc_k9_ee,5,0,1,69,,
779,11,0,3,14.7,-31.5,-9.0,0,GAGG,GAGG,odd,even,mc_gagg_oe,5,0,1,69,267,1
780,12,0,3,18.9,-31.5,-9.0,1,K9,K9_V1_PROXY,even,even,mc_k9_ee,6,0,1,70,,
781,13,0,3,23.1,-31.5,-9.0,0,GAGG,GAGG,odd,even,mc_gagg_oe,6,0,1,70,269,1
782,14,0,3,27.3,-31.5,-9.0,1,K9,K9_V1_PROXY,even,even,mc_k9_ee,7,0,1,71,,
783,15,0,3,31.5,-31.5,-9.0,0,GAGG,GAGG,odd,even,mc_gagg_oe,7,0,1,71,271,1
784,0,1,3,-31.5,-27.3,-9.0,0,GAGG,GAGG,even,odd,mc_gagg_eo,0,0,1,64,272,1
785,1,1,3,-27.3,-27.3,-9.0,1,K9,K9_V1_PROXY,odd,odd,mc_k9_oo,0,0,1,64,,
786,2,1,3,-23.1,-27.3,-9.0,0,GAGG,GAGG,even,odd,mc_gagg_eo,1,0,1,65,274,1
787,3,1,3,-18.9,-27.3,-9.0,1,K9,K9_V1_PROXY,odd,odd,mc_k9_oo,1,0,1,65,,
788,4,1,3,-14.7,-27.3,-9.0,0,GAGG,GAGG,even,odd,mc_gagg_eo,2,0,1,66,276,1
789,5,1,3,-10.5,-27.3,-9.0,1,K9,K9_V1_PROXY,odd,odd,mc_k9_oo,2,0,1,66,,
790,6,1,3,-6.3,-27.3,-9.0,0,GAGG,GAGG,even,odd,mc_gagg_eo,3,0,1,67,278,1
791,7,1,3,-2.1,-27.3,-9.0,1,K9,K9_V1_PROXY,odd,odd,mc_k9_oo,3,0,1,67,,
792,8,1,3,2.1,-27.3,-9.0,0,GAGG,GAGG,even,odd,mc_gagg_eo,4,0,1,68,280,1
793,9,1,3,6.3,-27.3,-9.0,1,K9,K9_V1_PROXY,odd,odd,mc_k9_oo,4,0,1,68,,
794,10,1,3,10.5,-27.3,-9.0,0,GAGG,GAGG,even,odd,mc_gagg_eo,5,0,1,69,282,1
795,11,1,3,14.7,-27.3,-9.0,1,K9,K9_V1_PROXY,odd,odd,mc_k9_oo,5,0,1,69,,
796,12,1,3,18.9,-27.3,-9.0,0,GAGG,GAGG,even,odd,mc_gagg_eo,6,0,1,70,284,1
797,13,1,3,23.1,-27.3,-9.0,1,K9,K9_V1_PROXY,odd,odd,mc_k9_oo,6,0,1,70,,
798,14,1,3,27.3,-27.3,-9.0,0,GAGG,GAGG,even,odd,mc_gagg_eo,7,0,1,71,286,1
799,15,1,3,31.5,-27.3,-9.0,1,K9,K9_V1_PROXY,odd,odd,mc_k9_oo,7,0,1,71,,
800,0,2,3,-31.5,-23.1,-9.0,1,K9,K9_V1_PROXY,even,even,mc_k9_ee,0,1,1,72,,
801,1,2,3,-27.3,-23.1,-9.0,0,GAGG,GAGG,odd,even,mc_gagg_oe,0,1,1,72,289,1
802,2,2,3,-23.1,-23.1,-9.0,1,K9,K9_V1_PROXY,even,even,mc_k9_ee,1,1,1,73,,
803,3,2,3,-18.9,-23.1,-9.0,0,GAGG,GAGG,odd,even,mc_gagg_oe,1,1,1,73,291,1
804,4,2,3,-14.7,-23.1,-9.0,1,K9,K9_V1_PROXY,even,even,mc_k9_ee,2,1,1,74,,
805,5,2,3,-10.5,-23.1,-9.0,0,GAGG,GAGG,odd,even,mc_gagg_oe,2,1,1,74,293,1
806,6,2,3,-6.3,-23.1,-9.0,1,K9,K9_V1_PROXY,even,even,mc_k9_ee,3,1,1,75,,
807,7,2,3,-2.1,-23.1,-9.0,0,GAGG,GAGG,odd,even,mc_gagg_oe,3,1,1,75,295,1
808,8,2,3,2.1,-23.1,-9.0,1,K9,K9_V1_PROXY,even,even,mc_k9_ee,4,1,1,76,,
809,9,2,3,6.3,-23.1,-9.0,0,GAGG,GAGG,odd,even,mc_gagg_oe,4,1,1,76,297,1
810,10,2,3,10.5,-23.1,-9.0,1,K9,K9_V1_PROXY,even,even,mc_k9_ee,5,1,1,77,,
811,11,2,3,14.7,-23.1,-9.0,0,GAGG,GAGG,odd,even,mc_gagg_oe,5,1,1,77,299,1
812,12,2,3,18.9,-23.1,-9.0,1,K9,K9_V1_PROXY,even,even,mc_k9_ee,6,1,1,78,,
813,13,2,3,23.1,-23.1,-9.0,0,GAGG,GAGG,odd,even,mc_gagg_oe,6,1,1,78,301,1
814,14,2,3,27.3,-23.1,-9.0,1,K9,K9_V1_PROXY,even,even,mc_k9_ee,7,1,1,79,,
815,15,2,3,31.5,-23.1,-9.0,0,GAGG,GAGG,odd,even,mc_gagg_oe,7,1,1,79,303,1
816,0,3,3,-31.5,-18.9,-9.0,0,GAGG,GAGG,even,odd,mc_gagg_eo,0,1,1,72,304,1
817,1,3,3,-27.3,-18.9,-9.0,1,K9,K9_V1_PROXY,odd,odd,mc_k9_oo,0,1,1,72,,
818,2,3,3,-23.1,-18.9,-9.0,0,GAGG,GAGG,even,odd,mc_gagg_eo,1,1,1,73,306,1
819,3,3,3,-18.9,-18.9,-9.0,1,K9,K9_V1_PROXY,odd,odd,mc_k9_oo,1,1,1,73,,
820,4,3,3,-14.7,-18.9,-9.0,0,GAGG,GAGG,even,odd,mc_gagg_eo,2,1,1,74,308,1
821,5,3,3,-10.5,-18.9,-9.0,1,K9,K9_V1_PROXY,odd,odd,mc_k9_oo,2,1,1,74,,
822,6,3,3,-6.3,-18.9,-9.0,0,GAGG,GAGG,even,odd,mc_gagg_eo,3,1,1,75,310,1
823,7,3,3,-2.1,-18.9,-9.0,1,K9,K9_V1_PROXY,odd,odd,mc_k9_oo,3,1,1,75,,
824,8,3,3,2.1,-18.9,-9.0,0,GAGG,GAGG,even,odd,mc_gagg_eo,4,1,1,76,312,1
825,9,3,3,6.3,-18.9,-9.0,1,K9,K9_V1_PROXY,odd,odd,mc_k9_oo,4,1,1,76,,
826,10,3,3,10.5,-18.9,-9.0,0,GAGG,GAGG,even,odd,mc_gagg_eo,5,1,1,77,314,1
827,11,3,3,14.7,-18.9,-9.0,1,K9,K9_V1_PROXY,odd,odd,mc_k9_oo,5,1,1,77,,
828,12,3,3,18.9,-18.9,-9.0,0,GAGG,GAGG,even,odd,mc_gagg_eo,6,1,1,78,316,1
829,13,3,3,23.1,-18.9,-9.0,1,K9,K9_V1_PROXY,odd,odd,mc_k9_oo,6,1,1,78,,
830,14,3,3,27.3,-18.9,-9.0,0,GAGG,GAGG,even,odd,mc_gagg_eo,7,1,1,79,318,1
831,15,3,3,31.5,-18.9,-9.0,1,K9,K9_V1_PROXY,odd,odd,mc_k9_oo,7,1,1,79,,
832,0,4,3,-31.5,-14.7,-9.0,1,K9,K9_V1_PROXY,even,even,mc_k9_ee,0,2,1,80,,
833,1,4,3,-27.3,-14.7,-9.0,0,GAGG,GAGG,odd,even,mc_gagg_oe,0,2,1,80,321,1
834,2,4,3,-23.1,-14.7,-9.0,1,K9,K9_V1_PROXY,even,even,mc_k9_ee,1,2,1,81,,
835,3,4,3,-18.9,-14.7,-9.0,0,GAGG,GAGG,odd,even,mc_gagg_oe,1,2,1,81,323,1
836,4,4,3,-14.7,-14.7,-9.0,1,K9,K9_V1_PROXY,even,even,mc_k9_ee,2,2,1,82,,
837,5,4,3,-10.5,-14.7,-9.0,0,GAGG,GAGG,odd,even,mc_gagg_oe,2,2,1,82,325,1
838,6,4,3,-6.3,-14.7,-9.0,1,K9,K9_V1_PROXY,even,even,mc_k9_ee,3,2,1,83,,
839,7,4,3,-2.1,-14.7,-9.0,0,GAGG,GAGG,odd,even,mc_gagg_oe,3,2,1,83,327,1
840,8,4,3,2.1,-14.7,-9.0,1,K9,K9_V1_PROXY,even,even,mc_k9_ee,4,2,1,84,,
841,9,4,3,6.3,-14.7,-9.0,0,GAGG,GAGG,odd,even,mc_gagg_oe,4,2,1,84,329,1
842,10,4,3,10.5,-14.7,-9.0,1,K9,K9_V1_PROXY,even,even,mc_k9_ee,5,2,1,85,,
843,11,4,3,14.7,-14.7,-9.0,0,GAGG,GAGG,odd,even,mc_gagg_oe,5,2,1,85,331,1
844,12,4,3,18.9,-14.7,-9.0,1,K9,K9_V1_PROXY,even,even,mc_k9_ee,6,2,1,86,,
845,13,4,3,23.1,-14.7,-9.0,0,GAGG,GAGG,odd,even,mc_gagg_oe,6,2,1,86,333,1
846,14,4,3,27.3,-14.7,-9.0,1,K9,K9_V1_PROXY,even,even,mc_k9_ee,7,2,1,87,,
847,15,4,3,31.5,-14.7,-9.0,0,GAGG,GAGG,odd,even,mc_gagg_oe,7,2,1,87,335,1
848,0,5,3,-31.5,-10.5,-9.0,0,GAGG,GAGG,even,odd,mc_gagg_eo,0,2,1,80,336,1
849,1,5,3,-27.3,-10.5,-9.0,1,K9,K9_V1_PROXY,odd,odd,mc_k9_oo,0,2,1,80,,
850,2,5,3,-23.1,-10.5,-9.0,0,GAGG,GAGG,even,odd,mc_gagg_eo,1,2,1,81,338,1
851,3,5,3,-18.9,-10.5,-9.0,1,K9,K9_V1_PROXY,odd,odd,mc_k9_oo,1,2,1,81,,
852,4,5,3,-14.7,-10.5,-9.0,0,GAGG,GAGG,even,odd,mc_gagg_eo,2,2,1,82,340,1
853,5,5,3,-10.5,-10.5,-9.0,1,K9,K9_V1_PROXY,odd,odd,mc_k9_oo,2,2,1,82,,
854,6,5,3,-6.3,-10.5,-9.0,0,GAGG,GAGG,even,odd,mc_gagg_eo,3,2,1,83,342,1
855,7,5,3,-2.1,-10.5,-9.0,1,K9,K9_V1_PROXY,odd,odd,mc_k9_oo,3,2,1,83,,
856,8,5,3,2.1,-10.5,-9.0,0,GAGG,GAGG,even,odd,mc_gagg_eo,4,2,1,84,344,1
857,9,5,3,6.3,-10.5,-9.0,1,K9,K9_V1_PROXY,odd,odd,mc_k9_oo,4,2,1,84,,
858,10,5,3,10.5,-10.5,-9.0,0,GAGG,GAGG,even,odd,mc_gagg_eo,5,2,1,85,346,1
859,11,5,3,14.7,-10.5,-9.0,1,K9,K9_V1_PROXY,odd,odd,mc_k9_oo,5,2,1,85,,
860,12,5,3,18.9,-10.5,-9.0,0,GAGG,GAGG,even,odd,mc_gagg_eo,6,2,1,86,348,1
861,13,5,3,23.1,-10.5,-9.0,1,K9,K9_V1_PROXY,odd,odd,mc_k9_oo,6,2,1,86,,
862,14,5,3,27.3,-10.5,-9.0,0,GAGG,GAGG,even,odd,mc_gagg_eo,7,2,1,87,350,1
863,15,5,3,31.5,-10.5,-9.0,1,K9,K9_V1_PROXY,odd,odd,mc_k9_oo,7,2,1,87,,
864,0,6,3,-31.5,-6.3,-9.0,1,K9,K9_V1_PROXY,even,even,mc_k9_ee,0,3,1,88,,
865,1,6,3,-27.3,-6.3,-9.0,0,GAGG,GAGG,odd,even,mc_gagg_oe,0,3,1,88,353,1
866,2,6,3,-23.1,-6.3,-9.0,1,K9,K9_V1_PROXY,even,even,mc_k9_ee,1,3,1,89,,
867,3,6,3,-18.9,-6.3,-9.0,0,GAGG,GAGG,odd,even,mc_gagg_oe,1,3,1,89,355,1
868,4,6,3,-14.7,-6.3,-9.0,1,K9,K9_V1_PROXY,even,even,mc_k9_ee,2,3,1,90,,
869,5,6,3,-10.5,-6.3,-9.0,0,GAGG,GAGG,odd,even,mc_gagg_oe,2,3,1,90,357,1
870,6,6,3,-6.3,-6.3,-9.0,1,K9,K9_V1_PROXY,even,even,mc_k9_ee,3,3,1,91,,
871,7,6,3,-2.1,-6.3,-9.0,0,GAGG,GAGG,odd,even,mc_gagg_oe,3,3,1,91,359,1
872,8,6,3,2.1,-6.3,-9.0,1,K9,K9_V1_PROXY,even,even,mc_k9_ee,4,3,1,92,,
873,9,6,3,6.3,-6.3,-9.0,0,GAGG,GAGG,odd,even,mc_gagg_oe,4,3,1,92,361,1
874,10,6,3,10.5,-6.3,-9.0,1,K9,K9_V1_PROXY,even,even,mc_k9_ee,5,3,1,93,,
875,11,6,3,14.7,-6.3,-9.0,0,GAGG,GAGG,odd,even,mc_gagg_oe,5,3,1,93,363,1
876,12,6,3,18.9,-6.3,-9.0,1,K9,K9_V1_PROXY,even,even,mc_k9_ee,6,3,1,94,,
877,13,6,3,23.1,-6.3,-9.0,0,GAGG,GAGG,odd,even,mc_gagg_oe,6,3,1,94,365,1
878,14,6,3,27.3,-6.3,-9.0,1,K9,K9_V1_PROXY,even,even,mc_k9_ee,7,3,1,95,,
879,15,6,3,31.5,-6.3,-9.0,0,GAGG,GAGG,odd,even,mc_gagg_oe,7,3,1,95,367,1
880,0,7,3,-31.5,-2.1,-9.0,0,GAGG,GAGG,even,odd,mc_gagg_eo,0,3,1,88,368,1
881,1,7,3,-27.3,-2.1,-9.0,1,K9,K9_V1_PROXY,odd,odd,mc_k9_oo,0,3,1,88,,
882,2,7,3,-23.1,-2.1,-9.0,0,GAGG,GAGG,even,odd,mc_gagg_eo,1,3,1,89,370,1
883,3,7,3,-18.9,-2.1,-9.0,1,K9,K9_V1_PROXY,odd,odd,mc_k9_oo,1,3,1,89,,
884,4,7,3,-14.7,-2.1,-9.0,0,GAGG,GAGG,even,odd,mc_gagg_eo,2,3,1,90,372,1
885,5,7,3,-10.5,-2.1,-9.0,1,K9,K9_V1_PROXY,odd,odd,mc_k9_oo,2,3,1,90,,
886,6,7,3,-6.3,-2.1,-9.0,0,GAGG,GAGG,even,odd,mc_gagg_eo,3,3,1,91,374,1
887,7,7,3,-2.1,-2.1,-9.0,1,K9,K9_V1_PROXY,odd,odd,mc_k9_oo,3,3,1,91,,
888,8,7,3,2.1,-2.1,-9.0,0,GAGG,GAGG,even,odd,mc_gagg_eo,4,3,1,92,376,1
889,9,7,3,6.3,-2.1,-9.0,1,K9,K9_V1_PROXY,odd,odd,mc_k9_oo,4,3,1,92,,
890,10,7,3,10.5,-2.1,-9.0,0,GAGG,GAGG,even,odd,mc_gagg_eo,5,3,1,93,378,1
891,11,7,3,14.7,-2.1,-9.0,1,K9,K9_V1_PROXY,odd,odd,mc_k9_oo,5,3,1,93,,
892,12,7,3,18.9,-2.1,-9.0,0,GAGG,GAGG,even,odd,mc_gagg_eo,6,3,1,94,380,1
893,13,7,3,23.1,-2.1,-9.0,1,K9,K9_V1_PROXY,odd,odd,mc_k9_oo,6,3,1,94,,
894,14,7,3,27.3,-2.1,-9.0,0,GAGG,GAGG,even,odd,mc_gagg_eo,7,3,1,95,382,1
895,15,7,3,31.5,-2.1,-9.0,1,K9,K9_V1_PROXY,odd,odd,mc_k9_oo,7,3,1,95,,
896,0,8,3,-31.5,2.1,-9.0,1,K9,K9_V1_PROXY,even,even,mc_k9_ee,0,4,1,96,,
897,1,8,3,-27.3,2.1,-9.0,0,GAGG,GAGG,odd,even,mc_gagg_oe,0,4,1,96,385,1
898,2,8,3,-23.1,2.1,-9.0,1,K9,K9_V1_PROXY,even,even,mc_k9_ee,1,4,1,97,,
899,3,8,3,-18.9,2.1,-9.0,0,GAGG,GAGG,odd,even,mc_gagg_oe,1,4,1,97,387,1
900,4,8,3,-14.7,2.1,-9.0,1,K9,K9_V1_PROXY,even,even,mc_k9_ee,2,4,1,98,,
901,5,8,3,-10.5,2.1,-9.0,0,GAGG,GAGG,odd,even,mc_gagg_oe,2,4,1,98,389,1
902,6,8,3,-6.3,2.1,-9.0,1,K9,K9_V1_PROXY,even,even,mc_k9_ee,3,4,1,99,,
903,7,8,3,-2.1,2.1,-9.0,0,GAGG,GAGG,odd,even,mc_gagg_oe,3,4,1,99,391,1
904,8,8,3,2.1,2.1,-9.0,1,K9,K9_V1_PROXY,even,even,mc_k9_ee,4,4,1,100,,
905,9,8,3,6.3,2.1,-9.0,0,GAGG,GAGG,odd,even,mc_gagg_oe,4,4,1,100,393,1
906,10,8,3,10.5,2.1,-9.0,1,K9,K9_V1_PROXY,even,even,mc_k9_ee,5,4,1,101,,
907,11,8,3,14.7,2.1,-9.0,0,GAGG,GAGG,odd,even,mc_gagg_oe,5,4,1,101,395,1
908,12,8,3,18.9,2.1,-9.0,1,K9,K9_V1_PROXY,even,even,mc_k9_ee,6,4,1,102,,
909,13,8,3,23.1,2.1,-9.0,0,GAGG,GAGG,odd,even,mc_gagg_oe,6,4,1,102,397,1
910,14,8,3,27.3,2.1,-9.0,1,K9,K9_V1_PROXY,even,even,mc_k9_ee,7,4,1,103,,
911,15,8,3,31.5,2.1,-9.0,0,GAGG,GAGG,odd,even,mc_gagg_oe,7,4,1,103,399,1
912,0,9,3,-31.5,6.3,-9.0,0,GAGG,GAGG,even,odd,mc_gagg_eo,0,4,1,96,400,1
913,1,9,3,-27.3,6.3,-9.0,1,K9,K9_V1_PROXY,odd,odd,mc_k9_oo,0,4,1,96,,
914,2,9,3,-23.1,6.3,-9.0,0,GAGG,GAGG,even,odd,mc_gagg_eo,1,4,1,97,402,1
915,3,9,3,-18.9,6.3,-9.0,1,K9,K9_V1_PROXY,odd,odd,mc_k9_oo,1,4,1,97,,
916,4,9,3,-14.7,6.3,-9.0,0,GAGG,GAGG,even,odd,mc_gagg_eo,2,4,1,98,404,1
917,5,9,3,-10.5,6.3,-9.0,1,K9,K9_V1_PROXY,odd,odd,mc_k9_oo,2,4,1,98,,
918,6,9,3,-6.3,6.3,-9.0,0,GAGG,GAGG,even,odd,mc_gagg_eo,3,4,1,99,406,1
919,7,9,3,-2.1,6.3,-9.0,1,K9,K9_V1_PROXY,odd,odd,mc_k9_oo,3,4,1,99,,
920,8,9,3,2.1,6.3,-9.0,0,GAGG,GAGG,even,odd,mc_gagg_eo,4,4,1,100,408,1
921,9,9,3,6.3,6.3,-9.0,1,K9,K9_V1_PROXY,odd,odd,mc_k9_oo,4,4,1,100,,
922,10,9,3,10.5,6.3,-9.0,0,GAGG,GAGG,even,odd,mc_gagg_eo,5,4,1,101,410,1
923,11,9,3,14.7,6.3,-9.0,1,K9,K9_V1_PROXY,odd,odd,mc_k9_oo,5,4,1,101,,
924,12,9,3,18.9,6.3,-9.0,0,GAGG,GAGG,even,odd,mc_gagg_eo,6,4,1,102,412,1
925,13,9,3,23.1,6.3,-9.0,1,K9,K9_V1_PROXY,odd,odd,mc_k9_oo,6,4,1,102,,
926,14,9,3,27.3,6.3,-9.0,0,GAGG,GAGG,even,odd,mc_gagg_eo,7,4,1,103,414,1
927,15,9,3,31.5,6.3,-9.0,1,K9,K9_V1_PROXY,odd,odd,mc_k9_oo,7,4,1,103,,
928,0,10,3,-31.5,10.5,-9.0,1,K9,K9_V1_PROXY,even,even,mc_k9_ee,0,5,1,104,,
929,1,10,3,-27.3,10.5,-9.0,0,GAGG,GAGG,odd,even,mc_gagg_oe,0,5,1,104,417,1
930,2,10,3,-23.1,10.5,-9.0,1,K9,K9_V1_PROXY,even,even,mc_k9_ee,1,5,1,105,,
931,3,10,3,-18.9,10.5,-9.0,0,GAGG,GAGG,odd,even,mc_gagg_oe,1,5,1,105,419,1
932,4,10,3,-14.7,10.5,-9.0,1,K9,K9_V1_PROXY,even,even,mc_k9_ee,2,5,1,106,,
933,5,10,3,-10.5,10.5,-9.0,0,GAGG,GAGG,odd,even,mc_gagg_oe,2,5,1,106,421,1
934,6,10,3,-6.3,10.5,-9.0,1,K9,K9_V1_PROXY,even,even,mc_k9_ee,3,5,1,107,,
935,7,10,3,-2.1,10.5,-9.0,0,GAGG,GAGG,odd,even,mc_gagg_oe,3,5,1,107,423,1
936,8,10,3,2.1,10.5,-9.0,1,K9,K9_V1_PROXY,even,even,mc_k9_ee,4,5,1,108,,
937,9,10,3,6.3,10.5,-9.0,0,GAGG,GAGG,odd,even,mc_gagg_oe,4,5,1,108,425,1
938,10,10,3,10.5,10.5,-9.0,1,K9,K9_V1_PROXY,even,even,mc_k9_ee,5,5,1,109,,
939,11,10,3,14.7,10.5,-9.0,0,GAGG,GAGG,odd,even,mc_gagg_oe,5,5,1,109,427,1
940,12,10,3,18.9,10.5,-9.0,1,K9,K9_V1_PROXY,even,even,mc_k9_ee,6,5,1,110,,
941,13,10,3,23.1,10.5,-9.0,0,GAGG,GAGG,odd,even,mc_gagg_oe,6,5,1,110,429,1
942,14,10,3,27.3,10.5,-9.0,1,K9,K9_V1_PROXY,even,even,mc_k9_ee,7,5,1,111,,
943,15,10,3,31.5,10.5,-9.0,0,GAGG,GAGG,odd,even,mc_gagg_oe,7,5,1,111,431,1
944,0,11,3,-31.5,14.7,-9.0,0,GAGG,GAGG,even,odd,mc_gagg_eo,0,5,1,104,432,1
945,1,11,3,-27.3,14.7,-9.0,1,K9,K9_V1_PROXY,odd,odd,mc_k9_oo,0,5,1,104,,
946,2,11,3,-23.1,14.7,-9.0,0,GAGG,GAGG,even,odd,mc_gagg_eo,1,5,1,105,434,1
947,3,11,3,-18.9,14.7,-9.0,1,K9,K9_V1_PROXY,odd,odd,mc_k9_oo,1,5,1,105,,
948,4,11,3,-14.7,14.7,-9.0,0,GAGG,GAGG,even,odd,mc_gagg_eo,2,5,1,106,436,1
949,5,11,3,-10.5,14.7,-9.0,1,K9,K9_V1_PROXY,odd,odd,mc_k9_oo,2,5,1,106,,
950,6,11,3,-6.3,14.7,-9.0,0,GAGG,GAGG,even,odd,mc_gagg_eo,3,5,1,107,438,1
951,7,11,3,-2.1,14.7,-9.0,1,K9,K9_V1_PROXY,odd,odd,mc_k9_oo,3,5,1,107,,
952,8,11,3,2.1,14.7,-9.0,0,GAGG,GAGG,even,odd,mc_gagg_eo,4,5,1,108,440,1
953,9,11,3,6.3,14.7,-9.0,1,K9,K9_V1_PROXY,odd,odd,mc_k9_oo,4,5,1,108,,
954,10,11,3,10.5,14.7,-9.0,0,GAGG,GAGG,even,odd,mc_gagg_eo,5,5,1,109,442,1
955,11,11,3,14.7,14.7,-9.0,1,K9,K9_V1_PROXY,odd,odd,mc_k9_oo,5,5,1,109,,
956,12,11,3,18.9,14.7,-9.0,0,GAGG,GAGG,even,odd,mc_gagg_eo,6,5,1,110,444,1
957,13,11,3,23.1,14.7,-9.0,1,K9,K9_V1_PROXY,odd,odd,mc_k9_oo,6,5,1,110,,
958,14,11,3,27.3,14.7,-9.0,0,GAGG,GAGG,even,odd,mc_gagg_eo,7,5,1,111,446,1
959,15,11,3,31.5,14.7,-9.0,1,K9,K9_V1_PROXY,odd,odd,mc_k9_oo,7,5,1,111,,
960,0,12,3,-31.5,18.9,-9.0,1,K9,K9_V1_PROXY,even,even,mc_k9_ee,0,6,1,112,,
961,1,12,3,-27.3,18.9,-9.0,0,GAGG,GAGG,odd,even,mc_gagg_oe,0,6,1,112,449,1
962,2,12,3,-23.1,18.9,-9.0,1,K9,K9_V1_PROXY,even,even,mc_k9_ee,1,6,1,113,,
963,3,12,3,-18.9,18.9,-9.0,0,GAGG,GAGG,odd,even,mc_gagg_oe,1,6,1,113,451,1
964,4,12,3,-14.7,18.9,-9.0,1,K9,K9_V1_PROXY,even,even,mc_k9_ee,2,6,1,114,,
965,5,12,3,-10.5,18.9,-9.0,0,GAGG,GAGG,odd,even,mc_gagg_oe,2,6,1,114,453,1
966,6,12,3,-6.3,18.9,-9.0,1,K9,K9_V1_PROXY,even,even,mc_k9_ee,3,6,1,115,,
967,7,12,3,-2.1,18.9,-9.0,0,GAGG,GAGG,odd,even,mc_gagg_oe,3,6,1,115,455,1
968,8,12,3,2.1,18.9,-9.0,1,K9,K9_V1_PROXY,even,even,mc_k9_ee,4,6,1,116,,
969,9,12,3,6.3,18.9,-9.0,0,GAGG,GAGG,odd,even,mc_gagg_oe,4,6,1,116,457,1
970,10,12,3,10.5,18.9,-9.0,1,K9,K9_V1_PROXY,even,even,mc_k9_ee,5,6,1,117,,
971,11,12,3,14.7,18.9,-9.0,0,GAGG,GAGG,odd,even,mc_gagg_oe,5,6,1,117,459,1
972,12,12,3,18.9,18.9,-9.0,1,K9,K9_V1_PROXY,even,even,mc_k9_ee,6,6,1,118,,
973,13,12,3,23.1,18.9,-9.0,0,GAGG,GAGG,odd,even,mc_gagg_oe,6,6,1,118,461,1
974,14,12,3,27.3,18.9,-9.0,1,K9,K9_V1_PROXY,even,even,mc_k9_ee,7,6,1,119,,
975,15,12,3,31.5,18.9,-9.0,0,GAGG,GAGG,odd,even,mc_gagg_oe,7,6,1,119,463,1
976,0,13,3,-31.5,23.1,-9.0,0,GAGG,GAGG,even,odd,mc_gagg_eo,0,6,1,112,464,1
977,1,13,3,-27.3,23.1,-9.0,1,K9,K9_V1_PROXY,odd,odd,mc_k9_oo,0,6,1,112,,
978,2,13,3,-23.1,23.1,-9.0,0,GAGG,GAGG,even,odd,mc_gagg_eo,1,6,1,113,466,1
979,3,13,3,-18.9,23.1,-9.0,1,K9,K9_V1_PROXY,odd,odd,mc_k9_oo,1,6,1,113,,
980,4,13,3,-14.7,23.1,-9.0,0,GAGG,GAGG,even,odd,mc_gagg_eo,2,6,1,114,468,1
981,5,13,3,-10.5,23.1,-9.0,1,K9,K9_V1_PROXY,odd,odd,mc_k9_oo,2,6,1,114,,
982,6,13,3,-6.3,23.1,-9.0,0,GAGG,GAGG,even,odd,mc_gagg_eo,3,6,1,115,470,1
983,7,13,3,-2.1,23.1,-9.0,1,K9,K9_V1_PROXY,odd,odd,mc_k9_oo,3,6,1,115,,
984,8,13,3,2.1,23.1,-9.0,0,GAGG,GAGG,even,odd,mc_gagg_eo,4,6,1,116,472,1
985,9,13,3,6.3,23.1,-9.0,1,K9,K9_V1_PROXY,odd,odd,mc_k9_oo,4,6,1,116,,
986,10,13,3,10.5,23.1,-9.0,0,GAGG,GAGG,even,odd,mc_gagg_eo,5,6,1,117,474,1
987,11,13,3,14.7,23.1,-9.0,1,K9,K9_V1_PROXY,odd,odd,mc_k9_oo,5,6,1,117,,
988,12,13,3,18.9,23.1,-9.0,0,GAGG,GAGG,even,odd,mc_gagg_eo,6,6,1,118,476,1
989,13,13,3,23.1,23.1,-9.0,1,K9,K9_V1_PROXY,odd,odd,mc_k9_oo,6,6,1,118,,
990,14,13,3,27.3,23.1,-9.0,0,GAGG,GAGG,even,odd,mc_gagg_eo,7,6,1,119,478,1
991,15,13,3,31.5,23.1,-9.0,1,K9,K9_V1_PROXY,odd,odd,mc_k9_oo,7,6,1,119,,
992,0,14,3,-31.5,27.3,-9.0,1,K9,K9_V1_PROXY,even,even,mc_k9_ee,0,7,1,120,,
993,1,14,3,-27.3,27.3,-9.0,0,GAGG,GAGG,odd,even,mc_gagg_oe,0,7,1,120,481,1
994,2,14,3,-23.1,27.3,-9.0,1,K9,K9_V1_PROXY,even,even,mc_k9_ee,1,7,1,121,,
995,3,14,3,-18.9,27.3,-9.0,0,GAGG,GAGG,odd,even,mc_gagg_oe,1,7,1,121,483,1
996,4,14,3,-14.7,27.3,-9.0,1,K9,K9_V1_PROXY,even,even,mc_k9_ee,2,7,1,122,,
997,5,14,3,-10.5,27.3,-9.0,0,GAGG,GAGG,odd,even,mc_gagg_oe,2,7,1,122,485,1
998,6,14,3,-6.3,27.3,-9.0,1,K9,K9_V1_PROXY,even,even,mc_k9_ee,3,7,1,123,,
999,7,14,3,-2.1,27.3,-9.0,0,GAGG,GAGG,odd,even,mc_gagg_oe,3,7,1,123,487,1
1000,8,14,3,2.1,27.3,-9.0,1,K9,K9_V1_PROXY,even,even,mc_k9_ee,4,7,1,124,,
1001,9,14,3,6.3,27.3,-9.0,0,GAGG,GAGG,odd,even,mc_gagg_oe,4,7,1,124,489,1
1002,10,14,3,10.5,27.3,-9.0,1,K9,K9_V1_PROXY,even,even,mc_k9_ee,5,7,1,125,,
1003,11,14,3,14.7,27.3,-9.0,0,GAGG,GAGG,odd,even,mc_gagg_oe,5,7,1,125,491,1
1004,12,14,3,18.9,27.3,-9.0,1,K9,K9_V1_PROXY,even,even,mc_k9_ee,6,7,1,126,,
1005,13,14,3,23.1,27.3,-9.0,0,GAGG,GAGG,odd,even,mc_gagg_oe,6,7,1,126,493,1
1006,14,14,3,27.3,27.3,-9.0,1,K9,K9_V1_PROXY,even,even,mc_k9_ee,7,7,1,127,,
1007,15,14,3,31.5,27.3,-9.0,0,GAGG,GAGG,odd,even,mc_gagg_oe,7,7,1,127,495,1
1008,0,15,3,-31.5,31.5,-9.0,0,GAGG,GAGG,even,odd,mc_gagg_eo,0,7,1,120,496,1
1009,1,15,3,-27.3,31.5,-9.0,1,K9,K9_V1_PROXY,odd,odd,mc_k9_oo,0,7,1,120,,
1010,2,15,3,-23.1,31.5,-9.0,0,GAGG,GAGG,even,odd,mc_gagg_eo,1,7,1,121,498,1
1011,3,15,3,-18.9,31.5,-9.0,1,K9,K9_V1_PROXY,odd,odd,mc_k9_oo,1,7,1,121,,
1012,4,15,3,-14.7,31.5,-9.0,0,GAGG,GAGG,even,odd,mc_gagg_eo,2,7,1,122,500,1
1013,5,15,3,-10.5,31.5,-9.0,1,K9,K9_V1_PROXY,odd,odd,mc_k9_oo,2,7,1,122,,
1014,6,15,3,-6.3,31.5,-9.0,0,GAGG,GAGG,even,odd,mc_gagg_eo,3,7,1,123,502,1
1015,7,15,3,-2.1,31.5,-9.0,1,K9,K9_V1_PROXY,odd,odd,mc_k9_oo,3,7,1,123,,
1016,8,15,3,2.1,31.5,-9.0,0,GAGG,GAGG,even,odd,mc_gagg_eo,4,7,1,124,504,1
1017,9,15,3,6.3,31.5,-9.0,1,K9,K9_V1_PROXY,odd,odd,mc_k9_oo,4,7,1,124,,
1018,10,15,3,10.5,31.5,-9.0,0,GAGG,GAGG,even,odd,mc_gagg_eo,5,7,1,125,506,1
1019,11,15,3,14.7,31.5,-9.0,1,K9,K9_V1_PROXY,odd,odd,mc_k9_oo,5,7,1,125,,
1020,12,15,3,18.9,31.5,-9.0,0,GAGG,GAGG,even,odd,mc_gagg_eo,6,7,1,126,508,1
1021,13,15,3,23.1,31.5,-9.0,1,K9,K9_V1_PROXY,odd,odd,mc_k9_oo,6,7,1,126,,
1022,14,15,3,27.3,31.5,-9.0,0,GAGG,GAGG,even,odd,mc_gagg_eo,7,7,1,127,510,1
1023,15,15,3,31.5,31.5,-9.0,1,K9,K9_V1_PROXY,odd,odd,mc_k9_oo,7,7,1,127,,
1024,0,0,4,-31.5,-31.5,-7.0,0,GAGG,GAGG,even,even,mc_gagg_ee,0,0,2,128,512,2
1025,1,0,4,-27.3,-31.5,-7.0,1,K9,K9_V1_PROXY,odd,even,mc_k9_oe,0,0,2,128,,
1026,2,0,4,-23.1,-31.5,-7.0,0,GAGG,GAGG,even,even,mc_gagg_ee,1,0,2,129,514,2
1027,3,0,4,-18.9,-31.5,-7.0,1,K9,K9_V1_PROXY,odd,even,mc_k9_oe,1,0,2,129,,
1028,4,0,4,-14.7,-31.5,-7.0,0,GAGG,GAGG,even,even,mc_gagg_ee,2,0,2,130,516,2
1029,5,0,4,-10.5,-31.5,-7.0,1,K9,K9_V1_PROXY,odd,even,mc_k9_oe,2,0,2,130,,
1030,6,0,4,-6.3,-31.5,-7.0,0,GAGG,GAGG,even,even,mc_gagg_ee,3,0,2,131,518,2
1031,7,0,4,-2.1,-31.5,-7.0,1,K9,K9_V1_PROXY,odd,even,mc_k9_oe,3,0,2,131,,
1032,8,0,4,2.1,-31.5,-7.0,0,GAGG,GAGG,even,even,mc_gagg_ee,4,0,2,132,520,2
1033,9,0,4,6.3,-31.5,-7.0,1,K9,K9_V1_PROXY,odd,even,mc_k9_oe,4,0,2,132,,
1034,10,0,4,10.5,-31.5,-7.0,0,GAGG,GAGG,even,even,mc_gagg_ee,5,0,2,133,522,2
1035,11,0,4,14.7,-31.5,-7.0,1,K9,K9_V1_PROXY,odd,even,mc_k9_oe,5,0,2,133,,
1036,12,0,4,18.9,-31.5,-7.0,0,GAGG,GAGG,even,even,mc_gagg_ee,6,0,2,134,524,2
1037,13,0,4,23.1,-31.5,-7.0,1,K9,K9_V1_PROXY,odd,even,mc_k9_oe,6,0,2,134,,
1038,14,0,4,27.3,-31.5,-7.0,0,GAGG,GAGG,even,even,mc_gagg_ee,7,0,2,135,526,2
1039,15,0,4,31.5,-31.5,-7.0,1,K9,K9_V1_PROXY,odd,even,mc_k9_oe,7,0,2,135,,
1040,0,1,4,-31.5,-27.3,-7.0,1,K9,K9_V1_PROXY,even,odd,mc_k9_eo,0,0,2,128,,
1041,1,1,4,-27.3,-27.3,-7.0,0,GAGG,GAGG,odd,odd,mc_gagg_oo,0,0,2,128,529,2
1042,2,1,4,-23.1,-27.3,-7.0,1,K9,K9_V1_PROXY,even,odd,mc_k9_eo,1,0,2,129,,
1043,3,1,4,-18.9,-27.3,-7.0,0,GAGG,GAGG,odd,odd,mc_gagg_oo,1,0,2,129,531,2
1044,4,1,4,-14.7,-27.3,-7.0,1,K9,K9_V1_PROXY,even,odd,mc_k9_eo,2,0,2,130,,
1045,5,1,4,-10.5,-27.3,-7.0,0,GAGG,GAGG,odd,odd,mc_gagg_oo,2,0,2,130,533,2
1046,6,1,4,-6.3,-27.3,-7.0,1,K9,K9_V1_PROXY,even,odd,mc_k9_eo,3,0,2,131,,
1047,7,1,4,-2.1,-27.3,-7.0,0,GAGG,GAGG,odd,odd,mc_gagg_oo,3,0,2,131,535,2
1048,8,1,4,2.1,-27.3,-7.0,1,K9,K9_V1_PROXY,even,odd,mc_k9_eo,4,0,2,132,,
1049,9,1,4,6.3,-27.3,-7.0,0,GAGG,GAGG,odd,odd,mc_gagg_oo,4,0,2,132,537,2
1050,10,1,4,10.5,-27.3,-7.0,1,K9,K9_V1_PROXY,even,odd,mc_k9_eo,5,0,2,133,,
1051,11,1,4,14.7,-27.3,-7.0,0,GAGG,GAGG,odd,odd,mc_gagg_oo,5,0,2,133,539,2
1052,12,1,4,18.9,-27.3,-7.0,1,K9,K9_V1_PROXY,even,odd,mc_k9_eo,6,0,2,134,,
1053,13,1,4,23.1,-27.3,-7.0,0,GAGG,GAGG,odd,odd,mc_gagg_oo,6,0,2,134,541,2
1054,14,1,4,27.3,-27.3,-7.0,1,K9,K9_V1_PROXY,even,odd,mc_k9_eo,7,0,2,135,,
1055,15,1,4,31.5,-27.3,-7.0,0,GAGG,GAGG,odd,odd,mc_gagg_oo,7,0,2,135,543,2
1056,0,2,4,-31.5,-23.1,-7.0,0,GAGG,GAGG,even,even,mc_gagg_ee,0,1,2,136,544,2
1057,1,2,4,-27.3,-23.1,-7.0,1,K9,K9_V1_PROXY,odd,even,mc_k9_oe,0,1,2,136,,
1058,2,2,4,-23.1,-23.1,-7.0,0,GAGG,GAGG,even,even,mc_gagg_ee,1,1,2,137,546,2
1059,3,2,4,-18.9,-23.1,-7.0,1,K9,K9_V1_PROXY,odd,even,mc_k9_oe,1,1,2,137,,
1060,4,2,4,-14.7,-23.1,-7.0,0,GAGG,GAGG,even,even,mc_gagg_ee,2,1,2,138,548,2
1061,5,2,4,-10.5,-23.1,-7.0,1,K9,K9_V1_PROXY,odd,even,mc_k9_oe,2,1,2,138,,
1062,6,2,4,-6.3,-23.1,-7.0,0,GAGG,GAGG,even,even,mc_gagg_ee,3,1,2,139,550,2
1063,7,2,4,-2.1,-23.1,-7.0,1,K9,K9_V1_PROXY,odd,even,mc_k9_oe,3,1,2,139,,
1064,8,2,4,2.1,-23.1,-7.0,0,GAGG,GAGG,even,even,mc_gagg_ee,4,1,2,140,552,2
1065,9,2,4,6.3,-23.1,-7.0,1,K9,K9_V1_PROXY,odd,even,mc_k9_oe,4,1,2,140,,
1066,10,2,4,10.5,-23.1,-7.0,0,GAGG,GAGG,even,even,mc_gagg_ee,5,1,2,141,554,2
1067,11,2,4,14.7,-23.1,-7.0,1,K9,K9_V1_PROXY,odd,even,mc_k9_oe,5,1,2,141,,
1068,12,2,4,18.9,-23.1,-7.0,0,GAGG,GAGG,even,even,mc_gagg_ee,6,1,2,142,556,2
1069,13,2,4,23.1,-23.1,-7.0,1,K9,K9_V1_PROXY,odd,even,mc_k9_oe,6,1,2,142,,
1070,14,2,4,27.3,-23.1,-7.0,0,GAGG,GAGG,even,even,mc_gagg_ee,7,1,2,143,558,2
1071,15,2,4,31.5,-23.1,-7.0,1,K9,K9_V1_PROXY,odd,even,mc_k9_oe,7,1,2,143,,
1072,0,3,4,-31.5,-18.9,-7.0,1,K9,K9_V1_PROXY,even,odd,mc_k9_eo,0,1,2,136,,
1073,1,3,4,-27.3,-18.9,-7.0,0,GAGG,GAGG,odd,odd,mc_gagg_oo,0,1,2,136,561,2
1074,2,3,4,-23.1,-18.9,-7.0,1,K9,K9_V1_PROXY,even,odd,mc_k9_eo,1,1,2,137,,
1075,3,3,4,-18.9,-18.9,-7.0,0,GAGG,GAGG,odd,odd,mc_gagg_oo,1,1,2,137,563,2
1076,4,3,4,-14.7,-18.9,-7.0,1,K9,K9_V1_PROXY,even,odd,mc_k9_eo,2,1,2,138,,
1077,5,3,4,-10.5,-18.9,-7.0,0,GAGG,GAGG,odd,odd,mc_gagg_oo,2,1,2,138,565,2
1078,6,3,4,-6.3,-18.9,-7.0,1,K9,K9_V1_PROXY,even,odd,mc_k9_eo,3,1,2,139,,
1079,7,3,4,-2.1,-18.9,-7.0,0,GAGG,GAGG,odd,odd,mc_gagg_oo,3,1,2,139,567,2
1080,8,3,4,2.1,-18.9,-7.0,1,K9,K9_V1_PROXY,even,odd,mc_k9_eo,4,1,2,140,,
1081,9,3,4,6.3,-18.9,-7.0,0,GAGG,GAGG,odd,odd,mc_gagg_oo,4,1,2,140,569,2
1082,10,3,4,10.5,-18.9,-7.0,1,K9,K9_V1_PROXY,even,odd,mc_k9_eo,5,1,2,141,,
1083,11,3,4,14.7,-18.9,-7.0,0,GAGG,GAGG,odd,odd,mc_gagg_oo,5,1,2,141,571,2
1084,12,3,4,18.9,-18.9,-7.0,1,K9,K9_V1_PROXY,even,odd,mc_k9_eo,6,1,2,142,,
1085,13,3,4,23.1,-18.9,-7.0,0,GAGG,GAGG,odd,odd,mc_gagg_oo,6,1,2,142,573,2
1086,14,3,4,27.3,-18.9,-7.0,1,K9,K9_V1_PROXY,even,odd,mc_k9_eo,7,1,2,143,,
1087,15,3,4,31.5,-18.9,-7.0,0,GAGG,GAGG,odd,odd,mc_gagg_oo,7,1,2,143,575,2
1088,0,4,4,-31.5,-14.7,-7.0,0,GAGG,GAGG,even,even,mc_gagg_ee,0,2,2,144,576,2
1089,1,4,4,-27.3,-14.7,-7.0,1,K9,K9_V1_PROXY,odd,even,mc_k9_oe,0,2,2,144,,
1090,2,4,4,-23.1,-14.7,-7.0,0,GAGG,GAGG,even,even,mc_gagg_ee,1,2,2,145,578,2
1091,3,4,4,-18.9,-14.7,-7.0,1,K9,K9_V1_PROXY,odd,even,mc_k9_oe,1,2,2,145,,
1092,4,4,4,-14.7,-14.7,-7.0,0,GAGG,GAGG,even,even,mc_gagg_ee,2,2,2,146,580,2
1093,5,4,4,-10.5,-14.7,-7.0,1,K9,K9_V1_PROXY,odd,even,mc_k9_oe,2,2,2,146,,
1094,6,4,4,-6.3,-14.7,-7.0,0,GAGG,GAGG,even,even,mc_gagg_ee,3,2,2,147,582,2
1095,7,4,4,-2.1,-14.7,-7.0,1,K9,K9_V1_PROXY,odd,even,mc_k9_oe,3,2,2,147,,
1096,8,4,4,2.1,-14.7,-7.0,0,GAGG,GAGG,even,even,mc_gagg_ee,4,2,2,148,584,2
1097,9,4,4,6.3,-14.7,-7.0,1,K9,K9_V1_PROXY,odd,even,mc_k9_oe,4,2,2,148,,
1098,10,4,4,10.5,-14.7,-7.0,0,GAGG,GAGG,even,even,mc_gagg_ee,5,2,2,149,586,2
1099,11,4,4,14.7,-14.7,-7.0,1,K9,K9_V1_PROXY,odd,even,mc_k9_oe,5,2,2,149,,
1100,12,4,4,18.9,-14.7,-7.0,0,GAGG,GAGG,even,even,mc_gagg_ee,6,2,2,150,588,2
1101,13,4,4,23.1,-14.7,-7.0,1,K9,K9_V1_PROXY,odd,even,mc_k9_oe,6,2,2,150,,
1102,14,4,4,27.3,-14.7,-7.0,0,GAGG,GAGG,even,even,mc_gagg_ee,7,2,2,151,590,2
1103,15,4,4,31.5,-14.7,-7.0,1,K9,K9_V1_PROXY,odd,even,mc_k9_oe,7,2,2,151,,
1104,0,5,4,-31.5,-10.5,-7.0,1,K9,K9_V1_PROXY,even,odd,mc_k9_eo,0,2,2,144,,
1105,1,5,4,-27.3,-10.5,-7.0,0,GAGG,GAGG,odd,odd,mc_gagg_oo,0,2,2,144,593,2
1106,2,5,4,-23.1,-10.5,-7.0,1,K9,K9_V1_PROXY,even,odd,mc_k9_eo,1,2,2,145,,
1107,3,5,4,-18.9,-10.5,-7.0,0,GAGG,GAGG,odd,odd,mc_gagg_oo,1,2,2,145,595,2
1108,4,5,4,-14.7,-10.5,-7.0,1,K9,K9_V1_PROXY,even,odd,mc_k9_eo,2,2,2,146,,
1109,5,5,4,-10.5,-10.5,-7.0,0,GAGG,GAGG,odd,odd,mc_gagg_oo,2,2,2,146,597,2
1110,6,5,4,-6.3,-10.5,-7.0,1,K9,K9_V1_PROXY,even,odd,mc_k9_eo,3,2,2,147,,
1111,7,5,4,-2.1,-10.5,-7.0,0,GAGG,GAGG,odd,odd,mc_gagg_oo,3,2,2,147,599,2
1112,8,5,4,2.1,-10.5,-7.0,1,K9,K9_V1_PROXY,even,odd,mc_k9_eo,4,2,2,148,,
1113,9,5,4,6.3,-10.5,-7.0,0,GAGG,GAGG,odd,odd,mc_gagg_oo,4,2,2,148,601,2
1114,10,5,4,10.5,-10.5,-7.0,1,K9,K9_V1_PROXY,even,odd,mc_k9_eo,5,2,2,149,,
1115,11,5,4,14.7,-10.5,-7.0,0,GAGG,GAGG,odd,odd,mc_gagg_oo,5,2,2,149,603,2
1116,12,5,4,18.9,-10.5,-7.0,1,K9,K9_V1_PROXY,even,odd,mc_k9_eo,6,2,2,150,,
1117,13,5,4,23.1,-10.5,-7.0,0,GAGG,GAGG,odd,odd,mc_gagg_oo,6,2,2,150,605,2
1118,14,5,4,27.3,-10.5,-7.0,1,K9,K9_V1_PROXY,even,odd,mc_k9_eo,7,2,2,151,,
1119,15,5,4,31.5,-10.5,-7.0,0,GAGG,GAGG,odd,odd,mc_gagg_oo,7,2,2,151,607,2
1120,0,6,4,-31.5,-6.3,-7.0,0,GAGG,GAGG,even,even,mc_gagg_ee,0,3,2,152,608,2
1121,1,6,4,-27.3,-6.3,-7.0,1,K9,K9_V1_PROXY,odd,even,mc_k9_oe,0,3,2,152,,
1122,2,6,4,-23.1,-6.3,-7.0,0,GAGG,GAGG,even,even,mc_gagg_ee,1,3,2,153,610,2
1123,3,6,4,-18.9,-6.3,-7.0,1,K9,K9_V1_PROXY,odd,even,mc_k9_oe,1,3,2,153,,
1124,4,6,4,-14.7,-6.3,-7.0,0,GAGG,GAGG,even,even,mc_gagg_ee,2,3,2,154,612,2
1125,5,6,4,-10.5,-6.3,-7.0,1,K9,K9_V1_PROXY,odd,even,mc_k9_oe,2,3,2,154,,
1126,6,6,4,-6.3,-6.3,-7.0,0,GAGG,GAGG,even,even,mc_gagg_ee,3,3,2,155,614,2
1127,7,6,4,-2.1,-6.3,-7.0,1,K9,K9_V1_PROXY,odd,even,mc_k9_oe,3,3,2,155,,
1128,8,6,4,2.1,-6.3,-7.0,0,GAGG,GAGG,even,even,mc_gagg_ee,4,3,2,156,616,2
1129,9,6,4,6.3,-6.3,-7.0,1,K9,K9_V1_PROXY,odd,even,mc_k9_oe,4,3,2,156,,
1130,10,6,4,10.5,-6.3,-7.0,0,GAGG,GAGG,even,even,mc_gagg_ee,5,3,2,157,618,2
1131,11,6,4,14.7,-6.3,-7.0,1,K9,K9_V1_PROXY,odd,even,mc_k9_oe,5,3,2,157,,
1132,12,6,4,18.9,-6.3,-7.0,0,GAGG,GAGG,even,even,mc_gagg_ee,6,3,2,158,620,2
1133,13,6,4,23.1,-6.3,-7.0,1,K9,K9_V1_PROXY,odd,even,mc_k9_oe,6,3,2,158,,
1134,14,6,4,27.3,-6.3,-7.0,0,GAGG,GAGG,even,even,mc_gagg_ee,7,3,2,159,622,2
1135,15,6,4,31.5,-6.3,-7.0,1,K9,K9_V1_PROXY,odd,even,mc_k9_oe,7,3,2,159,,
1136,0,7,4,-31.5,-2.1,-7.0,1,K9,K9_V1_PROXY,even,odd,mc_k9_eo,0,3,2,152,,
1137,1,7,4,-27.3,-2.1,-7.0,0,GAGG,GAGG,odd,odd,mc_gagg_oo,0,3,2,152,625,2
1138,2,7,4,-23.1,-2.1,-7.0,1,K9,K9_V1_PROXY,even,odd,mc_k9_eo,1,3,2,153,,
1139,3,7,4,-18.9,-2.1,-7.0,0,GAGG,GAGG,odd,odd,mc_gagg_oo,1,3,2,153,627,2
1140,4,7,4,-14.7,-2.1,-7.0,1,K9,K9_V1_PROXY,even,odd,mc_k9_eo,2,3,2,154,,
1141,5,7,4,-10.5,-2.1,-7.0,0,GAGG,GAGG,odd,odd,mc_gagg_oo,2,3,2,154,629,2
1142,6,7,4,-6.3,-2.1,-7.0,1,K9,K9_V1_PROXY,even,odd,mc_k9_eo,3,3,2,155,,
1143,7,7,4,-2.1,-2.1,-7.0,0,GAGG,GAGG,odd,odd,mc_gagg_oo,3,3,2,155,631,2
1144,8,7,4,2.1,-2.1,-7.0,1,K9,K9_V1_PROXY,even,odd,mc_k9_eo,4,3,2,156,,
1145,9,7,4,6.3,-2.1,-7.0,0,GAGG,GAGG,odd,odd,mc_gagg_oo,4,3,2,156,633,2
1146,10,7,4,10.5,-2.1,-7.0,1,K9,K9_V1_PROXY,even,odd,mc_k9_eo,5,3,2,157,,
1147,11,7,4,14.7,-2.1,-7.0,0,GAGG,GAGG,odd,odd,mc_gagg_oo,5,3,2,157,635,2
1148,12,7,4,18.9,-2.1,-7.0,1,K9,K9_V1_PROXY,even,odd,mc_k9_eo,6,3,2,158,,
1149,13,7,4,23.1,-2.1,-7.0,0,GAGG,GAGG,odd,odd,mc_gagg_oo,6,3,2,158,637,2
1150,14,7,4,27.3,-2.1,-7.0,1,K9,K9_V1_PROXY,even,odd,mc_k9_eo,7,3,2,159,,
1151,15,7,4,31.5,-2.1,-7.0,0,GAGG,GAGG,odd,odd,mc_gagg_oo,7,3,2,159,639,2
1152,0,8,4,-31.5,2.1,-7.0,0,GAGG,GAGG,even,even,mc_gagg_ee,0,4,2,160,640,2
1153,1,8,4,-27.3,2.1,-7.0,1,K9,K9_V1_PROXY,odd,even,mc_k9_oe,0,4,2,160,,
1154,2,8,4,-23.1,2.1,-7.0,0,GAGG,GAGG,even,even,mc_gagg_ee,1,4,2,161,642,2
1155,3,8,4,-18.9,2.1,-7.0,1,K9,K9_V1_PROXY,odd,even,mc_k9_oe,1,4,2,161,,
1156,4,8,4,-14.7,2.1,-7.0,0,GAGG,GAGG,even,even,mc_gagg_ee,2,4,2,162,644,2
1157,5,8,4,-10.5,2.1,-7.0,1,K9,K9_V1_PROXY,odd,even,mc_k9_oe,2,4,2,162,,
1158,6,8,4,-6.3,2.1,-7.0,0,GAGG,GAGG,even,even,mc_gagg_ee,3,4,2,163,646,2
1159,7,8,4,-2.1,2.1,-7.0,1,K9,K9_V1_PROXY,odd,even,mc_k9_oe,3,4,2,163,,
1160,8,8,4,2.1,2.1,-7.0,0,GAGG,GAGG,even,even,mc_gagg_ee,4,4,2,164,648,2
1161,9,8,4,6.3,2.1,-7.0,1,K9,K9_V1_PROXY,odd,even,mc_k9_oe,4,4,2,164,,
1162,10,8,4,10.5,2.1,-7.0,0,GAGG,GAGG,even,even,mc_gagg_ee,5,4,2,165,650,2
1163,11,8,4,14.7,2.1,-7.0,1,K9,K9_V1_PROXY,odd,even,mc_k9_oe,5,4,2,165,,
1164,12,8,4,18.9,2.1,-7.0,0,GAGG,GAGG,even,even,mc_gagg_ee,6,4,2,166,652,2
1165,13,8,4,23.1,2.1,-7.0,1,K9,K9_V1_PROXY,odd,even,mc_k9_oe,6,4,2,166,,
1166,14,8,4,27.3,2.1,-7.0,0,GAGG,GAGG,even,even,mc_gagg_ee,7,4,2,167,654,2
1167,15,8,4,31.5,2.1,-7.0,1,K9,K9_V1_PROXY,odd,even,mc_k9_oe,7,4,2,167,,
1168,0,9,4,-31.5,6.3,-7.0,1,K9,K9_V1_PROXY,even,odd,mc_k9_eo,0,4,2,160,,
1169,1,9,4,-27.3,6.3,-7.0,0,GAGG,GAGG,odd,odd,mc_gagg_oo,0,4,2,160,657,2
1170,2,9,4,-23.1,6.3,-7.0,1,K9,K9_V1_PROXY,even,odd,mc_k9_eo,1,4,2,161,,
1171,3,9,4,-18.9,6.3,-7.0,0,GAGG,GAGG,odd,odd,mc_gagg_oo,1,4,2,161,659,2
1172,4,9,4,-14.7,6.3,-7.0,1,K9,K9_V1_PROXY,even,odd,mc_k9_eo,2,4,2,162,,
1173,5,9,4,-10.5,6.3,-7.0,0,GAGG,GAGG,odd,odd,mc_gagg_oo,2,4,2,162,661,2
1174,6,9,4,-6.3,6.3,-7.0,1,K9,K9_V1_PROXY,even,odd,mc_k9_eo,3,4,2,163,,
1175,7,9,4,-2.1,6.3,-7.0,0,GAGG,GAGG,odd,odd,mc_gagg_oo,3,4,2,163,663,2
1176,8,9,4,2.1,6.3,-7.0,1,K9,K9_V1_PROXY,even,odd,mc_k9_eo,4,4,2,164,,
1177,9,9,4,6.3,6.3,-7.0,0,GAGG,GAGG,odd,odd,mc_gagg_oo,4,4,2,164,665,2
1178,10,9,4,10.5,6.3,-7.0,1,K9,K9_V1_PROXY,even,odd,mc_k9_eo,5,4,2,165,,
1179,11,9,4,14.7,6.3,-7.0,0,GAGG,GAGG,odd,odd,mc_gagg_oo,5,4,2,165,667,2
1180,12,9,4,18.9,6.3,-7.0,1,K9,K9_V1_PROXY,even,odd,mc_k9_eo,6,4,2,166,,
1181,13,9,4,23.1,6.3,-7.0,0,GAGG,GAGG,odd,odd,mc_gagg_oo,6,4,2,166,669,2
1182,14,9,4,27.3,6.3,-7.0,1,K9,K9_V1_PROXY,even,odd,mc_k9_eo,7,4,2,167,,
1183,15,9,4,31.5,6.3,-7.0,0,GAGG,GAGG,odd,odd,mc_gagg_oo,7,4,2,167,671,2
1184,0,10,4,-31.5,10.5,-7.0,0,GAGG,GAGG,even,even,mc_gagg_ee,0,5,2,168,672,2
1185,1,10,4,-27.3,10.5,-7.0,1,K9,K9_V1_PROXY,odd,even,mc_k9_oe,0,5,2,168,,
1186,2,10,4,-23.1,10.5,-7.0,0,GAGG,GAGG,even,even,mc_gagg_ee,1,5,2,169,674,2
1187,3,10,4,-18.9,10.5,-7.0,1,K9,K9_V1_PROXY,odd,even,mc_k9_oe,1,5,2,169,,
1188,4,10,4,-14.7,10.5,-7.0,0,GAGG,GAGG,even,even,mc_gagg_ee,2,5,2,170,676,2
1189,5,10,4,-10.5,10.5,-7.0,1,K9,K9_V1_PROXY,odd,even,mc_k9_oe,2,5,2,170,,
1190,6,10,4,-6.3,10.5,-7.0,0,GAGG,GAGG,even,even,mc_gagg_ee,3,5,2,171,678,2
1191,7,10,4,-2.1,10.5,-7.0,1,K9,K9_V1_PROXY,odd,even,mc_k9_oe,3,5,2,171,,
1192,8,10,4,2.1,10.5,-7.0,0,GAGG,GAGG,even,even,mc_gagg_ee,4,5,2,172,680,2
1193,9,10,4,6.3,10.5,-7.0,1,K9,K9_V1_PROXY,odd,even,mc_k9_oe,4,5,2,172,,
1194,10,10,4,10.5,10.5,-7.0,0,GAGG,GAGG,even,even,mc_gagg_ee,5,5,2,173,682,2
1195,11,10,4,14.7,10.5,-7.0,1,K9,K9_V1_PROXY,odd,even,mc_k9_oe,5,5,2,173,,
1196,12,10,4,18.9,10.5,-7.0,0,GAGG,GAGG,even,even,mc_gagg_ee,6,5,2,174,684,2
1197,13,10,4,23.1,10.5,-7.0,1,K9,K9_V1_PROXY,odd,even,mc_k9_oe,6,5,2,174,,
1198,14,10,4,27.3,10.5,-7.0,0,GAGG,GAGG,even,even,mc_gagg_ee,7,5,2,175,686,2
1199,15,10,4,31.5,10.5,-7.0,1,K9,K9_V1_PROXY,odd,even,mc_k9_oe,7,5,2,175,,
1200,0,11,4,-31.5,14.7,-7.0,1,K9,K9_V1_PROXY,even,odd,mc_k9_eo,0,5,2,168,,
1201,1,11,4,-27.3,14.7,-7.0,0,GAGG,GAGG,odd,odd,mc_gagg_oo,0,5,2,168,689,2
1202,2,11,4,-23.1,14.7,-7.0,1,K9,K9_V1_PROXY,even,odd,mc_k9_eo,1,5,2,169,,
1203,3,11,4,-18.9,14.7,-7.0,0,GAGG,GAGG,odd,odd,mc_gagg_oo,1,5,2,169,691,2
1204,4,11,4,-14.7,14.7,-7.0,1,K9,K9_V1_PROXY,even,odd,mc_k9_eo,2,5,2,170,,
1205,5,11,4,-10.5,14.7,-7.0,0,GAGG,GAGG,odd,odd,mc_gagg_oo,2,5,2,170,693,2
1206,6,11,4,-6.3,14.7,-7.0,1,K9,K9_V1_PROXY,even,odd,mc_k9_eo,3,5,2,171,,
1207,7,11,4,-2.1,14.7,-7.0,0,GAGG,GAGG,odd,odd,mc_gagg_oo,3,5,2,171,695,2
1208,8,11,4,2.1,14.7,-7.0,1,K9,K9_V1_PROXY,even,odd,mc_k9_eo,4,5,2,172,,
1209,9,11,4,6.3,14.7,-7.0,0,GAGG,GAGG,odd,odd,mc_gagg_oo,4,5,2,172,697,2
1210,10,11,4,10.5,14.7,-7.0,1,K9,K9_V1_PROXY,even,odd,mc_k9_eo,5,5,2,173,,
1211,11,11,4,14.7,14.7,-7.0,0,GAGG,GAGG,odd,odd,mc_gagg_oo,5,5,2,173,699,2
1212,12,11,4,18.9,14.7,-7.0,1,K9,K9_V1_PROXY,even,odd,mc_k9_eo,6,5,2,174,,
1213,13,11,4,23.1,14.7,-7.0,0,GAGG,GAGG,odd,odd,mc_gagg_oo,6,5,2,174,701,2
1214,14,11,4,27.3,14.7,-7.0,1,K9,K9_V1_PROXY,even,odd,mc_k9_eo,7,5,2,175,,
1215,15,11,4,31.5,14.7,-7.0,0,GAGG,GAGG,odd,odd,mc_gagg_oo,7,5,2,175,703,2
1216,0,12,4,-31.5,18.9,-7.0,0,GAGG,GAGG,even,even,mc_gagg_ee,0,6,2,176,704,2
1217,1,12,4,-27.3,18.9,-7.0,1,K9,K9_V1_PROXY,odd,even,mc_k9_oe,0,6,2,176,,
1218,2,12,4,-23.1,18.9,-7.0,0,GAGG,GAGG,even,even,mc_gagg_ee,1,6,2,177,706,2
1219,3,12,4,-18.9,18.9,-7.0,1,K9,K9_V1_PROXY,odd,even,mc_k9_oe,1,6,2,177,,
1220,4,12,4,-14.7,18.9,-7.0,0,GAGG,GAGG,even,even,mc_gagg_ee,2,6,2,178,708,2
1221,5,12,4,-10.5,18.9,-7.0,1,K9,K9_V1_PROXY,odd,even,mc_k9_oe,2,6,2,178,,
1222,6,12,4,-6.3,18.9,-7.0,0,GAGG,GAGG,even,even,mc_gagg_ee,3,6,2,179,710,2
1223,7,12,4,-2.1,18.9,-7.0,1,K9,K9_V1_PROXY,odd,even,mc_k9_oe,3,6,2,179,,
1224,8,12,4,2.1,18.9,-7.0,0,GAGG,GAGG,even,even,mc_gagg_ee,4,6,2,180,712,2
1225,9,12,4,6.3,18.9,-7.0,1,K9,K9_V1_PROXY,odd,even,mc_k9_oe,4,6,2,180,,
1226,10,12,4,10.5,18.9,-7.0,0,GAGG,GAGG,even,even,mc_gagg_ee,5,6,2,181,714,2
1227,11,12,4,14.7,18.9,-7.0,1,K9,K9_V1_PROXY,odd,even,mc_k9_oe,5,6,2,181,,
1228,12,12,4,18.9,18.9,-7.0,0,GAGG,GAGG,even,even,mc_gagg_ee,6,6,2,182,716,2
1229,13,12,4,23.1,18.9,-7.0,1,K9,K9_V1_PROXY,odd,even,mc_k9_oe,6,6,2,182,,
1230,14,12,4,27.3,18.9,-7.0,0,GAGG,GAGG,even,even,mc_gagg_ee,7,6,2,183,718,2
1231,15,12,4,31.5,18.9,-7.0,1,K9,K9_V1_PROXY,odd,even,mc_k9_oe,7,6,2,183,,
1232,0,13,4,-31.5,23.1,-7.0,1,K9,K9_V1_PROXY,even,odd,mc_k9_eo,0,6,2,176,,
1233,1,13,4,-27.3,23.1,-7.0,0,GAGG,GAGG,odd,odd,mc_gagg_oo,0,6,2,176,721,2
1234,2,13,4,-23.1,23.1,-7.0,1,K9,K9_V1_PROXY,even,odd,mc_k9_eo,1,6,2,177,,
1235,3,13,4,-18.9,23.1,-7.0,0,GAGG,GAGG,odd,odd,mc_gagg_oo,1,6,2,177,723,2
1236,4,13,4,-14.7,23.1,-7.0,1,K9,K9_V1_PROXY,even,odd,mc_k9_eo,2,6,2,178,,
1237,5,13,4,-10.5,23.1,-7.0,0,GAGG,GAGG,odd,odd,mc_gagg_oo,2,6,2,178,725,2
1238,6,13,4,-6.3,23.1,-7.0,1,K9,K9_V1_PROXY,even,odd,mc_k9_eo,3,6,2,179,,
1239,7,13,4,-2.1,23.1,-7.0,0,GAGG,GAGG,odd,odd,mc_gagg_oo,3,6,2,179,727,2
1240,8,13,4,2.1,23.1,-7.0,1,K9,K9_V1_PROXY,even,odd,mc_k9_eo,4,6,2,180,,
1241,9,13,4,6.3,23.1,-7.0,0,GAGG,GAGG,odd,odd,mc_gagg_oo,4,6,2,180,729,2
1242,10,13,4,10.5,23.1,-7.0,1,K9,K9_V1_PROXY,even,odd,mc_k9_eo,5,6,2,181,,
1243,11,13,4,14.7,23.1,-7.0,0,GAGG,GAGG,odd,odd,mc_gagg_oo,5,6,2,181,731,2
1244,12,13,4,18.9,23.1,-7.0,1,K9,K9_V1_PROXY,even,odd,mc_k9_eo,6,6,2,182,,
1245,13,13,4,23.1,23.1,-7.0,0,GAGG,GAGG,odd,odd,mc_gagg_oo,6,6,2,182,733,2
1246,14,13,4,27.3,23.1,-7.0,1,K9,K9_V1_PROXY,even,odd,mc_k9_eo,7,6,2,183,,
1247,15,13,4,31.5,23.1,-7.0,0,GAGG,GAGG,odd,odd,mc_gagg_oo,7,6,2,183,735,2
1248,0,14,4,-31.5,27.3,-7.0,0,GAGG,GAGG,even,even,mc_gagg_ee,0,7,2,184,736,2
1249,1,14,4,-27.3,27.3,-7.0,1,K9,K9_V1_PROXY,odd,even,mc_k9_oe,0,7,2,184,,
1250,2,14,4,-23.1,27.3,-7.0,0,GAGG,GAGG,even,even,mc_gagg_ee,1,7,2,185,738,2
1251,3,14,4,-18.9,27.3,-7.0,1,K9,K9_V1_PROXY,odd,even,mc_k9_oe,1,7,2,185,,
1252,4,14,4,-14.7,27.3,-7.0,0,GAGG,GAGG,even,even,mc_gagg_ee,2,7,2,186,740,2
1253,5,14,4,-10.5,27.3,-7.0,1,K9,K9_V1_PROXY,odd,even,mc_k9_oe,2,7,2,186,,
1254,6,14,4,-6.3,27.3,-7.0,0,GAGG,GAGG,even,even,mc_gagg_ee,3,7,2,187,742,2
1255,7,14,4,-2.1,27.3,-7.0,1,K9,K9_V1_PROXY,odd,even,mc_k9_oe,3,7,2,187,,
1256,8,14,4,2.1,27.3,-7.0,0,GAGG,GAGG,even,even,mc_gagg_ee,4,7,2,188,744,2
1257,9,14,4,6.3,27.3,-7.0,1,K9,K9_V1_PROXY,odd,even,mc_k9_oe,4,7,2,188,,
1258,10,14,4,10.5,27.3,-7.0,0,GAGG,GAGG,even,even,mc_gagg_ee,5,7,2,189,746,2
1259,11,14,4,14.7,27.3,-7.0,1,K9,K9_V1_PROXY,odd,even,mc_k9_oe,5,7,2,189,,
1260,12,14,4,18.9,27.3,-7.0,0,GAGG,GAGG,even,even,mc_gagg_ee,6,7,2,190,748,2
1261,13,14,4,23.1,27.3,-7.0,1,K9,K9_V1_PROXY,odd,even,mc_k9_oe,6,7,2,190,,
1262,14,14,4,27.3,27.3,-7.0,0,GAGG,GAGG,even,even,mc_gagg_ee,7,7,2,191,750,2
1263,15,14,4,31.5,27.3,-7.0,1,K9,K9_V1_PROXY,odd,even,mc_k9_oe,7,7,2,191,,
1264,0,15,4,-31.5,31.5,-7.0,1,K9,K9_V1_PROXY,even,odd,mc_k9_eo,0,7,2,184,,
1265,1,15,4,-27.3,31.5,-7.0,0,GAGG,GAGG,odd,odd,mc_gagg_oo,0,7,2,184,753,2
1266,2,15,4,-23.1,31.5,-7.0,1,K9,K9_V1_PROXY,even,odd,mc_k9_eo,1,7,2,185,,
1267,3,15,4,-18.9,31.5,-7.0,0,GAGG,GAGG,odd,odd,mc_gagg_oo,1,7,2,185,755,2
1268,4,15,4,-14.7,31.5,-7.0,1,K9,K9_V1_PROXY,even,odd,mc_k9_eo,2,7,2,186,,
1269,5,15,4,-10.5,31.5,-7.0,0,GAGG,GAGG,odd,odd,mc_gagg_oo,2,7,2,186,757,2
1270,6,15,4,-6.3,31.5,-7.0,1,K9,K9_V1_PROXY,even,odd,mc_k9_eo,3,7,2,187,,
1271,7,15,4,-2.1,31.5,-7.0,0,GAGG,GAGG,odd,odd,mc_gagg_oo,3,7,2,187,759,2
1272,8,15,4,2.1,31.5,-7.0,1,K9,K9_V1_PROXY,even,odd,mc_k9_eo,4,7,2,188,,
1273,9,15,4,6.3,31.5,-7.0,0,GAGG,GAGG,odd,odd,mc_gagg_oo,4,7,2,188,761,2
1274,10,15,4,10.5,31.5,-7.0,1,K9,K9_V1_PROXY,even,odd,mc_k9_eo,5,7,2,189,,
1275,11,15,4,14.7,31.5,-7.0,0,GAGG,GAGG,odd,odd,mc_gagg_oo,5,7,2,189,763,2
1276,12,15,4,18.9,31.5,-7.0,1,K9,K9_V1_PROXY,even,odd,mc_k9_eo,6,7,2,190,,
1277,13,15,4,23.1,31.5,-7.0,0,GAGG,GAGG,odd,odd,mc_gagg_oo,6,7,2,190,765,2
1278,14,15,4,27.3,31.5,-7.0,1,K9,K9_V1_PROXY,even,odd,mc_k9_eo,7,7,2,191,,
1279,15,15,4,31.5,31.5,-7.0,0,GAGG,GAGG,odd,odd,mc_gagg_oo,7,7,2,191,767,2
1280,0,0,5,-31.5,-31.5,-5.0,1,K9,K9_V1_PROXY,even,even,mc_k9_ee,0,0,2,128,,
1281,1,0,5,-27.3,-31.5,-5.0,0,GAGG,GAGG,odd,even,mc_gagg_oe,0,0,2,128,513,2
1282,2,0,5,-23.1,-31.5,-5.0,1,K9,K9_V1_PROXY,even,even,mc_k9_ee,1,0,2,129,,
1283,3,0,5,-18.9,-31.5,-5.0,0,GAGG,GAGG,odd,even,mc_gagg_oe,1,0,2,129,515,2
1284,4,0,5,-14.7,-31.5,-5.0,1,K9,K9_V1_PROXY,even,even,mc_k9_ee,2,0,2,130,,
1285,5,0,5,-10.5,-31.5,-5.0,0,GAGG,GAGG,odd,even,mc_gagg_oe,2,0,2,130,517,2
1286,6,0,5,-6.3,-31.5,-5.0,1,K9,K9_V1_PROXY,even,even,mc_k9_ee,3,0,2,131,,
1287,7,0,5,-2.1,-31.5,-5.0,0,GAGG,GAGG,odd,even,mc_gagg_oe,3,0,2,131,519,2
1288,8,0,5,2.1,-31.5,-5.0,1,K9,K9_V1_PROXY,even,even,mc_k9_ee,4,0,2,132,,
1289,9,0,5,6.3,-31.5,-5.0,0,GAGG,GAGG,odd,even,mc_gagg_oe,4,0,2,132,521,2
1290,10,0,5,10.5,-31.5,-5.0,1,K9,K9_V1_PROXY,even,even,mc_k9_ee,5,0,2,133,,
1291,11,0,5,14.7,-31.5,-5.0,0,GAGG,GAGG,odd,even,mc_gagg_oe,5,0,2,133,523,2
1292,12,0,5,18.9,-31.5,-5.0,1,K9,K9_V1_PROXY,even,even,mc_k9_ee,6,0,2,134,,
1293,13,0,5,23.1,-31.5,-5.0,0,GAGG,GAGG,odd,even,mc_gagg_oe,6,0,2,134,525,2
1294,14,0,5,27.3,-31.5,-5.0,1,K9,K9_V1_PROXY,even,even,mc_k9_ee,7,0,2,135,,
1295,15,0,5,31.5,-31.5,-5.0,0,GAGG,GAGG,odd,even,mc_gagg_oe,7,0,2,135,527,2
1296,0,1,5,-31.5,-27.3,-5.0,0,GAGG,GAGG,even,odd,mc_gagg_eo,0,0,2,128,528,2
1297,1,1,5,-27.3,-27.3,-5.0,1,K9,K9_V1_PROXY,odd,odd,mc_k9_oo,0,0,2,128,,
1298,2,1,5,-23.1,-27.3,-5.0,0,GAGG,GAGG,even,odd,mc_gagg_eo,1,0,2,129,530,2
1299,3,1,5,-18.9,-27.3,-5.0,1,K9,K9_V1_PROXY,odd,odd,mc_k9_oo,1,0,2,129,,
1300,4,1,5,-14.7,-27.3,-5.0,0,GAGG,GAGG,even,odd,mc_gagg_eo,2,0,2,130,532,2
1301,5,1,5,-10.5,-27.3,-5.0,1,K9,K9_V1_PROXY,odd,odd,mc_k9_oo,2,0,2,130,,
1302,6,1,5,-6.3,-27.3,-5.0,0,GAGG,GAGG,even,odd,mc_gagg_eo,3,0,2,131,534,2
1303,7,1,5,-2.1,-27.3,-5.0,1,K9,K9_V1_PROXY,odd,odd,mc_k9_oo,3,0,2,131,,
1304,8,1,5,2.1,-27.3,-5.0,0,GAGG,GAGG,even,odd,mc_gagg_eo,4,0,2,132,536,2
1305,9,1,5,6.3,-27.3,-5.0,1,K9,K9_V1_PROXY,odd,odd,mc_k9_oo,4,0,2,132,,
1306,10,1,5,10.5,-27.3,-5.0,0,GAGG,GAGG,even,odd,mc_gagg_eo,5,0,2,133,538,2
1307,11,1,5,14.7,-27.3,-5.0,1,K9,K9_V1_PROXY,odd,odd,mc_k9_oo,5,0,2,133,,
1308,12,1,5,18.9,-27.3,-5.0,0,GAGG,GAGG,even,odd,mc_gagg_eo,6,0,2,134,540,2
1309,13,1,5,23.1,-27.3,-5.0,1,K9,K9_V1_PROXY,odd,odd,mc_k9_oo,6,0,2,134,,
1310,14,1,5,27.3,-27.3,-5.0,0,GAGG,GAGG,even,odd,mc_gagg_eo,7,0,2,135,542,2
1311,15,1,5,31.5,-27.3,-5.0,1,K9,K9_V1_PROXY,odd,odd,mc_k9_oo,7,0,2,135,,
1312,0,2,5,-31.5,-23.1,-5.0,1,K9,K9_V1_PROXY,even,even,mc_k9_ee,0,1,2,136,,
1313,1,2,5,-27.3,-23.1,-5.0,0,GAGG,GAGG,odd,even,mc_gagg_oe,0,1,2,136,545,2
1314,2,2,5,-23.1,-23.1,-5.0,1,K9,K9_V1_PROXY,even,even,mc_k9_ee,1,1,2,137,,
1315,3,2,5,-18.9,-23.1,-5.0,0,GAGG,GAGG,odd,even,mc_gagg_oe,1,1,2,137,547,2
1316,4,2,5,-14.7,-23.1,-5.0,1,K9,K9_V1_PROXY,even,even,mc_k9_ee,2,1,2,138,,
1317,5,2,5,-10.5,-23.1,-5.0,0,GAGG,GAGG,odd,even,mc_gagg_oe,2,1,2,138,549,2
1318,6,2,5,-6.3,-23.1,-5.0,1,K9,K9_V1_PROXY,even,even,mc_k9_ee,3,1,2,139,,
1319,7,2,5,-2.1,-23.1,-5.0,0,GAGG,GAGG,odd,even,mc_gagg_oe,3,1,2,139,551,2
1320,8,2,5,2.1,-23.1,-5.0,1,K9,K9_V1_PROXY,even,even,mc_k9_ee,4,1,2,140,,
1321,9,2,5,6.3,-23.1,-5.0,0,GAGG,GAGG,odd,even,mc_gagg_oe,4,1,2,140,553,2
1322,10,2,5,10.5,-23.1,-5.0,1,K9,K9_V1_PROXY,even,even,mc_k9_ee,5,1,2,141,,
1323,11,2,5,14.7,-23.1,-5.0,0,GAGG,GAGG,odd,even,mc_gagg_oe,5,1,2,141,555,2
1324,12,2,5,18.9,-23.1,-5.0,1,K9,K9_V1_PROXY,even,even,mc_k9_ee,6,1,2,142,,
1325,13,2,5,23.1,-23.1,-5.0,0,GAGG,GAGG,odd,even,mc_gagg_oe,6,1,2,142,557,2
1326,14,2,5,27.3,-23.1,-5.0,1,K9,K9_V1_PROXY,even,even,mc_k9_ee,7,1,2,143,,
1327,15,2,5,31.5,-23.1,-5.0,0,GAGG,GAGG,odd,even,mc_gagg_oe,7,1,2,143,559,2
1328,0,3,5,-31.5,-18.9,-5.0,0,GAGG,GAGG,even,odd,mc_gagg_eo,0,1,2,136,560,2
1329,1,3,5,-27.3,-18.9,-5.0,1,K9,K9_V1_PROXY,odd,odd,mc_k9_oo,0,1,2,136,,
1330,2,3,5,-23.1,-18.9,-5.0,0,GAGG,GAGG,even,odd,mc_gagg_eo,1,1,2,137,562,2
1331,3,3,5,-18.9,-18.9,-5.0,1,K9,K9_V1_PROXY,odd,odd,mc_k9_oo,1,1,2,137,,
1332,4,3,5,-14.7,-18.9,-5.0,0,GAGG,GAGG,even,odd,mc_gagg_eo,2,1,2,138,564,2
1333,5,3,5,-10.5,-18.9,-5.0,1,K9,K9_V1_PROXY,odd,odd,mc_k9_oo,2,1,2,138,,
1334,6,3,5,-6.3,-18.9,-5.0,0,GAGG,GAGG,even,odd,mc_gagg_eo,3,1,2,139,566,2
1335,7,3,5,-2.1,-18.9,-5.0,1,K9,K9_V1_PROXY,odd,odd,mc_k9_oo,3,1,2,139,,
1336,8,3,5,2.1,-18.9,-5.0,0,GAGG,GAGG,even,odd,mc_gagg_eo,4,1,2,140,568,2
1337,9,3,5,6.3,-18.9,-5.0,1,K9,K9_V1_PROXY,odd,odd,mc_k9_oo,4,1,2,140,,
1338,10,3,5,10.5,-18.9,-5.0,0,GAGG,GAGG,even,odd,mc_gagg_eo,5,1,2,141,570,2
1339,11,3,5,14.7,-18.9,-5.0,1,K9,K9_V1_PROXY,odd,odd,mc_k9_oo,5,1,2,141,,
1340,12,3,5,18.9,-18.9,-5.0,0,GAGG,GAGG,even,odd,mc_gagg_eo,6,1,2,142,572,2
1341,13,3,5,23.1,-18.9,-5.0,1,K9,K9_V1_PROXY,odd,odd,mc_k9_oo,6,1,2,142,,
1342,14,3,5,27.3,-18.9,-5.0,0,GAGG,GAGG,even,odd,mc_gagg_eo,7,1,2,143,574,2
1343,15,3,5,31.5,-18.9,-5.0,1,K9,K9_V1_PROXY,odd,odd,mc_k9_oo,7,1,2,143,,
1344,0,4,5,-31.5,-14.7,-5.0,1,K9,K9_V1_PROXY,even,even,mc_k9_ee,0,2,2,144,,
1345,1,4,5,-27.3,-14.7,-5.0,0,GAGG,GAGG,odd,even,mc_gagg_oe,0,2,2,144,577,2
1346,2,4,5,-23.1,-14.7,-5.0,1,K9,K9_V1_PROXY,even,even,mc_k9_ee,1,2,2,145,,
1347,3,4,5,-18.9,-14.7,-5.0,0,GAGG,GAGG,odd,even,mc_gagg_oe,1,2,2,145,579,2
1348,4,4,5,-14.7,-14.7,-5.0,1,K9,K9_V1_PROXY,even,even,mc_k9_ee,2,2,2,146,,
1349,5,4,5,-10.5,-14.7,-5.0,0,GAGG,GAGG,odd,even,mc_gagg_oe,2,2,2,146,581,2
1350,6,4,5,-6.3,-14.7,-5.0,1,K9,K9_V1_PROXY,even,even,mc_k9_ee,3,2,2,147,,
1351,7,4,5,-2.1,-14.7,-5.0,0,GAGG,GAGG,odd,even,mc_gagg_oe,3,2,2,147,583,2
1352,8,4,5,2.1,-14.7,-5.0,1,K9,K9_V1_PROXY,even,even,mc_k9_ee,4,2,2,148,,
1353,9,4,5,6.3,-14.7,-5.0,0,GAGG,GAGG,odd,even,mc_gagg_oe,4,2,2,148,585,2
1354,10,4,5,10.5,-14.7,-5.0,1,K9,K9_V1_PROXY,even,even,mc_k9_ee,5,2,2,149,,
1355,11,4,5,14.7,-14.7,-5.0,0,GAGG,GAGG,odd,even,mc_gagg_oe,5,2,2,149,587,2
1356,12,4,5,18.9,-14.7,-5.0,1,K9,K9_V1_PROXY,even,even,mc_k9_ee,6,2,2,150,,
1357,13,4,5,23.1,-14.7,-5.0,0,GAGG,GAGG,odd,even,mc_gagg_oe,6,2,2,150,589,2
1358,14,4,5,27.3,-14.7,-5.0,1,K9,K9_V1_PROXY,even,even,mc_k9_ee,7,2,2,151,,
1359,15,4,5,31.5,-14.7,-5.0,0,GAGG,GAGG,odd,even,mc_gagg_oe,7,2,2,151,591,2
1360,0,5,5,-31.5,-10.5,-5.0,0,GAGG,GAGG,even,odd,mc_gagg_eo,0,2,2,144,592,2
1361,1,5,5,-27.3,-10.5,-5.0,1,K9,K9_V1_PROXY,odd,odd,mc_k9_oo,0,2,2,144,,
1362,2,5,5,-23.1,-10.5,-5.0,0,GAGG,GAGG,even,odd,mc_gagg_eo,1,2,2,145,594,2
1363,3,5,5,-18.9,-10.5,-5.0,1,K9,K9_V1_PROXY,odd,odd,mc_k9_oo,1,2,2,145,,
1364,4,5,5,-14.7,-10.5,-5.0,0,GAGG,GAGG,even,odd,mc_gagg_eo,2,2,2,146,596,2
1365,5,5,5,-10.5,-10.5,-5.0,1,K9,K9_V1_PROXY,odd,odd,mc_k9_oo,2,2,2,146,,
1366,6,5,5,-6.3,-10.5,-5.0,0,GAGG,GAGG,even,odd,mc_gagg_eo,3,2,2,147,598,2
1367,7,5,5,-2.1,-10.5,-5.0,1,K9,K9_V1_PROXY,odd,odd,mc_k9_oo,3,2,2,147,,
1368,8,5,5,2.1,-10.5,-5.0,0,GAGG,GAGG,even,odd,mc_gagg_eo,4,2,2,148,600,2
1369,9,5,5,6.3,-10.5,-5.0,1,K9,K9_V1_PROXY,odd,odd,mc_k9_oo,4,2,2,148,,
1370,10,5,5,10.5,-10.5,-5.0,0,GAGG,GAGG,even,odd,mc_gagg_eo,5,2,2,149,602,2
1371,11,5,5,14.7,-10.5,-5.0,1,K9,K9_V1_PROXY,odd,odd,mc_k9_oo,5,2,2,149,,
1372,12,5,5,18.9,-10.5,-5.0,0,GAGG,GAGG,even,odd,mc_gagg_eo,6,2,2,150,604,2
1373,13,5,5,23.1,-10.5,-5.0,1,K9,K9_V1_PROXY,odd,odd,mc_k9_oo,6,2,2,150,,
1374,14,5,5,27.3,-10.5,-5.0,0,GAGG,GAGG,even,odd,mc_gagg_eo,7,2,2,151,606,2
1375,15,5,5,31.5,-10.5,-5.0,1,K9,K9_V1_PROXY,odd,odd,mc_k9_oo,7,2,2,151,,
1376,0,6,5,-31.5,-6.3,-5.0,1,K9,K9_V1_PROXY,even,even,mc_k9_ee,0,3,2,152,,
1377,1,6,5,-27.3,-6.3,-5.0,0,GAGG,GAGG,odd,even,mc_gagg_oe,0,3,2,152,609,2
1378,2,6,5,-23.1,-6.3,-5.0,1,K9,K9_V1_PROXY,even,even,mc_k9_ee,1,3,2,153,,
1379,3,6,5,-18.9,-6.3,-5.0,0,GAGG,GAGG,odd,even,mc_gagg_oe,1,3,2,153,611,2
1380,4,6,5,-14.7,-6.3,-5.0,1,K9,K9_V1_PROXY,even,even,mc_k9_ee,2,3,2,154,,
1381,5,6,5,-10.5,-6.3,-5.0,0,GAGG,GAGG,odd,even,mc_gagg_oe,2,3,2,154,613,2
1382,6,6,5,-6.3,-6.3,-5.0,1,K9,K9_V1_PROXY,even,even,mc_k9_ee,3,3,2,155,,
1383,7,6,5,-2.1,-6.3,-5.0,0,GAGG,GAGG,odd,even,mc_gagg_oe,3,3,2,155,615,2
1384,8,6,5,2.1,-6.3,-5.0,1,K9,K9_V1_PROXY,even,even,mc_k9_ee,4,3,2,156,,
1385,9,6,5,6.3,-6.3,-5.0,0,GAGG,GAGG,odd,even,mc_gagg_oe,4,3,2,156,617,2
1386,10,6,5,10.5,-6.3,-5.0,1,K9,K9_V1_PROXY,even,even,mc_k9_ee,5,3,2,157,,
1387,11,6,5,14.7,-6.3,-5.0,0,GAGG,GAGG,odd,even,mc_gagg_oe,5,3,2,157,619,2
1388,12,6,5,18.9,-6.3,-5.0,1,K9,K9_V1_PROXY,even,even,mc_k9_ee,6,3,2,158,,
1389,13,6,5,23.1,-6.3,-5.0,0,GAGG,GAGG,odd,even,mc_gagg_oe,6,3,2,158,621,2
1390,14,6,5,27.3,-6.3,-5.0,1,K9,K9_V1_PROXY,even,even,mc_k9_ee,7,3,2,159,,
1391,15,6,5,31.5,-6.3,-5.0,0,GAGG,GAGG,odd,even,mc_gagg_oe,7,3,2,159,623,2
1392,0,7,5,-31.5,-2.1,-5.0,0,GAGG,GAGG,even,odd,mc_gagg_eo,0,3,2,152,624,2
1393,1,7,5,-27.3,-2.1,-5.0,1,K9,K9_V1_PROXY,odd,odd,mc_k9_oo,0,3,2,152,,
1394,2,7,5,-23.1,-2.1,-5.0,0,GAGG,GAGG,even,odd,mc_gagg_eo,1,3,2,153,626,2
1395,3,7,5,-18.9,-2.1,-5.0,1,K9,K9_V1_PROXY,odd,odd,mc_k9_oo,1,3,2,153,,
1396,4,7,5,-14.7,-2.1,-5.0,0,GAGG,GAGG,even,odd,mc_gagg_eo,2,3,2,154,628,2
1397,5,7,5,-10.5,-2.1,-5.0,1,K9,K9_V1_PROXY,odd,odd,mc_k9_oo,2,3,2,154,,
1398,6,7,5,-6.3,-2.1,-5.0,0,GAGG,GAGG,even,odd,mc_gagg_eo,3,3,2,155,630,2
1399,7,7,5,-2.1,-2.1,-5.0,1,K9,K9_V1_PROXY,odd,odd,mc_k9_oo,3,3,2,155,,
1400,8,7,5,2.1,-2.1,-5.0,0,GAGG,GAGG,even,odd,mc_gagg_eo,4,3,2,156,632,2
1401,9,7,5,6.3,-2.1,-5.0,1,K9,K9_V1_PROXY,odd,odd,mc_k9_oo,4,3,2,156,,
1402,10,7,5,10.5,-2.1,-5.0,0,GAGG,GAGG,even,odd,mc_gagg_eo,5,3,2,157,634,2
1403,11,7,5,14.7,-2.1,-5.0,1,K9,K9_V1_PROXY,odd,odd,mc_k9_oo,5,3,2,157,,
1404,12,7,5,18.9,-2.1,-5.0,0,GAGG,GAGG,even,odd,mc_gagg_eo,6,3,2,158,636,2
1405,13,7,5,23.1,-2.1,-5.0,1,K9,K9_V1_PROXY,odd,odd,mc_k9_oo,6,3,2,158,,
1406,14,7,5,27.3,-2.1,-5.0,0,GAGG,GAGG,even,odd,mc_gagg_eo,7,3,2,159,638,2
1407,15,7,5,31.5,-2.1,-5.0,1,K9,K9_V1_PROXY,odd,odd,mc_k9_oo,7,3,2,159,,
1408,0,8,5,-31.5,2.1,-5.0,1,K9,K9_V1_PROXY,even,even,mc_k9_ee,0,4,2,160,,
1409,1,8,5,-27.3,2.1,-5.0,0,GAGG,GAGG,odd,even,mc_gagg_oe,0,4,2,160,641,2
1410,2,8,5,-23.1,2.1,-5.0,1,K9,K9_V1_PROXY,even,even,mc_k9_ee,1,4,2,161,,
1411,3,8,5,-18.9,2.1,-5.0,0,GAGG,GAGG,odd,even,mc_gagg_oe,1,4,2,161,643,2
1412,4,8,5,-14.7,2.1,-5.0,1,K9,K9_V1_PROXY,even,even,mc_k9_ee,2,4,2,162,,
1413,5,8,5,-10.5,2.1,-5.0,0,GAGG,GAGG,odd,even,mc_gagg_oe,2,4,2,162,645,2
1414,6,8,5,-6.3,2.1,-5.0,1,K9,K9_V1_PROXY,even,even,mc_k9_ee,3,4,2,163,,
1415,7,8,5,-2.1,2.1,-5.0,0,GAGG,GAGG,odd,even,mc_gagg_oe,3,4,2,163,647,2
1416,8,8,5,2.1,2.1,-5.0,1,K9,K9_V1_PROXY,even,even,mc_k9_ee,4,4,2,164,,
1417,9,8,5,6.3,2.1,-5.0,0,GAGG,GAGG,odd,even,mc_gagg_oe,4,4,2,164,649,2
1418,10,8,5,10.5,2.1,-5.0,1,K9,K9_V1_PROXY,even,even,mc_k9_ee,5,4,2,165,,
1419,11,8,5,14.7,2.1,-5.0,0,GAGG,GAGG,odd,even,mc_gagg_oe,5,4,2,165,651,2
1420,12,8,5,18.9,2.1,-5.0,1,K9,K9_V1_PROXY,even,even,mc_k9_ee,6,4,2,166,,
1421,13,8,5,23.1,2.1,-5.0,0,GAGG,GAGG,odd,even,mc_gagg_oe,6,4,2,166,653,2
1422,14,8,5,27.3,2.1,-5.0,1,K9,K9_V1_PROXY,even,even,mc_k9_ee,7,4,2,167,,
1423,15,8,5,31.5,2.1,-5.0,0,GAGG,GAGG,odd,even,mc_gagg_oe,7,4,2,167,655,2
1424,0,9,5,-31.5,6.3,-5.0,0,GAGG,GAGG,even,odd,mc_gagg_eo,0,4,2,160,656,2
1425,1,9,5,-27.3,6.3,-5.0,1,K9,K9_V1_PROXY,odd,odd,mc_k9_oo,0,4,2,160,,
1426,2,9,5,-23.1,6.3,-5.0,0,GAGG,GAGG,even,odd,mc_gagg_eo,1,4,2,161,658,2
1427,3,9,5,-18.9,6.3,-5.0,1,K9,K9_V1_PROXY,odd,odd,mc_k9_oo,1,4,2,161,,
1428,4,9,5,-14.7,6.3,-5.0,0,GAGG,GAGG,even,odd,mc_gagg_eo,2,4,2,162,660,2
1429,5,9,5,-10.5,6.3,-5.0,1,K9,K9_V1_PROXY,odd,odd,mc_k9_oo,2,4,2,162,,
1430,6,9,5,-6.3,6.3,-5.0,0,GAGG,GAGG,even,odd,mc_gagg_eo,3,4,2,163,662,2
1431,7,9,5,-2.1,6.3,-5.0,1,K9,K9_V1_PROXY,odd,odd,mc_k9_oo,3,4,2,163,,
1432,8,9,5,2.1,6.3,-5.0,0,GAGG,GAGG,even,odd,mc_gagg_eo,4,4,2,164,664,2
1433,9,9,5,6.3,6.3,-5.0,1,K9,K9_V1_PROXY,odd,odd,mc_k9_oo,4,4,2,164,,
1434,10,9,5,10.5,6.3,-5.0,0,GAGG,GAGG,even,odd,mc_gagg_eo,5,4,2,165,666,2
1435,11,9,5,14.7,6.3,-5.0,1,K9,K9_V1_PROXY,odd,odd,mc_k9_oo,5,4,2,165,,
1436,12,9,5,18.9,6.3,-5.0,0,GAGG,GAGG,even,odd,mc_gagg_eo,6,4,2,166,668,2
1437,13,9,5,23.1,6.3,-5.0,1,K9,K9_V1_PROXY,odd,odd,mc_k9_oo,6,4,2,166,,
1438,14,9,5,27.3,6.3,-5.0,0,GAGG,GAGG,even,odd,mc_gagg_eo,7,4,2,167,670,2
1439,15,9,5,31.5,6.3,-5.0,1,K9,K9_V1_PROXY,odd,odd,mc_k9_oo,7,4,2,167,,
1440,0,10,5,-31.5,10.5,-5.0,1,K9,K9_V1_PROXY,even,even,mc_k9_ee,0,5,2,168,,
1441,1,10,5,-27.3,10.5,-5.0,0,GAGG,GAGG,odd,even,mc_gagg_oe,0,5,2,168,673,2
1442,2,10,5,-23.1,10.5,-5.0,1,K9,K9_V1_PROXY,even,even,mc_k9_ee,1,5,2,169,,
1443,3,10,5,-18.9,10.5,-5.0,0,GAGG,GAGG,odd,even,mc_gagg_oe,1,5,2,169,675,2
1444,4,10,5,-14.7,10.5,-5.0,1,K9,K9_V1_PROXY,even,even,mc_k9_ee,2,5,2,170,,
1445,5,10,5,-10.5,10.5,-5.0,0,GAGG,GAGG,odd,even,mc_gagg_oe,2,5,2,170,677,2
1446,6,10,5,-6.3,10.5,-5.0,1,K9,K9_V1_PROXY,even,even,mc_k9_ee,3,5,2,171,,
1447,7,10,5,-2.1,10.5,-5.0,0,GAGG,GAGG,odd,even,mc_gagg_oe,3,5,2,171,679,2
1448,8,10,5,2.1,10.5,-5.0,1,K9,K9_V1_PROXY,even,even,mc_k9_ee,4,5,2,172,,
1449,9,10,5,6.3,10.5,-5.0,0,GAGG,GAGG,odd,even,mc_gagg_oe,4,5,2,172,681,2
1450,10,10,5,10.5,10.5,-5.0,1,K9,K9_V1_PROXY,even,even,mc_k9_ee,5,5,2,173,,
1451,11,10,5,14.7,10.5,-5.0,0,GAGG,GAGG,odd,even,mc_gagg_oe,5,5,2,173,683,2
1452,12,10,5,18.9,10.5,-5.0,1,K9,K9_V1_PROXY,even,even,mc_k9_ee,6,5,2,174,,
1453,13,10,5,23.1,10.5,-5.0,0,GAGG,GAGG,odd,even,mc_gagg_oe,6,5,2,174,685,2
1454,14,10,5,27.3,10.5,-5.0,1,K9,K9_V1_PROXY,even,even,mc_k9_ee,7,5,2,175,,
1455,15,10,5,31.5,10.5,-5.0,0,GAGG,GAGG,odd,even,mc_gagg_oe,7,5,2,175,687,2
1456,0,11,5,-31.5,14.7,-5.0,0,GAGG,GAGG,even,odd,mc_gagg_eo,0,5,2,168,688,2
1457,1,11,5,-27.3,14.7,-5.0,1,K9,K9_V1_PROXY,odd,odd,mc_k9_oo,0,5,2,168,,
1458,2,11,5,-23.1,14.7,-5.0,0,GAGG,GAGG,even,odd,mc_gagg_eo,1,5,2,169,690,2
1459,3,11,5,-18.9,14.7,-5.0,1,K9,K9_V1_PROXY,odd,odd,mc_k9_oo,1,5,2,169,,
1460,4,11,5,-14.7,14.7,-5.0,0,GAGG,GAGG,even,odd,mc_gagg_eo,2,5,2,170,692,2
1461,5,11,5,-10.5,14.7,-5.0,1,K9,K9_V1_PROXY,odd,odd,mc_k9_oo,2,5,2,170,,
1462,6,11,5,-6.3,14.7,-5.0,0,GAGG,GAGG,even,odd,mc_gagg_eo,3,5,2,171,694,2
1463,7,11,5,-2.1,14.7,-5.0,1,K9,K9_V1_PROXY,odd,odd,mc_k9_oo,3,5,2,171,,
1464,8,11,5,2.1,14.7,-5.0,0,GAGG,GAGG,even,odd,mc_gagg_eo,4,5,2,172,696,2
1465,9,11,5,6.3,14.7,-5.0,1,K9,K9_V1_PROXY,odd,odd,mc_k9_oo,4,5,2,172,,
1466,10,11,5,10.5,14.7,-5.0,0,GAGG,GAGG,even,odd,mc_gagg_eo,5,5,2,173,698,2
1467,11,11,5,14.7,14.7,-5.0,1,K9,K9_V1_PROXY,odd,odd,mc_k9_oo,5,5,2,173,,
1468,12,11,5,18.9,14.7,-5.0,0,GAGG,GAGG,even,odd,mc_gagg_eo,6,5,2,174,700,2
1469,13,11,5,23.1,14.7,-5.0,1,K9,K9_V1_PROXY,odd,odd,mc_k9_oo,6,5,2,174,,
1470,14,11,5,27.3,14.7,-5.0,0,GAGG,GAGG,even,odd,mc_gagg_eo,7,5,2,175,702,2
1471,15,11,5,31.5,14.7,-5.0,1,K9,K9_V1_PROXY,odd,odd,mc_k9_oo,7,5,2,175,,
1472,0,12,5,-31.5,18.9,-5.0,1,K9,K9_V1_PROXY,even,even,mc_k9_ee,0,6,2,176,,
1473,1,12,5,-27.3,18.9,-5.0,0,GAGG,GAGG,odd,even,mc_gagg_oe,0,6,2,176,705,2
1474,2,12,5,-23.1,18.9,-5.0,1,K9,K9_V1_PROXY,even,even,mc_k9_ee,1,6,2,177,,
1475,3,12,5,-18.9,18.9,-5.0,0,GAGG,GAGG,odd,even,mc_gagg_oe,1,6,2,177,707,2
1476,4,12,5,-14.7,18.9,-5.0,1,K9,K9_V1_PROXY,even,even,mc_k9_ee,2,6,2,178,,
1477,5,12,5,-10.5,18.9,-5.0,0,GAGG,GAGG,odd,even,mc_gagg_oe,2,6,2,178,709,2
1478,6,12,5,-6.3,18.9,-5.0,1,K9,K9_V1_PROXY,even,even,mc_k9_ee,3,6,2,179,,
1479,7,12,5,-2.1,18.9,-5.0,0,GAGG,GAGG,odd,even,mc_gagg_oe,3,6,2,179,711,2
1480,8,12,5,2.1,18.9,-5.0,1,K9,K9_V1_PROXY,even,even,mc_k9_ee,4,6,2,180,,
1481,9,12,5,6.3,18.9,-5.0,0,GAGG,GAGG,odd,even,mc_gagg_oe,4,6,2,180,713,2
1482,10,12,5,10.5,18.9,-5.0,1,K9,K9_V1_PROXY,even,even,mc_k9_ee,5,6,2,181,,
1483,11,12,5,14.7,18.9,-5.0,0,GAGG,GAGG,odd,even,mc_gagg_oe,5,6,2,181,715,2
1484,12,12,5,18.9,18.9,-5.0,1,K9,K9_V1_PROXY,even,even,mc_k9_ee,6,6,2,182,,
1485,13,12,5,23.1,18.9,-5.0,0,GAGG,GAGG,odd,even,mc_gagg_oe,6,6,2,182,717,2
1486,14,12,5,27.3,18.9,-5.0,1,K9,K9_V1_PROXY,even,even,mc_k9_ee,7,6,2,183,,
1487,15,12,5,31.5,18.9,-5.0,0,GAGG,GAGG,odd,even,mc_gagg_oe,7,6,2,183,719,2
1488,0,13,5,-31.5,23.1,-5.0,0,GAGG,GAGG,even,odd,mc_gagg_eo,0,6,2,176,720,2
1489,1,13,5,-27.3,23.1,-5.0,1,K9,K9_V1_PROXY,odd,odd,mc_k9_oo,0,6,2,176,,
1490,2,13,5,-23.1,23.1,-5.0,0,GAGG,GAGG,even,odd,mc_gagg_eo,1,6,2,177,722,2
1491,3,13,5,-18.9,23.1,-5.0,1,K9,K9_V1_PROXY,odd,odd,mc_k9_oo,1,6,2,177,,
1492,4,13,5,-14.7,23.1,-5.0,0,GAGG,GAGG,even,odd,mc_gagg_eo,2,6,2,178,724,2
1493,5,13,5,-10.5,23.1,-5.0,1,K9,K9_V1_PROXY,odd,odd,mc_k9_oo,2,6,2,178,,
1494,6,13,5,-6.3,23.1,-5.0,0,GAGG,GAGG,even,odd,mc_gagg_eo,3,6,2,179,726,2
1495,7,13,5,-2.1,23.1,-5.0,1,K9,K9_V1_PROXY,odd,odd,mc_k9_oo,3,6,2,179,,
1496,8,13,5,2.1,23.1,-5.0,0,GAGG,GAGG,even,odd,mc_gagg_eo,4,6,2,180,728,2
1497,9,13,5,6.3,23.1,-5.0,1,K9,K9_V1_PROXY,odd,odd,mc_k9_oo,4,6,2,180,,
1498,10,13,5,10.5,23.1,-5.0,0,GAGG,GAGG,even,odd,mc_gagg_eo,5,6,2,181,730,2
1499,11,13,5,14.7,23.1,-5.0,1,K9,K9_V1_PROXY,odd,odd,mc_k9_oo,5,6,2,181,,
1500,12,13,5,18.9,23.1,-5.0,0,GAGG,GAGG,even,odd,mc_gagg_eo,6,6,2,182,732,2
1501,13,13,5,23.1,23.1,-5.0,1,K9,K9_V1_PROXY,odd,odd,mc_k9_oo,6,6,2,182,,
1502,14,13,5,27.3,23.1,-5.0,0,GAGG,GAGG,even,odd,mc_gagg_eo,7,6,2,183,734,2
1503,15,13,5,31.5,23.1,-5.0,1,K9,K9_V1_PROXY,odd,odd,mc_k9_oo,7,6,2,183,,
1504,0,14,5,-31.5,27.3,-5.0,1,K9,K9_V1_PROXY,even,even,mc_k9_ee,0,7,2,184,,
1505,1,14,5,-27.3,27.3,-5.0,0,GAGG,GAGG,odd,even,mc_gagg_oe,0,7,2,184,737,2
1506,2,14,5,-23.1,27.3,-5.0,1,K9,K9_V1_PROXY,even,even,mc_k9_ee,1,7,2,185,,
1507,3,14,5,-18.9,27.3,-5.0,0,GAGG,GAGG,odd,even,mc_gagg_oe,1,7,2,185,739,2
1508,4,14,5,-14.7,27.3,-5.0,1,K9,K9_V1_PROXY,even,even,mc_k9_ee,2,7,2,186,,
1509,5,14,5,-10.5,27.3,-5.0,0,GAGG,GAGG,odd,even,mc_gagg_oe,2,7,2,186,741,2
1510,6,14,5,-6.3,27.3,-5.0,1,K9,K9_V1_PROXY,even,even,mc_k9_ee,3,7,2,187,,
1511,7,14,5,-2.1,27.3,-5.0,0,GAGG,GAGG,odd,even,mc_gagg_oe,3,7,2,187,743,2
1512,8,14,5,2.1,27.3,-5.0,1,K9,K9_V1_PROXY,even,even,mc_k9_ee,4,7,2,188,,
1513,9,14,5,6.3,27.3,-5.0,0,GAGG,GAGG,odd,even,mc_gagg_oe,4,7,2,188,745,2
1514,10,14,5,10.5,27.3,-5.0,1,K9,K9_V1_PROXY,even,even,mc_k9_ee,5,7,2,189,,
1515,11,14,5,14.7,27.3,-5.0,0,GAGG,GAGG,odd,even,mc_gagg_oe,5,7,2,189,747,2
1516,12,14,5,18.9,27.3,-5.0,1,K9,K9_V1_PROXY,even,even,mc_k9_ee,6,7,2,190,,
1517,13,14,5,23.1,27.3,-5.0,0,GAGG,GAGG,odd,even,mc_gagg_oe,6,7,2,190,749,2
1518,14,14,5,27.3,27.3,-5.0,1,K9,K9_V1_PROXY,even,even,mc_k9_ee,7,7,2,191,,
1519,15,14,5,31.5,27.3,-5.0,0,GAGG,GAGG,odd,even,mc_gagg_oe,7,7,2,191,751,2
1520,0,15,5,-31.5,31.5,-5.0,0,GAGG,GAGG,even,odd,mc_gagg_eo,0,7,2,184,752,2
1521,1,15,5,-27.3,31.5,-5.0,1,K9,K9_V1_PROXY,odd,odd,mc_k9_oo,0,7,2,184,,
1522,2,15,5,-23.1,31.5,-5.0,0,GAGG,GAGG,even,odd,mc_gagg_eo,1,7,2,185,754,2
1523,3,15,5,-18.9,31.5,-5.0,1,K9,K9_V1_PROXY,odd,odd,mc_k9_oo,1,7,2,185,,
1524,4,15,5,-14.7,31.5,-5.0,0,GAGG,GAGG,even,odd,mc_gagg_eo,2,7,2,186,756,2
1525,5,15,5,-10.5,31.5,-5.0,1,K9,K9_V1_PROXY,odd,odd,mc_k9_oo,2,7,2,186,,
1526,6,15,5,-6.3,31.5,-5.0,0,GAGG,GAGG,even,odd,mc_gagg_eo,3,7,2,187,758,2
1527,7,15,5,-2.1,31.5,-5.0,1,K9,K9_V1_PROXY,odd,odd,mc_k9_oo,3,7,2,187,,
1528,8,15,5,2.1,31.5,-5.0,0,GAGG,GAGG,even,odd,mc_gagg_eo,4,7,2,188,760,2
1529,9,15,5,6.3,31.5,-5.0,1,K9,K9_V1_PROXY,odd,odd,mc_k9_oo,4,7,2,188,,
1530,10,15,5,10.5,31.5,-5.0,0,GAGG,GAGG,even,odd,mc_gagg_eo,5,7,2,189,762,2
1531,11,15,5,14.7,31.5,-5.0,1,K9,K9_V1_PROXY,odd,odd,mc_k9_oo,5,7,2,189,,
1532,12,15,5,18.9,31.5,-5.0,0,GAGG,GAGG,even,odd,mc_gagg_eo,6,7,2,190,764,2
1533,13,15,5,23.1,31.5,-5.0,1,K9,K9_V1_PROXY,odd,odd,mc_k9_oo,6,7,2,190,,
1534,14,15,5,27.3,31.5,-5.0,0,GAGG,GAGG,even,odd,mc_gagg_eo,7,7,2,191,766,2
1535,15,15,5,31.5,31.5,-5.0,1,K9,K9_V1_PROXY,odd,odd,mc_k9_oo,7,7,2,191,,
1536,0,0,6,-31.5,-31.5,-3.0,0,GAGG,GAGG,even,even,mc_gagg_ee,0,0,3,192,768,3
1537,1,0,6,-27.3,-31.5,-3.0,1,K9,K9_V1_PROXY,odd,even,mc_k9_oe,0,0,3,192,,
1538,2,0,6,-23.1,-31.5,-3.0,0,GAGG,GAGG,even,even,mc_gagg_ee,1,0,3,193,770,3
1539,3,0,6,-18.9,-31.5,-3.0,1,K9,K9_V1_PROXY,odd,even,mc_k9_oe,1,0,3,193,,
1540,4,0,6,-14.7,-31.5,-3.0,0,GAGG,GAGG,even,even,mc_gagg_ee,2,0,3,194,772,3
1541,5,0,6,-10.5,-31.5,-3.0,1,K9,K9_V1_PROXY,odd,even,mc_k9_oe,2,0,3,194,,
1542,6,0,6,-6.3,-31.5,-3.0,0,GAGG,GAGG,even,even,mc_gagg_ee,3,0,3,195,774,3
1543,7,0,6,-2.1,-31.5,-3.0,1,K9,K9_V1_PROXY,odd,even,mc_k9_oe,3,0,3,195,,
1544,8,0,6,2.1,-31.5,-3.0,0,GAGG,GAGG,even,even,mc_gagg_ee,4,0,3,196,776,3
1545,9,0,6,6.3,-31.5,-3.0,1,K9,K9_V1_PROXY,odd,even,mc_k9_oe,4,0,3,196,,
1546,10,0,6,10.5,-31.5,-3.0,0,GAGG,GAGG,even,even,mc_gagg_ee,5,0,3,197,778,3
1547,11,0,6,14.7,-31.5,-3.0,1,K9,K9_V1_PROXY,odd,even,mc_k9_oe,5,0,3,197,,
1548,12,0,6,18.9,-31.5,-3.0,0,GAGG,GAGG,even,even,mc_gagg_ee,6,0,3,198,780,3
1549,13,0,6,23.1,-31.5,-3.0,1,K9,K9_V1_PROXY,odd,even,mc_k9_oe,6,0,3,198,,
1550,14,0,6,27.3,-31.5,-3.0,0,GAGG,GAGG,even,even,mc_gagg_ee,7,0,3,199,782,3
1551,15,0,6,31.5,-31.5,-3.0,1,K9,K9_V1_PROXY,odd,even,mc_k9_oe,7,0,3,199,,
1552,0,1,6,-31.5,-27.3,-3.0,1,K9,K9_V1_PROXY,even,odd,mc_k9_eo,0,0,3,192,,
1553,1,1,6,-27.3,-27.3,-3.0,0,GAGG,GAGG,odd,odd,mc_gagg_oo,0,0,3,192,785,3
1554,2,1,6,-23.1,-27.3,-3.0,1,K9,K9_V1_PROXY,even,odd,mc_k9_eo,1,0,3,193,,
1555,3,1,6,-18.9,-27.3,-3.0,0,GAGG,GAGG,odd,odd,mc_gagg_oo,1,0,3,193,787,3
1556,4,1,6,-14.7,-27.3,-3.0,1,K9,K9_V1_PROXY,even,odd,mc_k9_eo,2,0,3,194,,
1557,5,1,6,-10.5,-27.3,-3.0,0,GAGG,GAGG,odd,odd,mc_gagg_oo,2,0,3,194,789,3
1558,6,1,6,-6.3,-27.3,-3.0,1,K9,K9_V1_PROXY,even,odd,mc_k9_eo,3,0,3,195,,
1559,7,1,6,-2.1,-27.3,-3.0,0,GAGG,GAGG,odd,odd,mc_gagg_oo,3,0,3,195,791,3
1560,8,1,6,2.1,-27.3,-3.0,1,K9,K9_V1_PROXY,even,odd,mc_k9_eo,4,0,3,196,,
1561,9,1,6,6.3,-27.3,-3.0,0,GAGG,GAGG,odd,odd,mc_gagg_oo,4,0,3,196,793,3
1562,10,1,6,10.5,-27.3,-3.0,1,K9,K9_V1_PROXY,even,odd,mc_k9_eo,5,0,3,197,,
1563,11,1,6,14.7,-27.3,-3.0,0,GAGG,GAGG,odd,odd,mc_gagg_oo,5,0,3,197,795,3
1564,12,1,6,18.9,-27.3,-3.0,1,K9,K9_V1_PROXY,even,odd,mc_k9_eo,6,0,3,198,,
1565,13,1,6,23.1,-27.3,-3.0,0,GAGG,GAGG,odd,odd,mc_gagg_oo,6,0,3,198,797,3
1566,14,1,6,27.3,-27.3,-3.0,1,K9,K9_V1_PROXY,even,odd,mc_k9_eo,7,0,3,199,,
1567,15,1,6,31.5,-27.3,-3.0,0,GAGG,GAGG,odd,odd,mc_gagg_oo,7,0,3,199,799,3
1568,0,2,6,-31.5,-23.1,-3.0,0,GAGG,GAGG,even,even,mc_gagg_ee,0,1,3,200,800,3
1569,1,2,6,-27.3,-23.1,-3.0,1,K9,K9_V1_PROXY,odd,even,mc_k9_oe,0,1,3,200,,
1570,2,2,6,-23.1,-23.1,-3.0,0,GAGG,GAGG,even,even,mc_gagg_ee,1,1,3,201,802,3
1571,3,2,6,-18.9,-23.1,-3.0,1,K9,K9_V1_PROXY,odd,even,mc_k9_oe,1,1,3,201,,
1572,4,2,6,-14.7,-23.1,-3.0,0,GAGG,GAGG,even,even,mc_gagg_ee,2,1,3,202,804,3
1573,5,2,6,-10.5,-23.1,-3.0,1,K9,K9_V1_PROXY,odd,even,mc_k9_oe,2,1,3,202,,
1574,6,2,6,-6.3,-23.1,-3.0,0,GAGG,GAGG,even,even,mc_gagg_ee,3,1,3,203,806,3
1575,7,2,6,-2.1,-23.1,-3.0,1,K9,K9_V1_PROXY,odd,even,mc_k9_oe,3,1,3,203,,
1576,8,2,6,2.1,-23.1,-3.0,0,GAGG,GAGG,even,even,mc_gagg_ee,4,1,3,204,808,3
1577,9,2,6,6.3,-23.1,-3.0,1,K9,K9_V1_PROXY,odd,even,mc_k9_oe,4,1,3,204,,
1578,10,2,6,10.5,-23.1,-3.0,0,GAGG,GAGG,even,even,mc_gagg_ee,5,1,3,205,810,3
1579,11,2,6,14.7,-23.1,-3.0,1,K9,K9_V1_PROXY,odd,even,mc_k9_oe,5,1,3,205,,
1580,12,2,6,18.9,-23.1,-3.0,0,GAGG,GAGG,even,even,mc_gagg_ee,6,1,3,206,812,3
1581,13,2,6,23.1,-23.1,-3.0,1,K9,K9_V1_PROXY,odd,even,mc_k9_oe,6,1,3,206,,
1582,14,2,6,27.3,-23.1,-3.0,0,GAGG,GAGG,even,even,mc_gagg_ee,7,1,3,207,814,3
1583,15,2,6,31.5,-23.1,-3.0,1,K9,K9_V1_PROXY,odd,even,mc_k9_oe,7,1,3,207,,
1584,0,3,6,-31.5,-18.9,-3.0,1,K9,K9_V1_PROXY,even,odd,mc_k9_eo,0,1,3,200,,
1585,1,3,6,-27.3,-18.9,-3.0,0,GAGG,GAGG,odd,odd,mc_gagg_oo,0,1,3,200,817,3
1586,2,3,6,-23.1,-18.9,-3.0,1,K9,K9_V1_PROXY,even,odd,mc_k9_eo,1,1,3,201,,
1587,3,3,6,-18.9,-18.9,-3.0,0,GAGG,GAGG,odd,odd,mc_gagg_oo,1,1,3,201,819,3
1588,4,3,6,-14.7,-18.9,-3.0,1,K9,K9_V1_PROXY,even,odd,mc_k9_eo,2,1,3,202,,
1589,5,3,6,-10.5,-18.9,-3.0,0,GAGG,GAGG,odd,odd,mc_gagg_oo,2,1,3,202,821,3
1590,6,3,6,-6.3,-18.9,-3.0,1,K9,K9_V1_PROXY,even,odd,mc_k9_eo,3,1,3,203,,
1591,7,3,6,-2.1,-18.9,-3.0,0,GAGG,GAGG,odd,odd,mc_gagg_oo,3,1,3,203,823,3
1592,8,3,6,2.1,-18.9,-3.0,1,K9,K9_V1_PROXY,even,odd,mc_k9_eo,4,1,3,204,,
1593,9,3,6,6.3,-18.9,-3.0,0,GAGG,GAGG,odd,odd,mc_gagg_oo,4,1,3,204,825,3
1594,10,3,6,10.5,-18.9,-3.0,1,K9,K9_V1_PROXY,even,odd,mc_k9_eo,5,1,3,205,,
1595,11,3,6,14.7,-18.9,-3.0,0,GAGG,GAGG,odd,odd,mc_gagg_oo,5,1,3,205,827,3
1596,12,3,6,18.9,-18.9,-3.0,1,K9,K9_V1_PROXY,even,odd,mc_k9_eo,6,1,3,206,,
1597,13,3,6,23.1,-18.9,-3.0,0,GAGG,GAGG,odd,odd,mc_gagg_oo,6,1,3,206,829,3
1598,14,3,6,27.3,-18.9,-3.0,1,K9,K9_V1_PROXY,even,odd,mc_k9_eo,7,1,3,207,,
1599,15,3,6,31.5,-18.9,-3.0,0,GAGG,GAGG,odd,odd,mc_gagg_oo,7,1,3,207,831,3
1600,0,4,6,-31.5,-14.7,-3.0,0,GAGG,GAGG,even,even,mc_gagg_ee,0,2,3,208,832,3
1601,1,4,6,-27.3,-14.7,-3.0,1,K9,K9_V1_PROXY,odd,even,mc_k9_oe,0,2,3,208,,
1602,2,4,6,-23.1,-14.7,-3.0,0,GAGG,GAGG,even,even,mc_gagg_ee,1,2,3,209,834,3
1603,3,4,6,-18.9,-14.7,-3.0,1,K9,K9_V1_PROXY,odd,even,mc_k9_oe,1,2,3,209,,
1604,4,4,6,-14.7,-14.7,-3.0,0,GAGG,GAGG,even,even,mc_gagg_ee,2,2,3,210,836,3
1605,5,4,6,-10.5,-14.7,-3.0,1,K9,K9_V1_PROXY,odd,even,mc_k9_oe,2,2,3,210,,
1606,6,4,6,-6.3,-14.7,-3.0,0,GAGG,GAGG,even,even,mc_gagg_ee,3,2,3,211,838,3
1607,7,4,6,-2.1,-14.7,-3.0,1,K9,K9_V1_PROXY,odd,even,mc_k9_oe,3,2,3,211,,
1608,8,4,6,2.1,-14.7,-3.0,0,GAGG,GAGG,even,even,mc_gagg_ee,4,2,3,212,840,3
1609,9,4,6,6.3,-14.7,-3.0,1,K9,K9_V1_PROXY,odd,even,mc_k9_oe,4,2,3,212,,
1610,10,4,6,10.5,-14.7,-3.0,0,GAGG,GAGG,even,even,mc_gagg_ee,5,2,3,213,842,3
1611,11,4,6,14.7,-14.7,-3.0,1,K9,K9_V1_PROXY,odd,even,mc_k9_oe,5,2,3,213,,
1612,12,4,6,18.9,-14.7,-3.0,0,GAGG,GAGG,even,even,mc_gagg_ee,6,2,3,214,844,3
1613,13,4,6,23.1,-14.7,-3.0,1,K9,K9_V1_PROXY,odd,even,mc_k9_oe,6,2,3,214,,
1614,14,4,6,27.3,-14.7,-3.0,0,GAGG,GAGG,even,even,mc_gagg_ee,7,2,3,215,846,3
1615,15,4,6,31.5,-14.7,-3.0,1,K9,K9_V1_PROXY,odd,even,mc_k9_oe,7,2,3,215,,
1616,0,5,6,-31.5,-10.5,-3.0,1,K9,K9_V1_PROXY,even,odd,mc_k9_eo,0,2,3,208,,
1617,1,5,6,-27.3,-10.5,-3.0,0,GAGG,GAGG,odd,odd,mc_gagg_oo,0,2,3,208,849,3
1618,2,5,6,-23.1,-10.5,-3.0,1,K9,K9_V1_PROXY,even,odd,mc_k9_eo,1,2,3,209,,
1619,3,5,6,-18.9,-10.5,-3.0,0,GAGG,GAGG,odd,odd,mc_gagg_oo,1,2,3,209,851,3
1620,4,5,6,-14.7,-10.5,-3.0,1,K9,K9_V1_PROXY,even,odd,mc_k9_eo,2,2,3,210,,
1621,5,5,6,-10.5,-10.5,-3.0,0,GAGG,GAGG,odd,odd,mc_gagg_oo,2,2,3,210,853,3
1622,6,5,6,-6.3,-10.5,-3.0,1,K9,K9_V1_PROXY,even,odd,mc_k9_eo,3,2,3,211,,
1623,7,5,6,-2.1,-10.5,-3.0,0,GAGG,GAGG,odd,odd,mc_gagg_oo,3,2,3,211,855,3
1624,8,5,6,2.1,-10.5,-3.0,1,K9,K9_V1_PROXY,even,odd,mc_k9_eo,4,2,3,212,,
1625,9,5,6,6.3,-10.5,-3.0,0,GAGG,GAGG,odd,odd,mc_gagg_oo,4,2,3,212,857,3
1626,10,5,6,10.5,-10.5,-3.0,1,K9,K9_V1_PROXY,even,odd,mc_k9_eo,5,2,3,213,,
1627,11,5,6,14.7,-10.5,-3.0,0,GAGG,GAGG,odd,odd,mc_gagg_oo,5,2,3,213,859,3
1628,12,5,6,18.9,-10.5,-3.0,1,K9,K9_V1_PROXY,even,odd,mc_k9_eo,6,2,3,214,,
1629,13,5,6,23.1,-10.5,-3.0,0,GAGG,GAGG,odd,odd,mc_gagg_oo,6,2,3,214,861,3
1630,14,5,6,27.3,-10.5,-3.0,1,K9,K9_V1_PROXY,even,odd,mc_k9_eo,7,2,3,215,,
1631,15,5,6,31.5,-10.5,-3.0,0,GAGG,GAGG,odd,odd,mc_gagg_oo,7,2,3,215,863,3
1632,0,6,6,-31.5,-6.3,-3.0,0,GAGG,GAGG,even,even,mc_gagg_ee,0,3,3,216,864,3
1633,1,6,6,-27.3,-6.3,-3.0,1,K9,K9_V1_PROXY,odd,even,mc_k9_oe,0,3,3,216,,
1634,2,6,6,-23.1,-6.3,-3.0,0,GAGG,GAGG,even,even,mc_gagg_ee,1,3,3,217,866,3
1635,3,6,6,-18.9,-6.3,-3.0,1,K9,K9_V1_PROXY,odd,even,mc_k9_oe,1,3,3,217,,
1636,4,6,6,-14.7,-6.3,-3.0,0,GAGG,GAGG,even,even,mc_gagg_ee,2,3,3,218,868,3
1637,5,6,6,-10.5,-6.3,-3.0,1,K9,K9_V1_PROXY,odd,even,mc_k9_oe,2,3,3,218,,
1638,6,6,6,-6.3,-6.3,-3.0,0,GAGG,GAGG,even,even,mc_gagg_ee,3,3,3,219,870,3
1639,7,6,6,-2.1,-6.3,-3.0,1,K9,K9_V1_PROXY,odd,even,mc_k9_oe,3,3,3,219,,
1640,8,6,6,2.1,-6.3,-3.0,0,GAGG,GAGG,even,even,mc_gagg_ee,4,3,3,220,872,3
1641,9,6,6,6.3,-6.3,-3.0,1,K9,K9_V1_PROXY,odd,even,mc_k9_oe,4,3,3,220,,
1642,10,6,6,10.5,-6.3,-3.0,0,GAGG,GAGG,even,even,mc_gagg_ee,5,3,3,221,874,3
1643,11,6,6,14.7,-6.3,-3.0,1,K9,K9_V1_PROXY,odd,even,mc_k9_oe,5,3,3,221,,
1644,12,6,6,18.9,-6.3,-3.0,0,GAGG,GAGG,even,even,mc_gagg_ee,6,3,3,222,876,3
1645,13,6,6,23.1,-6.3,-3.0,1,K9,K9_V1_PROXY,odd,even,mc_k9_oe,6,3,3,222,,
1646,14,6,6,27.3,-6.3,-3.0,0,GAGG,GAGG,even,even,mc_gagg_ee,7,3,3,223,878,3
1647,15,6,6,31.5,-6.3,-3.0,1,K9,K9_V1_PROXY,odd,even,mc_k9_oe,7,3,3,223,,
1648,0,7,6,-31.5,-2.1,-3.0,1,K9,K9_V1_PROXY,even,odd,mc_k9_eo,0,3,3,216,,
1649,1,7,6,-27.3,-2.1,-3.0,0,GAGG,GAGG,odd,odd,mc_gagg_oo,0,3,3,216,881,3
1650,2,7,6,-23.1,-2.1,-3.0,1,K9,K9_V1_PROXY,even,odd,mc_k9_eo,1,3,3,217,,
1651,3,7,6,-18.9,-2.1,-3.0,0,GAGG,GAGG,odd,odd,mc_gagg_oo,1,3,3,217,883,3
1652,4,7,6,-14.7,-2.1,-3.0,1,K9,K9_V1_PROXY,even,odd,mc_k9_eo,2,3,3,218,,
1653,5,7,6,-10.5,-2.1,-3.0,0,GAGG,GAGG,odd,odd,mc_gagg_oo,2,3,3,218,885,3
1654,6,7,6,-6.3,-2.1,-3.0,1,K9,K9_V1_PROXY,even,odd,mc_k9_eo,3,3,3,219,,
1655,7,7,6,-2.1,-2.1,-3.0,0,GAGG,GAGG,odd,odd,mc_gagg_oo,3,3,3,219,887,3
1656,8,7,6,2.1,-2.1,-3.0,1,K9,K9_V1_PROXY,even,odd,mc_k9_eo,4,3,3,220,,
1657,9,7,6,6.3,-2.1,-3.0,0,GAGG,GAGG,odd,odd,mc_gagg_oo,4,3,3,220,889,3
1658,10,7,6,10.5,-2.1,-3.0,1,K9,K9_V1_PROXY,even,odd,mc_k9_eo,5,3,3,221,,
1659,11,7,6,14.7,-2.1,-3.0,0,GAGG,GAGG,odd,odd,mc_gagg_oo,5,3,3,221,891,3
1660,12,7,6,18.9,-2.1,-3.0,1,K9,K9_V1_PROXY,even,odd,mc_k9_eo,6,3,3,222,,
1661,13,7,6,23.1,-2.1,-3.0,0,GAGG,GAGG,odd,odd,mc_gagg_oo,6,3,3,222,893,3
1662,14,7,6,27.3,-2.1,-3.0,1,K9,K9_V1_PROXY,even,odd,mc_k9_eo,7,3,3,223,,
1663,15,7,6,31.5,-2.1,-3.0,0,GAGG,GAGG,odd,odd,mc_gagg_oo,7,3,3,223,895,3
1664,0,8,6,-31.5,2.1,-3.0,0,GAGG,GAGG,even,even,mc_gagg_ee,0,4,3,224,896,3
1665,1,8,6,-27.3,2.1,-3.0,1,K9,K9_V1_PROXY,odd,even,mc_k9_oe,0,4,3,224,,
1666,2,8,6,-23.1,2.1,-3.0,0,GAGG,GAGG,even,even,mc_gagg_ee,1,4,3,225,898,3
1667,3,8,6,-18.9,2.1,-3.0,1,K9,K9_V1_PROXY,odd,even,mc_k9_oe,1,4,3,225,,
1668,4,8,6,-14.7,2.1,-3.0,0,GAGG,GAGG,even,even,mc_gagg_ee,2,4,3,226,900,3
1669,5,8,6,-10.5,2.1,-3.0,1,K9,K9_V1_PROXY,odd,even,mc_k9_oe,2,4,3,226,,
1670,6,8,6,-6.3,2.1,-3.0,0,GAGG,GAGG,even,even,mc_gagg_ee,3,4,3,227,902,3
1671,7,8,6,-2.1,2.1,-3.0,1,K9,K9_V1_PROXY,odd,even,mc_k9_oe,3,4,3,227,,
1672,8,8,6,2.1,2.1,-3.0,0,GAGG,GAGG,even,even,mc_gagg_ee,4,4,3,228,904,3
1673,9,8,6,6.3,2.1,-3.0,1,K9,K9_V1_PROXY,odd,even,mc_k9_oe,4,4,3,228,,
1674,10,8,6,10.5,2.1,-3.0,0,GAGG,GAGG,even,even,mc_gagg_ee,5,4,3,229,906,3
1675,11,8,6,14.7,2.1,-3.0,1,K9,K9_V1_PROXY,odd,even,mc_k9_oe,5,4,3,229,,
1676,12,8,6,18.9,2.1,-3.0,0,GAGG,GAGG,even,even,mc_gagg_ee,6,4,3,230,908,3
1677,13,8,6,23.1,2.1,-3.0,1,K9,K9_V1_PROXY,odd,even,mc_k9_oe,6,4,3,230,,
1678,14,8,6,27.3,2.1,-3.0,0,GAGG,GAGG,even,even,mc_gagg_ee,7,4,3,231,910,3
1679,15,8,6,31.5,2.1,-3.0,1,K9,K9_V1_PROXY,odd,even,mc_k9_oe,7,4,3,231,,
1680,0,9,6,-31.5,6.3,-3.0,1,K9,K9_V1_PROXY,even,odd,mc_k9_eo,0,4,3,224,,
1681,1,9,6,-27.3,6.3,-3.0,0,GAGG,GAGG,odd,odd,mc_gagg_oo,0,4,3,224,913,3
1682,2,9,6,-23.1,6.3,-3.0,1,K9,K9_V1_PROXY,even,odd,mc_k9_eo,1,4,3,225,,
1683,3,9,6,-18.9,6.3,-3.0,0,GAGG,GAGG,odd,odd,mc_gagg_oo,1,4,3,225,915,3
1684,4,9,6,-14.7,6.3,-3.0,1,K9,K9_V1_PROXY,even,odd,mc_k9_eo,2,4,3,226,,
1685,5,9,6,-10.5,6.3,-3.0,0,GAGG,GAGG,odd,odd,mc_gagg_oo,2,4,3,226,917,3
1686,6,9,6,-6.3,6.3,-3.0,1,K9,K9_V1_PROXY,even,odd,mc_k9_eo,3,4,3,227,,
1687,7,9,6,-2.1,6.3,-3.0,0,GAGG,GAGG,odd,odd,mc_gagg_oo,3,4,3,227,919,3
1688,8,9,6,2.1,6.3,-3.0,1,K9,K9_V1_PROXY,even,odd,mc_k9_eo,4,4,3,228,,
1689,9,9,6,6.3,6.3,-3.0,0,GAGG,GAGG,odd,odd,mc_gagg_oo,4,4,3,228,921,3
1690,10,9,6,10.5,6.3,-3.0,1,K9,K9_V1_PROXY,even,odd,mc_k9_eo,5,4,3,229,,
1691,11,9,6,14.7,6.3,-3.0,0,GAGG,GAGG,odd,odd,mc_gagg_oo,5,4,3,229,923,3
1692,12,9,6,18.9,6.3,-3.0,1,K9,K9_V1_PROXY,even,odd,mc_k9_eo,6,4,3,230,,
1693,13,9,6,23.1,6.3,-3.0,0,GAGG,GAGG,odd,odd,mc_gagg_oo,6,4,3,230,925,3
1694,14,9,6,27.3,6.3,-3.0,1,K9,K9_V1_PROXY,even,odd,mc_k9_eo,7,4,3,231,,
1695,15,9,6,31.5,6.3,-3.0,0,GAGG,GAGG,odd,odd,mc_gagg_oo,7,4,3,231,927,3
1696,0,10,6,-31.5,10.5,-3.0,0,GAGG,GAGG,even,even,mc_gagg_ee,0,5,3,232,928,3
1697,1,10,6,-27.3,10.5,-3.0,1,K9,K9_V1_PROXY,odd,even,mc_k9_oe,0,5,3,232,,
1698,2,10,6,-23.1,10.5,-3.0,0,GAGG,GAGG,even,even,mc_gagg_ee,1,5,3,233,930,3
1699,3,10,6,-18.9,10.5,-3.0,1,K9,K9_V1_PROXY,odd,even,mc_k9_oe,1,5,3,233,,
1700,4,10,6,-14.7,10.5,-3.0,0,GAGG,GAGG,even,even,mc_gagg_ee,2,5,3,234,932,3
1701,5,10,6,-10.5,10.5,-3.0,1,K9,K9_V1_PROXY,odd,even,mc_k9_oe,2,5,3,234,,
1702,6,10,6,-6.3,10.5,-3.0,0,GAGG,GAGG,even,even,mc_gagg_ee,3,5,3,235,934,3
1703,7,10,6,-2.1,10.5,-3.0,1,K9,K9_V1_PROXY,odd,even,mc_k9_oe,3,5,3,235,,
1704,8,10,6,2.1,10.5,-3.0,0,GAGG,GAGG,even,even,mc_gagg_ee,4,5,3,236,936,3
1705,9,10,6,6.3,10.5,-3.0,1,K9,K9_V1_PROXY,odd,even,mc_k9_oe,4,5,3,236,,
1706,10,10,6,10.5,10.5,-3.0,0,GAGG,GAGG,even,even,mc_gagg_ee,5,5,3,237,938,3
1707,11,10,6,14.7,10.5,-3.0,1,K9,K9_V1_PROXY,odd,even,mc_k9_oe,5,5,3,237,,
1708,12,10,6,18.9,10.5,-3.0,0,GAGG,GAGG,even,even,mc_gagg_ee,6,5,3,238,940,3
1709,13,10,6,23.1,10.5,-3.0,1,K9,K9_V1_PROXY,odd,even,mc_k9_oe,6,5,3,238,,
1710,14,10,6,27.3,10.5,-3.0,0,GAGG,GAGG,even,even,mc_gagg_ee,7,5,3,239,942,3
1711,15,10,6,31.5,10.5,-3.0,1,K9,K9_V1_PROXY,odd,even,mc_k9_oe,7,5,3,239,,
1712,0,11,6,-31.5,14.7,-3.0,1,K9,K9_V1_PROXY,even,odd,mc_k9_eo,0,5,3,232,,
1713,1,11,6,-27.3,14.7,-3.0,0,GAGG,GAGG,odd,odd,mc_gagg_oo,0,5,3,232,945,3
1714,2,11,6,-23.1,14.7,-3.0,1,K9,K9_V1_PROXY,even,odd,mc_k9_eo,1,5,3,233,,
1715,3,11,6,-18.9,14.7,-3.0,0,GAGG,GAGG,odd,odd,mc_gagg_oo,1,5,3,233,947,3
1716,4,11,6,-14.7,14.7,-3.0,1,K9,K9_V1_PROXY,even,odd,mc_k9_eo,2,5,3,234,,
1717,5,11,6,-10.5,14.7,-3.0,0,GAGG,GAGG,odd,odd,mc_gagg_oo,2,5,3,234,949,3
1718,6,11,6,-6.3,14.7,-3.0,1,K9,K9_V1_PROXY,even,odd,mc_k9_eo,3,5,3,235,,
1719,7,11,6,-2.1,14.7,-3.0,0,GAGG,GAGG,odd,odd,mc_gagg_oo,3,5,3,235,951,3
1720,8,11,6,2.1,14.7,-3.0,1,K9,K9_V1_PROXY,even,odd,mc_k9_eo,4,5,3,236,,
1721,9,11,6,6.3,14.7,-3.0,0,GAGG,GAGG,odd,odd,mc_gagg_oo,4,5,3,236,953,3
1722,10,11,6,10.5,14.7,-3.0,1,K9,K9_V1_PROXY,even,odd,mc_k9_eo,5,5,3,237,,
1723,11,11,6,14.7,14.7,-3.0,0,GAGG,GAGG,odd,odd,mc_gagg_oo,5,5,3,237,955,3
1724,12,11,6,18.9,14.7,-3.0,1,K9,K9_V1_PROXY,even,odd,mc_k9_eo,6,5,3,238,,
1725,13,11,6,23.1,14.7,-3.0,0,GAGG,GAGG,odd,odd,mc_gagg_oo,6,5,3,238,957,3
1726,14,11,6,27.3,14.7,-3.0,1,K9,K9_V1_PROXY,even,odd,mc_k9_eo,7,5,3,239,,
1727,15,11,6,31.5,14.7,-3.0,0,GAGG,GAGG,odd,odd,mc_gagg_oo,7,5,3,239,959,3
1728,0,12,6,-31.5,18.9,-3.0,0,GAGG,GAGG,even,even,mc_gagg_ee,0,6,3,240,960,3
1729,1,12,6,-27.3,18.9,-3.0,1,K9,K9_V1_PROXY,odd,even,mc_k9_oe,0,6,3,240,,
1730,2,12,6,-23.1,18.9,-3.0,0,GAGG,GAGG,even,even,mc_gagg_ee,1,6,3,241,962,3
1731,3,12,6,-18.9,18.9,-3.0,1,K9,K9_V1_PROXY,odd,even,mc_k9_oe,1,6,3,241,,
1732,4,12,6,-14.7,18.9,-3.0,0,GAGG,GAGG,even,even,mc_gagg_ee,2,6,3,242,964,3
1733,5,12,6,-10.5,18.9,-3.0,1,K9,K9_V1_PROXY,odd,even,mc_k9_oe,2,6,3,242,,
1734,6,12,6,-6.3,18.9,-3.0,0,GAGG,GAGG,even,even,mc_gagg_ee,3,6,3,243,966,3
1735,7,12,6,-2.1,18.9,-3.0,1,K9,K9_V1_PROXY,odd,even,mc_k9_oe,3,6,3,243,,
1736,8,12,6,2.1,18.9,-3.0,0,GAGG,GAGG,even,even,mc_gagg_ee,4,6,3,244,968,3
1737,9,12,6,6.3,18.9,-3.0,1,K9,K9_V1_PROXY,odd,even,mc_k9_oe,4,6,3,244,,
1738,10,12,6,10.5,18.9,-3.0,0,GAGG,GAGG,even,even,mc_gagg_ee,5,6,3,245,970,3
1739,11,12,6,14.7,18.9,-3.0,1,K9,K9_V1_PROXY,odd,even,mc_k9_oe,5,6,3,245,,
1740,12,12,6,18.9,18.9,-3.0,0,GAGG,GAGG,even,even,mc_gagg_ee,6,6,3,246,972,3
1741,13,12,6,23.1,18.9,-3.0,1,K9,K9_V1_PROXY,odd,even,mc_k9_oe,6,6,3,246,,
1742,14,12,6,27.3,18.9,-3.0,0,GAGG,GAGG,even,even,mc_gagg_ee,7,6,3,247,974,3
1743,15,12,6,31.5,18.9,-3.0,1,K9,K9_V1_PROXY,odd,even,mc_k9_oe,7,6,3,247,,
1744,0,13,6,-31.5,23.1,-3.0,1,K9,K9_V1_PROXY,even,odd,mc_k9_eo,0,6,3,240,,
1745,1,13,6,-27.3,23.1,-3.0,0,GAGG,GAGG,odd,odd,mc_gagg_oo,0,6,3,240,977,3
1746,2,13,6,-23.1,23.1,-3.0,1,K9,K9_V1_PROXY,even,odd,mc_k9_eo,1,6,3,241,,
1747,3,13,6,-18.9,23.1,-3.0,0,GAGG,GAGG,odd,odd,mc_gagg_oo,1,6,3,241,979,3
1748,4,13,6,-14.7,23.1,-3.0,1,K9,K9_V1_PROXY,even,odd,mc_k9_eo,2,6,3,242,,
1749,5,13,6,-10.5,23.1,-3.0,0,GAGG,GAGG,odd,odd,mc_gagg_oo,2,6,3,242,981,3
1750,6,13,6,-6.3,23.1,-3.0,1,K9,K9_V1_PROXY,even,odd,mc_k9_eo,3,6,3,243,,
1751,7,13,6,-2.1,23.1,-3.0,0,GAGG,GAGG,odd,odd,mc_gagg_oo,3,6,3,243,983,3
1752,8,13,6,2.1,23.1,-3.0,1,K9,K9_V1_PROXY,even,odd,mc_k9_eo,4,6,3,244,,
1753,9,13,6,6.3,23.1,-3.0,0,GAGG,GAGG,odd,odd,mc_gagg_oo,4,6,3,244,985,3
1754,10,13,6,10.5,23.1,-3.0,1,K9,K9_V1_PROXY,even,odd,mc_k9_eo,5,6,3,245,,
1755,11,13,6,14.7,23.1,-3.0,0,GAGG,GAGG,odd,odd,mc_gagg_oo,5,6,3,245,987,3
1756,12,13,6,18.9,23.1,-3.0,1,K9,K9_V1_PROXY,even,odd,mc_k9_eo,6,6,3,246,,
1757,13,13,6,23.1,23.1,-3.0,0,GAGG,GAGG,odd,odd,mc_gagg_oo,6,6,3,246,989,3
1758,14,13,6,27.3,23.1,-3.0,1,K9,K9_V1_PROXY,even,odd,mc_k9_eo,7,6,3,247,,
1759,15,13,6,31.5,23.1,-3.0,0,GAGG,GAGG,odd,odd,mc_gagg_oo,7,6,3,247,991,3
1760,0,14,6,-31.5,27.3,-3.0,0,GAGG,GAGG,even,even,mc_gagg_ee,0,7,3,248,992,3
1761,1,14,6,-27.3,27.3,-3.0,1,K9,K9_V1_PROXY,odd,even,mc_k9_oe,0,7,3,248,,
1762,2,14,6,-23.1,27.3,-3.0,0,GAGG,GAGG,even,even,mc_gagg_ee,1,7,3,249,994,3
1763,3,14,6,-18.9,27.3,-3.0,1,K9,K9_V1_PROXY,odd,even,mc_k9_oe,1,7,3,249,,
1764,4,14,6,-14.7,27.3,-3.0,0,GAGG,GAGG,even,even,mc_gagg_ee,2,7,3,250,996,3
1765,5,14,6,-10.5,27.3,-3.0,1,K9,K9_V1_PROXY,odd,even,mc_k9_oe,2,7,3,250,,
1766,6,14,6,-6.3,27.3,-3.0,0,GAGG,GAGG,even,even,mc_gagg_ee,3,7,3,251,998,3
1767,7,14,6,-2.1,27.3,-3.0,1,K9,K9_V1_PROXY,odd,even,mc_k9_oe,3,7,3,251,,
1768,8,14,6,2.1,27.3,-3.0,0,GAGG,GAGG,even,even,mc_gagg_ee,4,7,3,252,1000,3
1769,9,14,6,6.3,27.3,-3.0,1,K9,K9_V1_PROXY,odd,even,mc_k9_oe,4,7,3,252,,
1770,10,14,6,10.5,27.3,-3.0,0,GAGG,GAGG,even,even,mc_gagg_ee,5,7,3,253,1002,3
1771,11,14,6,14.7,27.3,-3.0,1,K9,K9_V1_PROXY,odd,even,mc_k9_oe,5,7,3,253,,
1772,12,14,6,18.9,27.3,-3.0,0,GAGG,GAGG,even,even,mc_gagg_ee,6,7,3,254,1004,3
1773,13,14,6,23.1,27.3,-3.0,1,K9,K9_V1_PROXY,odd,even,mc_k9_oe,6,7,3,254,,
1774,14,14,6,27.3,27.3,-3.0,0,GAGG,GAGG,even,even,mc_gagg_ee,7,7,3,255,1006,3
1775,15,14,6,31.5,27.3,-3.0,1,K9,K9_V1_PROXY,odd,even,mc_k9_oe,7,7,3,255,,
1776,0,15,6,-31.5,31.5,-3.0,1,K9,K9_V1_PROXY,even,odd,mc_k9_eo,0,7,3,248,,
1777,1,15,6,-27.3,31.5,-3.0,0,GAGG,GAGG,odd,odd,mc_gagg_oo,0,7,3,248,1009,3
1778,2,15,6,-23.1,31.5,-3.0,1,K9,K9_V1_PROXY,even,odd,mc_k9_eo,1,7,3,249,,
1779,3,15,6,-18.9,31.5,-3.0,0,GAGG,GAGG,odd,odd,mc_gagg_oo,1,7,3,249,1011,3
1780,4,15,6,-14.7,31.5,-3.0,1,K9,K9_V1_PROXY,even,odd,mc_k9_eo,2,7,3,250,,
1781,5,15,6,-10.5,31.5,-3.0,0,GAGG,GAGG,odd,odd,mc_gagg_oo,2,7,3,250,1013,3
1782,6,15,6,-6.3,31.5,-3.0,1,K9,K9_V1_PROXY,even,odd,mc_k9_eo,3,7,3,251,,
1783,7,15,6,-2.1,31.5,-3.0,0,GAGG,GAGG,odd,odd,mc_gagg_oo,3,7,3,251,1015,3
1784,8,15,6,2.1,31.5,-3.0,1,K9,K9_V1_PROXY,even,odd,mc_k9_eo,4,7,3,252,,
1785,9,15,6,6.3,31.5,-3.0,0,GAGG,GAGG,odd,odd,mc_gagg_oo,4,7,3,252,1017,3
1786,10,15,6,10.5,31.5,-3.0,1,K9,K9_V1_PROXY,even,odd,mc_k9_eo,5,7,3,253,,
1787,11,15,6,14.7,31.5,-3.0,0,GAGG,GAGG,odd,odd,mc_gagg_oo,5,7,3,253,1019,3
1788,12,15,6,18.9,31.5,-3.0,1,K9,K9_V1_PROXY,even,odd,mc_k9_eo,6,7,3,254,,
1789,13,15,6,23.1,31.5,-3.0,0,GAGG,GAGG,odd,odd,mc_gagg_oo,6,7,3,254,1021,3
1790,14,15,6,27.3,31.5,-3.0,1,K9,K9_V1_PROXY,even,odd,mc_k9_eo,7,7,3,255,,
1791,15,15,6,31.5,31.5,-3.0,0,GAGG,GAGG,odd,odd,mc_gagg_oo,7,7,3,255,1023,3
1792,0,0,7,-31.5,-31.5,-1.0,1,K9,K9_V1_PROXY,even,even,mc_k9_ee,0,0,3,192,,
1793,1,0,7,-27.3,-31.5,-1.0,0,GAGG,GAGG,odd,even,mc_gagg_oe,0,0,3,192,769,3
1794,2,0,7,-23.1,-31.5,-1.0,1,K9,K9_V1_PROXY,even,even,mc_k9_ee,1,0,3,193,,
1795,3,0,7,-18.9,-31.5,-1.0,0,GAGG,GAGG,odd,even,mc_gagg_oe,1,0,3,193,771,3
1796,4,0,7,-14.7,-31.5,-1.0,1,K9,K9_V1_PROXY,even,even,mc_k9_ee,2,0,3,194,,
1797,5,0,7,-10.5,-31.5,-1.0,0,GAGG,GAGG,odd,even,mc_gagg_oe,2,0,3,194,773,3
1798,6,0,7,-6.3,-31.5,-1.0,1,K9,K9_V1_PROXY,even,even,mc_k9_ee,3,0,3,195,,
1799,7,0,7,-2.1,-31.5,-1.0,0,GAGG,GAGG,odd,even,mc_gagg_oe,3,0,3,195,775,3
1800,8,0,7,2.1,-31.5,-1.0,1,K9,K9_V1_PROXY,even,even,mc_k9_ee,4,0,3,196,,
1801,9,0,7,6.3,-31.5,-1.0,0,GAGG,GAGG,odd,even,mc_gagg_oe,4,0,3,196,777,3
1802,10,0,7,10.5,-31.5,-1.0,1,K9,K9_V1_PROXY,even,even,mc_k9_ee,5,0,3,197,,
1803,11,0,7,14.7,-31.5,-1.0,0,GAGG,GAGG,odd,even,mc_gagg_oe,5,0,3,197,779,3
1804,12,0,7,18.9,-31.5,-1.0,1,K9,K9_V1_PROXY,even,even,mc_k9_ee,6,0,3,198,,
1805,13,0,7,23.1,-31.5,-1.0,0,GAGG,GAGG,odd,even,mc_gagg_oe,6,0,3,198,781,3
1806,14,0,7,27.3,-31.5,-1.0,1,K9,K9_V1_PROXY,even,even,mc_k9_ee,7,0,3,199,,
1807,15,0,7,31.5,-31.5,-1.0,0,GAGG,GAGG,odd,even,mc_gagg_oe,7,0,3,199,783,3
1808,0,1,7,-31.5,-27.3,-1.0,0,GAGG,GAGG,even,odd,mc_gagg_eo,0,0,3,192,784,3
1809,1,1,7,-27.3,-27.3,-1.0,1,K9,K9_V1_PROXY,odd,odd,mc_k9_oo,0,0,3,192,,
1810,2,1,7,-23.1,-27.3,-1.0,0,GAGG,GAGG,even,odd,mc_gagg_eo,1,0,3,193,786,3
1811,3,1,7,-18.9,-27.3,-1.0,1,K9,K9_V1_PROXY,odd,odd,mc_k9_oo,1,0,3,193,,
1812,4,1,7,-14.7,-27.3,-1.0,0,GAGG,GAGG,even,odd,mc_gagg_eo,2,0,3,194,788,3
1813,5,1,7,-10.5,-27.3,-1.0,1,K9,K9_V1_PROXY,odd,odd,mc_k9_oo,2,0,3,194,,
1814,6,1,7,-6.3,-27.3,-1.0,0,GAGG,GAGG,even,odd,mc_gagg_eo,3,0,3,195,790,3
1815,7,1,7,-2.1,-27.3,-1.0,1,K9,K9_V1_PROXY,odd,odd,mc_k9_oo,3,0,3,195,,
1816,8,1,7,2.1,-27.3,-1.0,0,GAGG,GAGG,even,odd,mc_gagg_eo,4,0,3,196,792,3
1817,9,1,7,6.3,-27.3,-1.0,1,K9,K9_V1_PROXY,odd,odd,mc_k9_oo,4,0,3,196,,
1818,10,1,7,10.5,-27.3,-1.0,0,GAGG,GAGG,even,odd,mc_gagg_eo,5,0,3,197,794,3
1819,11,1,7,14.7,-27.3,-1.0,1,K9,K9_V1_PROXY,odd,odd,mc_k9_oo,5,0,3,197,,
1820,12,1,7,18.9,-27.3,-1.0,0,GAGG,GAGG,even,odd,mc_gagg_eo,6,0,3,198,796,3
1821,13,1,7,23.1,-27.3,-1.0,1,K9,K9_V1_PROXY,odd,odd,mc_k9_oo,6,0,3,198,,
1822,14,1,7,27.3,-27.3,-1.0,0,GAGG,GAGG,even,odd,mc_gagg_eo,7,0,3,199,798,3
1823,15,1,7,31.5,-27.3,-1.0,1,K9,K9_V1_PROXY,odd,odd,mc_k9_oo,7,0,3,199,,
1824,0,2,7,-31.5,-23.1,-1.0,1,K9,K9_V1_PROXY,even,even,mc_k9_ee,0,1,3,200,,
1825,1,2,7,-27.3,-23.1,-1.0,0,GAGG,GAGG,odd,even,mc_gagg_oe,0,1,3,200,801,3
1826,2,2,7,-23.1,-23.1,-1.0,1,K9,K9_V1_PROXY,even,even,mc_k9_ee,1,1,3,201,,
1827,3,2,7,-18.9,-23.1,-1.0,0,GAGG,GAGG,odd,even,mc_gagg_oe,1,1,3,201,803,3
1828,4,2,7,-14.7,-23.1,-1.0,1,K9,K9_V1_PROXY,even,even,mc_k9_ee,2,1,3,202,,
1829,5,2,7,-10.5,-23.1,-1.0,0,GAGG,GAGG,odd,even,mc_gagg_oe,2,1,3,202,805,3
1830,6,2,7,-6.3,-23.1,-1.0,1,K9,K9_V1_PROXY,even,even,mc_k9_ee,3,1,3,203,,
1831,7,2,7,-2.1,-23.1,-1.0,0,GAGG,GAGG,odd,even,mc_gagg_oe,3,1,3,203,807,3
1832,8,2,7,2.1,-23.1,-1.0,1,K9,K9_V1_PROXY,even,even,mc_k9_ee,4,1,3,204,,
1833,9,2,7,6.3,-23.1,-1.0,0,GAGG,GAGG,odd,even,mc_gagg_oe,4,1,3,204,809,3
1834,10,2,7,10.5,-23.1,-1.0,1,K9,K9_V1_PROXY,even,even,mc_k9_ee,5,1,3,205,,
1835,11,2,7,14.7,-23.1,-1.0,0,GAGG,GAGG,odd,even,mc_gagg_oe,5,1,3,205,811,3
1836,12,2,7,18.9,-23.1,-1.0,1,K9,K9_V1_PROXY,even,even,mc_k9_ee,6,1,3,206,,
1837,13,2,7,23.1,-23.1,-1.0,0,GAGG,GAGG,odd,even,mc_gagg_oe,6,1,3,206,813,3
1838,14,2,7,27.3,-23.1,-1.0,1,K9,K9_V1_PROXY,even,even,mc_k9_ee,7,1,3,207,,
1839,15,2,7,31.5,-23.1,-1.0,0,GAGG,GAGG,odd,even,mc_gagg_oe,7,1,3,207,815,3
1840,0,3,7,-31.5,-18.9,-1.0,0,GAGG,GAGG,even,odd,mc_gagg_eo,0,1,3,200,816,3
1841,1,3,7,-27.3,-18.9,-1.0,1,K9,K9_V1_PROXY,odd,odd,mc_k9_oo,0,1,3,200,,
1842,2,3,7,-23.1,-18.9,-1.0,0,GAGG,GAGG,even,odd,mc_gagg_eo,1,1,3,201,818,3
1843,3,3,7,-18.9,-18.9,-1.0,1,K9,K9_V1_PROXY,odd,odd,mc_k9_oo,1,1,3,201,,
1844,4,3,7,-14.7,-18.9,-1.0,0,GAGG,GAGG,even,odd,mc_gagg_eo,2,1,3,202,820,3
1845,5,3,7,-10.5,-18.9,-1.0,1,K9,K9_V1_PROXY,odd,odd,mc_k9_oo,2,1,3,202,,
1846,6,3,7,-6.3,-18.9,-1.0,0,GAGG,GAGG,even,odd,mc_gagg_eo,3,1,3,203,822,3
1847,7,3,7,-2.1,-18.9,-1.0,1,K9,K9_V1_PROXY,odd,odd,mc_k9_oo,3,1,3,203,,
1848,8,3,7,2.1,-18.9,-1.0,0,GAGG,GAGG,even,odd,mc_gagg_eo,4,1,3,204,824,3
1849,9,3,7,6.3,-18.9,-1.0,1,K9,K9_V1_PROXY,odd,odd,mc_k9_oo,4,1,3,204,,
1850,10,3,7,10.5,-18.9,-1.0,0,GAGG,GAGG,even,odd,mc_gagg_eo,5,1,3,205,826,3
1851,11,3,7,14.7,-18.9,-1.0,1,K9,K9_V1_PROXY,odd,odd,mc_k9_oo,5,1,3,205,,
1852,12,3,7,18.9,-18.9,-1.0,0,GAGG,GAGG,even,odd,mc_gagg_eo,6,1,3,206,828,3
1853,13,3,7,23.1,-18.9,-1.0,1,K9,K9_V1_PROXY,odd,odd,mc_k9_oo,6,1,3,206,,
1854,14,3,7,27.3,-18.9,-1.0,0,GAGG,GAGG,even,odd,mc_gagg_eo,7,1,3,207,830,3
1855,15,3,7,31.5,-18.9,-1.0,1,K9,K9_V1_PROXY,odd,odd,mc_k9_oo,7,1,3,207,,
1856,0,4,7,-31.5,-14.7,-1.0,1,K9,K9_V1_PROXY,even,even,mc_k9_ee,0,2,3,208,,
1857,1,4,7,-27.3,-14.7,-1.0,0,GAGG,GAGG,odd,even,mc_gagg_oe,0,2,3,208,833,3
1858,2,4,7,-23.1,-14.7,-1.0,1,K9,K9_V1_PROXY,even,even,mc_k9_ee,1,2,3,209,,
1859,3,4,7,-18.9,-14.7,-1.0,0,GAGG,GAGG,odd,even,mc_gagg_oe,1,2,3,209,835,3
1860,4,4,7,-14.7,-14.7,-1.0,1,K9,K9_V1_PROXY,even,even,mc_k9_ee,2,2,3,210,,
1861,5,4,7,-10.5,-14.7,-1.0,0,GAGG,GAGG,odd,even,mc_gagg_oe,2,2,3,210,837,3
1862,6,4,7,-6.3,-14.7,-1.0,1,K9,K9_V1_PROXY,even,even,mc_k9_ee,3,2,3,211,,
1863,7,4,7,-2.1,-14.7,-1.0,0,GAGG,GAGG,odd,even,mc_gagg_oe,3,2,3,211,839,3
1864,8,4,7,2.1,-14.7,-1.0,1,K9,K9_V1_PROXY,even,even,mc_k9_ee,4,2,3,212,,
1865,9,4,7,6.3,-14.7,-1.0,0,GAGG,GAGG,odd,even,mc_gagg_oe,4,2,3,212,841,3
1866,10,4,7,10.5,-14.7,-1.0,1,K9,K9_V1_PROXY,even,even,mc_k9_ee,5,2,3,213,,
1867,11,4,7,14.7,-14.7,-1.0,0,GAGG,GAGG,odd,even,mc_gagg_oe,5,2,3,213,843,3
1868,12,4,7,18.9,-14.7,-1.0,1,K9,K9_V1_PROXY,even,even,mc_k9_ee,6,2,3,214,,
1869,13,4,7,23.1,-14.7,-1.0,0,GAGG,GAGG,odd,even,mc_gagg_oe,6,2,3,214,845,3
1870,14,4,7,27.3,-14.7,-1.0,1,K9,K9_V1_PROXY,even,even,mc_k9_ee,7,2,3,215,,
1871,15,4,7,31.5,-14.7,-1.0,0,GAGG,GAGG,odd,even,mc_gagg_oe,7,2,3,215,847,3
1872,0,5,7,-31.5,-10.5,-1.0,0,GAGG,GAGG,even,odd,mc_gagg_eo,0,2,3,208,848,3
1873,1,5,7,-27.3,-10.5,-1.0,1,K9,K9_V1_PROXY,odd,odd,mc_k9_oo,0,2,3,208,,
1874,2,5,7,-23.1,-10.5,-1.0,0,GAGG,GAGG,even,odd,mc_gagg_eo,1,2,3,209,850,3
1875,3,5,7,-18.9,-10.5,-1.0,1,K9,K9_V1_PROXY,odd,odd,mc_k9_oo,1,2,3,209,,
1876,4,5,7,-14.7,-10.5,-1.0,0,GAGG,GAGG,even,odd,mc_gagg_eo,2,2,3,210,852,3
1877,5,5,7,-10.5,-10.5,-1.0,1,K9,K9_V1_PROXY,odd,odd,mc_k9_oo,2,2,3,210,,
1878,6,5,7,-6.3,-10.5,-1.0,0,GAGG,GAGG,even,odd,mc_gagg_eo,3,2,3,211,854,3
1879,7,5,7,-2.1,-10.5,-1.0,1,K9,K9_V1_PROXY,odd,odd,mc_k9_oo,3,2,3,211,,
1880,8,5,7,2.1,-10.5,-1.0,0,GAGG,GAGG,even,odd,mc_gagg_eo,4,2,3,212,856,3
1881,9,5,7,6.3,-10.5,-1.0,1,K9,K9_V1_PROXY,odd,odd,mc_k9_oo,4,2,3,212,,
1882,10,5,7,10.5,-10.5,-1.0,0,GAGG,GAGG,even,odd,mc_gagg_eo,5,2,3,213,858,3
1883,11,5,7,14.7,-10.5,-1.0,1,K9,K9_V1_PROXY,odd,odd,mc_k9_oo,5,2,3,213,,
1884,12,5,7,18.9,-10.5,-1.0,0,GAGG,GAGG,even,odd,mc_gagg_eo,6,2,3,214,860,3
1885,13,5,7,23.1,-10.5,-1.0,1,K9,K9_V1_PROXY,odd,odd,mc_k9_oo,6,2,3,214,,
1886,14,5,7,27.3,-10.5,-1.0,0,GAGG,GAGG,even,odd,mc_gagg_eo,7,2,3,215,862,3
1887,15,5,7,31.5,-10.5,-1.0,1,K9,K9_V1_PROXY,odd,odd,mc_k9_oo,7,2,3,215,,
1888,0,6,7,-31.5,-6.3,-1.0,1,K9,K9_V1_PROXY,even,even,mc_k9_ee,0,3,3,216,,
1889,1,6,7,-27.3,-6.3,-1.0,0,GAGG,GAGG,odd,even,mc_gagg_oe,0,3,3,216,865,3
1890,2,6,7,-23.1,-6.3,-1.0,1,K9,K9_V1_PROXY,even,even,mc_k9_ee,1,3,3,217,,
1891,3,6,7,-18.9,-6.3,-1.0,0,GAGG,GAGG,odd,even,mc_gagg_oe,1,3,3,217,867,3
1892,4,6,7,-14.7,-6.3,-1.0,1,K9,K9_V1_PROXY,even,even,mc_k9_ee,2,3,3,218,,
1893,5,6,7,-10.5,-6.3,-1.0,0,GAGG,GAGG,odd,even,mc_gagg_oe,2,3,3,218,869,3
1894,6,6,7,-6.3,-6.3,-1.0,1,K9,K9_V1_PROXY,even,even,mc_k9_ee,3,3,3,219,,
1895,7,6,7,-2.1,-6.3,-1.0,0,GAGG,GAGG,odd,even,mc_gagg_oe,3,3,3,219,871,3
1896,8,6,7,2.1,-6.3,-1.0,1,K9,K9_V1_PROXY,even,even,mc_k9_ee,4,3,3,220,,
1897,9,6,7,6.3,-6.3,-1.0,0,GAGG,GAGG,odd,even,mc_gagg_oe,4,3,3,220,873,3
1898,10,6,7,10.5,-6.3,-1.0,1,K9,K9_V1_PROXY,even,even,mc_k9_ee,5,3,3,221,,
1899,11,6,7,14.7,-6.3,-1.0,0,GAGG,GAGG,odd,even,mc_gagg_oe,5,3,3,221,875,3
1900,12,6,7,18.9,-6.3,-1.0,1,K9,K9_V1_PROXY,even,even,mc_k9_ee,6,3,3,222,,
1901,13,6,7,23.1,-6.3,-1.0,0,GAGG,GAGG,odd,even,mc_gagg_oe,6,3,3,222,877,3
1902,14,6,7,27.3,-6.3,-1.0,1,K9,K9_V1_PROXY,even,even,mc_k9_ee,7,3,3,223,,
1903,15,6,7,31.5,-6.3,-1.0,0,GAGG,GAGG,odd,even,mc_gagg_oe,7,3,3,223,879,3
1904,0,7,7,-31.5,-2.1,-1.0,0,GAGG,GAGG,even,odd,mc_gagg_eo,0,3,3,216,880,3
1905,1,7,7,-27.3,-2.1,-1.0,1,K9,K9_V1_PROXY,odd,odd,mc_k9_oo,0,3,3,216,,
1906,2,7,7,-23.1,-2.1,-1.0,0,GAGG,GAGG,even,odd,mc_gagg_eo,1,3,3,217,882,3
1907,3,7,7,-18.9,-2.1,-1.0,1,K9,K9_V1_PROXY,odd,odd,mc_k9_oo,1,3,3,217,,
1908,4,7,7,-14.7,-2.1,-1.0,0,GAGG,GAGG,even,odd,mc_gagg_eo,2,3,3,218,884,3
1909,5,7,7,-10.5,-2.1,-1.0,1,K9,K9_V1_PROXY,odd,odd,mc_k9_oo,2,3,3,218,,
1910,6,7,7,-6.3,-2.1,-1.0,0,GAGG,GAGG,even,odd,mc_gagg_eo,3,3,3,219,886,3
1911,7,7,7,-2.1,-2.1,-1.0,1,K9,K9_V1_PROXY,odd,odd,mc_k9_oo,3,3,3,219,,
1912,8,7,7,2.1,-2.1,-1.0,0,GAGG,GAGG,even,odd,mc_gagg_eo,4,3,3,220,888,3
1913,9,7,7,6.3,-2.1,-1.0,1,K9,K9_V1_PROXY,odd,odd,mc_k9_oo,4,3,3,220,,
1914,10,7,7,10.5,-2.1,-1.0,0,GAGG,GAGG,even,odd,mc_gagg_eo,5,3,3,221,890,3
1915,11,7,7,14.7,-2.1,-1.0,1,K9,K9_V1_PROXY,odd,odd,mc_k9_oo,5,3,3,221,,
1916,12,7,7,18.9,-2.1,-1.0,0,GAGG,GAGG,even,odd,mc_gagg_eo,6,3,3,222,892,3
1917,13,7,7,23.1,-2.1,-1.0,1,K9,K9_V1_PROXY,odd,odd,mc_k9_oo,6,3,3,222,,
1918,14,7,7,27.3,-2.1,-1.0,0,GAGG,GAGG,even,odd,mc_gagg_eo,7,3,3,223,894,3
1919,15,7,7,31.5,-2.1,-1.0,1,K9,K9_V1_PROXY,odd,odd,mc_k9_oo,7,3,3,223,,
1920,0,8,7,-31.5,2.1,-1.0,1,K9,K9_V1_PROXY,even,even,mc_k9_ee,0,4,3,224,,
1921,1,8,7,-27.3,2.1,-1.0,0,GAGG,GAGG,odd,even,mc_gagg_oe,0,4,3,224,897,3
1922,2,8,7,-23.1,2.1,-1.0,1,K9,K9_V1_PROXY,even,even,mc_k9_ee,1,4,3,225,,
1923,3,8,7,-18.9,2.1,-1.0,0,GAGG,GAGG,odd,even,mc_gagg_oe,1,4,3,225,899,3
1924,4,8,7,-14.7,2.1,-1.0,1,K9,K9_V1_PROXY,even,even,mc_k9_ee,2,4,3,226,,
1925,5,8,7,-10.5,2.1,-1.0,0,GAGG,GAGG,odd,even,mc_gagg_oe,2,4,3,226,901,3
1926,6,8,7,-6.3,2.1,-1.0,1,K9,K9_V1_PROXY,even,even,mc_k9_ee,3,4,3,227,,
1927,7,8,7,-2.1,2.1,-1.0,0,GAGG,GAGG,odd,even,mc_gagg_oe,3,4,3,227,903,3
1928,8,8,7,2.1,2.1,-1.0,1,K9,K9_V1_PROXY,even,even,mc_k9_ee,4,4,3,228,,
1929,9,8,7,6.3,2.1,-1.0,0,GAGG,GAGG,odd,even,mc_gagg_oe,4,4,3,228,905,3
1930,10,8,7,10.5,2.1,-1.0,1,K9,K9_V1_PROXY,even,even,mc_k9_ee,5,4,3,229,,
1931,11,8,7,14.7,2.1,-1.0,0,GAGG,GAGG,odd,even,mc_gagg_oe,5,4,3,229,907,3
1932,12,8,7,18.9,2.1,-1.0,1,K9,K9_V1_PROXY,even,even,mc_k9_ee,6,4,3,230,,
1933,13,8,7,23.1,2.1,-1.0,0,GAGG,GAGG,odd,even,mc_gagg_oe,6,4,3,230,909,3
1934,14,8,7,27.3,2.1,-1.0,1,K9,K9_V1_PROXY,even,even,mc_k9_ee,7,4,3,231,,
1935,15,8,7,31.5,2.1,-1.0,0,GAGG,GAGG,odd,even,mc_gagg_oe,7,4,3,231,911,3
1936,0,9,7,-31.5,6.3,-1.0,0,GAGG,GAGG,even,odd,mc_gagg_eo,0,4,3,224,912,3
1937,1,9,7,-27.3,6.3,-1.0,1,K9,K9_V1_PROXY,odd,odd,mc_k9_oo,0,4,3,224,,
1938,2,9,7,-23.1,6.3,-1.0,0,GAGG,GAGG,even,odd,mc_gagg_eo,1,4,3,225,914,3
1939,3,9,7,-18.9,6.3,-1.0,1,K9,K9_V1_PROXY,odd,odd,mc_k9_oo,1,4,3,225,,
1940,4,9,7,-14.7,6.3,-1.0,0,GAGG,GAGG,even,odd,mc_gagg_eo,2,4,3,226,916,3
1941,5,9,7,-10.5,6.3,-1.0,1,K9,K9_V1_PROXY,odd,odd,mc_k9_oo,2,4,3,226,,
1942,6,9,7,-6.3,6.3,-1.0,0,GAGG,GAGG,even,odd,mc_gagg_eo,3,4,3,227,918,3
1943,7,9,7,-2.1,6.3,-1.0,1,K9,K9_V1_PROXY,odd,odd,mc_k9_oo,3,4,3,227,,
1944,8,9,7,2.1,6.3,-1.0,0,GAGG,GAGG,even,odd,mc_gagg_eo,4,4,3,228,920,3
1945,9,9,7,6.3,6.3,-1.0,1,K9,K9_V1_PROXY,odd,odd,mc_k9_oo,4,4,3,228,,
1946,10,9,7,10.5,6.3,-1.0,0,GAGG,GAGG,even,odd,mc_gagg_eo,5,4,3,229,922,3
1947,11,9,7,14.7,6.3,-1.0,1,K9,K9_V1_PROXY,odd,odd,mc_k9_oo,5,4,3,229,,
1948,12,9,7,18.9,6.3,-1.0,0,GAGG,GAGG,even,odd,mc_gagg_eo,6,4,3,230,924,3
1949,13,9,7,23.1,6.3,-1.0,1,K9,K9_V1_PROXY,odd,odd,mc_k9_oo,6,4,3,230,,
1950,14,9,7,27.3,6.3,-1.0,0,GAGG,GAGG,even,odd,mc_gagg_eo,7,4,3,231,926,3
1951,15,9,7,31.5,6.3,-1.0,1,K9,K9_V1_PROXY,odd,odd,mc_k9_oo,7,4,3,231,,
1952,0,10,7,-31.5,10.5,-1.0,1,K9,K9_V1_PROXY,even,even,mc_k9_ee,0,5,3,232,,
1953,1,10,7,-27.3,10.5,-1.0,0,GAGG,GAGG,odd,even,mc_gagg_oe,0,5,3,232,929,3
1954,2,10,7,-23.1,10.5,-1.0,1,K9,K9_V1_PROXY,even,even,mc_k9_ee,1,5,3,233,,
1955,3,10,7,-18.9,10.5,-1.0,0,GAGG,GAGG,odd,even,mc_gagg_oe,1,5,3,233,931,3
1956,4,10,7,-14.7,10.5,-1.0,1,K9,K9_V1_PROXY,even,even,mc_k9_ee,2,5,3,234,,
1957,5,10,7,-10.5,10.5,-1.0,0,GAGG,GAGG,odd,even,mc_gagg_oe,2,5,3,234,933,3
1958,6,10,7,-6.3,10.5,-1.0,1,K9,K9_V1_PROXY,even,even,mc_k9_ee,3,5,3,235,,
1959,7,10,7,-2.1,10.5,-1.0,0,GAGG,GAGG,odd,even,mc_gagg_oe,3,5,3,235,935,3
1960,8,10,7,2.1,10.5,-1.0,1,K9,K9_V1_PROXY,even,even,mc_k9_ee,4,5,3,236,,
1961,9,10,7,6.3,10.5,-1.0,0,GAGG,GAGG,odd,even,mc_gagg_oe,4,5,3,236,937,3
1962,10,10,7,10.5,10.5,-1.0,1,K9,K9_V1_PROXY,even,even,mc_k9_ee,5,5,3,237,,
1963,11,10,7,14.7,10.5,-1.0,0,GAGG,GAGG,odd,even,mc_gagg_oe,5,5,3,237,939,3
1964,12,10,7,18.9,10.5,-1.0,1,K9,K9_V1_PROXY,even,even,mc_k9_ee,6,5,3,238,,
1965,13,10,7,23.1,10.5,-1.0,0,GAGG,GAGG,odd,even,mc_gagg_oe,6,5,3,238,941,3
1966,14,10,7,27.3,10.5,-1.0,1,K9,K9_V1_PROXY,even,even,mc_k9_ee,7,5,3,239,,
1967,15,10,7,31.5,10.5,-1.0,0,GAGG,GAGG,odd,even,mc_gagg_oe,7,5,3,239,943,3
1968,0,11,7,-31.5,14.7,-1.0,0,GAGG,GAGG,even,odd,mc_gagg_eo,0,5,3,232,944,3
1969,1,11,7,-27.3,14.7,-1.0,1,K9,K9_V1_PROXY,odd,odd,mc_k9_oo,0,5,3,232,,
1970,2,11,7,-23.1,14.7,-1.0,0,GAGG,GAGG,even,odd,mc_gagg_eo,1,5,3,233,946,3
1971,3,11,7,-18.9,14.7,-1.0,1,K9,K9_V1_PROXY,odd,odd,mc_k9_oo,1,5,3,233,,
1972,4,11,7,-14.7,14.7,-1.0,0,GAGG,GAGG,even,odd,mc_gagg_eo,2,5,3,234,948,3
1973,5,11,7,-10.5,14.7,-1.0,1,K9,K9_V1_PROXY,odd,odd,mc_k9_oo,2,5,3,234,,
1974,6,11,7,-6.3,14.7,-1.0,0,GAGG,GAGG,even,odd,mc_gagg_eo,3,5,3,235,950,3
1975,7,11,7,-2.1,14.7,-1.0,1,K9,K9_V1_PROXY,odd,odd,mc_k9_oo,3,5,3,235,,
1976,8,11,7,2.1,14.7,-1.0,0,GAGG,GAGG,even,odd,mc_gagg_eo,4,5,3,236,952,3
1977,9,11,7,6.3,14.7,-1.0,1,K9,K9_V1_PROXY,odd,odd,mc_k9_oo,4,5,3,236,,
1978,10,11,7,10.5,14.7,-1.0,0,GAGG,GAGG,even,odd,mc_gagg_eo,5,5,3,237,954,3
1979,11,11,7,14.7,14.7,-1.0,1,K9,K9_V1_PROXY,odd,odd,mc_k9_oo,5,5,3,237,,
1980,12,11,7,18.9,14.7,-1.0,0,GAGG,GAGG,even,odd,mc_gagg_eo,6,5,3,238,956,3
1981,13,11,7,23.1,14.7,-1.0,1,K9,K9_V1_PROXY,odd,odd,mc_k9_oo,6,5,3,238,,
1982,14,11,7,27.3,14.7,-1.0,0,GAGG,GAGG,even,odd,mc_gagg_eo,7,5,3,239,958,3
1983,15,11,7,31.5,14.7,-1.0,1,K9,K9_V1_PROXY,odd,odd,mc_k9_oo,7,5,3,239,,
1984,0,12,7,-31.5,18.9,-1.0,1,K9,K9_V1_PROXY,even,even,mc_k9_ee,0,6,3,240,,
1985,1,12,7,-27.3,18.9,-1.0,0,GAGG,GAGG,odd,even,mc_gagg_oe,0,6,3,240,961,3
1986,2,12,7,-23.1,18.9,-1.0,1,K9,K9_V1_PROXY,even,even,mc_k9_ee,1,6,3,241,,
1987,3,12,7,-18.9,18.9,-1.0,0,GAGG,GAGG,odd,even,mc_gagg_oe,1,6,3,241,963,3
1988,4,12,7,-14.7,18.9,-1.0,1,K9,K9_V1_PROXY,even,even,mc_k9_ee,2,6,3,242,,
1989,5,12,7,-10.5,18.9,-1.0,0,GAGG,GAGG,odd,even,mc_gagg_oe,2,6,3,242,965,3
1990,6,12,7,-6.3,18.9,-1.0,1,K9,K9_V1_PROXY,even,even,mc_k9_ee,3,6,3,243,,
1991,7,12,7,-2.1,18.9,-1.0,0,GAGG,GAGG,odd,even,mc_gagg_oe,3,6,3,243,967,3
1992,8,12,7,2.1,18.9,-1.0,1,K9,K9_V1_PROXY,even,even,mc_k9_ee,4,6,3,244,,
1993,9,12,7,6.3,18.9,-1.0,0,GAGG,GAGG,odd,even,mc_gagg_oe,4,6,3,244,969,3
1994,10,12,7,10.5,18.9,-1.0,1,K9,K9_V1_PROXY,even,even,mc_k9_ee,5,6,3,245,,
1995,11,12,7,14.7,18.9,-1.0,0,GAGG,GAGG,odd,even,mc_gagg_oe,5,6,3,245,971,3
1996,12,12,7,18.9,18.9,-1.0,1,K9,K9_V1_PROXY,even,even,mc_k9_ee,6,6,3,246,,
1997,13,12,7,23.1,18.9,-1.0,0,GAGG,GAGG,odd,even,mc_gagg_oe,6,6,3,246,973,3
1998,14,12,7,27.3,18.9,-1.0,1,K9,K9_V1_PROXY,even,even,mc_k9_ee,7,6,3,247,,
1999,15,12,7,31.5,18.9,-1.0,0,GAGG,GAGG,odd,even,mc_gagg_oe,7,6,3,247,975,3
2000,0,13,7,-31.5,23.1,-1.0,0,GAGG,GAGG,even,odd,mc_gagg_eo,0,6,3,240,976,3
2001,1,13,7,-27.3,23.1,-1.0,1,K9,K9_V1_PROXY,odd,odd,mc_k9_oo,0,6,3,240,,
2002,2,13,7,-23.1,23.1,-1.0,0,GAGG,GAGG,even,odd,mc_gagg_eo,1,6,3,241,978,3
2003,3,13,7,-18.9,23.1,-1.0,1,K9,K9_V1_PROXY,odd,odd,mc_k9_oo,1,6,3,241,,
2004,4,13,7,-14.7,23.1,-1.0,0,GAGG,GAGG,even,odd,mc_gagg_eo,2,6,3,242,980,3
2005,5,13,7,-10.5,23.1,-1.0,1,K9,K9_V1_PROXY,odd,odd,mc_k9_oo,2,6,3,242,,
2006,6,13,7,-6.3,23.1,-1.0,0,GAGG,GAGG,even,odd,mc_gagg_eo,3,6,3,243,982,3
2007,7,13,7,-2.1,23.1,-1.0,1,K9,K9_V1_PROXY,odd,odd,mc_k9_oo,3,6,3,243,,
2008,8,13,7,2.1,23.1,-1.0,0,GAGG,GAGG,even,odd,mc_gagg_eo,4,6,3,244,984,3
2009,9,13,7,6.3,23.1,-1.0,1,K9,K9_V1_PROXY,odd,odd,mc_k9_oo,4,6,3,244,,
2010,10,13,7,10.5,23.1,-1.0,0,GAGG,GAGG,even,odd,mc_gagg_eo,5,6,3,245,986,3
2011,11,13,7,14.7,23.1,-1.0,1,K9,K9_V1_PROXY,odd,odd,mc_k9_oo,5,6,3,245,,
2012,12,13,7,18.9,23.1,-1.0,0,GAGG,GAGG,even,odd,mc_gagg_eo,6,6,3,246,988,3
2013,13,13,7,23.1,23.1,-1.0,1,K9,K9_V1_PROXY,odd,odd,mc_k9_oo,6,6,3,246,,
2014,14,13,7,27.3,23.1,-1.0,0,GAGG,GAGG,even,odd,mc_gagg_eo,7,6,3,247,990,3
2015,15,13,7,31.5,23.1,-1.0,1,K9,K9_V1_PROXY,odd,odd,mc_k9_oo,7,6,3,247,,
2016,0,14,7,-31.5,27.3,-1.0,1,K9,K9_V1_PROXY,even,even,mc_k9_ee,0,7,3,248,,
2017,1,14,7,-27.3,27.3,-1.0,0,GAGG,GAGG,odd,even,mc_gagg_oe,0,7,3,248,993,3
2018,2,14,7,-23.1,27.3,-1.0,1,K9,K9_V1_PROXY,even,even,mc_k9_ee,1,7,3,249,,
2019,3,14,7,-18.9,27.3,-1.0,0,GAGG,GAGG,odd,even,mc_gagg_oe,1,7,3,249,995,3
2020,4,14,7,-14.7,27.3,-1.0,1,K9,K9_V1_PROXY,even,even,mc_k9_ee,2,7,3,250,,
2021,5,14,7,-10.5,27.3,-1.0,0,GAGG,GAGG,odd,even,mc_gagg_oe,2,7,3,250,997,3
2022,6,14,7,-6.3,27.3,-1.0,1,K9,K9_V1_PROXY,even,even,mc_k9_ee,3,7,3,251,,
2023,7,14,7,-2.1,27.3,-1.0,0,GAGG,GAGG,odd,even,mc_gagg_oe,3,7,3,251,999,3
2024,8,14,7,2.1,27.3,-1.0,1,K9,K9_V1_PROXY,even,even,mc_k9_ee,4,7,3,252,,
2025,9,14,7,6.3,27.3,-1.0,0,GAGG,GAGG,odd,even,mc_gagg_oe,4,7,3,252,1001,3
2026,10,14,7,10.5,27.3,-1.0,1,K9,K9_V1_PROXY,even,even,mc_k9_ee,5,7,3,253,,
2027,11,14,7,14.7,27.3,-1.0,0,GAGG,GAGG,odd,even,mc_gagg_oe,5,7,3,253,1003,3
2028,12,14,7,18.9,27.3,-1.0,1,K9,K9_V1_PROXY,even,even,mc_k9_ee,6,7,3,254,,
2029,13,14,7,23.1,27.3,-1.0,0,GAGG,GAGG,odd,even,mc_gagg_oe,6,7,3,254,1005,3
2030,14,14,7,27.3,27.3,-1.0,1,K9,K9_V1_PROXY,even,even,mc_k9_ee,7,7,3,255,,
2031,15,14,7,31.5,27.3,-1.0,0,GAGG,GAGG,odd,even,mc_gagg_oe,7,7,3,255,1007,3
2032,0,15,7,-31.5,31.5,-1.0,0,GAGG,GAGG,even,odd,mc_gagg_eo,0,7,3,248,1008,3
2033,1,15,7,-27.3,31.5,-1.0,1,K9,K9_V1_PROXY,odd,odd,mc_k9_oo,0,7,3,248,,
2034,2,15,7,-23.1,31.5,-1.0,0,GAGG,GAGG,even,odd,mc_gagg_eo,1,7,3,249,1010,3
2035,3,15,7,-18.9,31.5,-1.0,1,K9,K9_V1_PROXY,odd,odd,mc_k9_oo,1,7,3,249,,
2036,4,15,7,-14.7,31.5,-1.0,0,GAGG,GAGG,even,odd,mc_gagg_eo,2,7,3,250,1012,3
2037,5,15,7,-10.5,31.5,-1.0,1,K9,K9_V1_PROXY,odd,odd,mc_k9_oo,2,7,3,250,,
2038,6,15,7,-6.3,31.5,-1.0,0,GAGG,GAGG,even,odd,mc_gagg_eo,3,7,3,251,1014,3
2039,7,15,7,-2.1,31.5,-1.0,1,K9,K9_V1_PROXY,odd,odd,mc_k9_oo,3,7,3,251,,
2040,8,15,7,2.1,31.5,-1.0,0,GAGG,GAGG,even,odd,mc_gagg_eo,4,7,3,252,1016,3
2041,9,15,7,6.3,31.5,-1.0,1,K9,K9_V1_PROXY,odd,odd,mc_k9_oo,4,7,3,252,,
2042,10,15,7,10.5,31.5,-1.0,0,GAGG,GAGG,even,odd,mc_gagg_eo,5,7,3,253,1018,3
2043,11,15,7,14.7,31.5,-1.0,1,K9,K9_V1_PROXY,odd,odd,mc_k9_oo,5,7,3,253,,
2044,12,15,7,18.9,31.5,-1.0,0,GAGG,GAGG,even,odd,mc_gagg_eo,6,7,3,254,1020,3
2045,13,15,7,23.1,31.5,-1.0,1,K9,K9_V1_PROXY,odd,odd,mc_k9_oo,6,7,3,254,,
2046,14,15,7,27.3,31.5,-1.0,0,GAGG,GAGG,even,odd,mc_gagg_eo,7,7,3,255,1022,3
2047,15,15,7,31.5,31.5,-1.0,1,K9,K9_V1_PROXY,odd,odd,mc_k9_oo,7,7,3,255,,
2048,0,0,8,-31.5,-31.5,1.0,0,GAGG,GAGG,even,even,mc_gagg_ee,0,0,4,256,1024,4
2049,1,0,8,-27.3,-31.5,1.0,1,K9,K9_V1_PROXY,odd,even,mc_k9_oe,0,0,4,256,,
2050,2,0,8,-23.1,-31.5,1.0,0,GAGG,GAGG,even,even,mc_gagg_ee,1,0,4,257,1026,4
2051,3,0,8,-18.9,-31.5,1.0,1,K9,K9_V1_PROXY,odd,even,mc_k9_oe,1,0,4,257,,
2052,4,0,8,-14.7,-31.5,1.0,0,GAGG,GAGG,even,even,mc_gagg_ee,2,0,4,258,1028,4
2053,5,0,8,-10.5,-31.5,1.0,1,K9,K9_V1_PROXY,odd,even,mc_k9_oe,2,0,4,258,,
2054,6,0,8,-6.3,-31.5,1.0,0,GAGG,GAGG,even,even,mc_gagg_ee,3,0,4,259,1030,4
2055,7,0,8,-2.1,-31.5,1.0,1,K9,K9_V1_PROXY,odd,even,mc_k9_oe,3,0,4,259,,
2056,8,0,8,2.1,-31.5,1.0,0,GAGG,GAGG,even,even,mc_gagg_ee,4,0,4,260,1032,4
2057,9,0,8,6.3,-31.5,1.0,1,K9,K9_V1_PROXY,odd,even,mc_k9_oe,4,0,4,260,,
2058,10,0,8,10.5,-31.5,1.0,0,GAGG,GAGG,even,even,mc_gagg_ee,5,0,4,261,1034,4
2059,11,0,8,14.7,-31.5,1.0,1,K9,K9_V1_PROXY,odd,even,mc_k9_oe,5,0,4,261,,
2060,12,0,8,18.9,-31.5,1.0,0,GAGG,GAGG,even,even,mc_gagg_ee,6,0,4,262,1036,4
2061,13,0,8,23.1,-31.5,1.0,1,K9,K9_V1_PROXY,odd,even,mc_k9_oe,6,0,4,262,,
2062,14,0,8,27.3,-31.5,1.0,0,GAGG,GAGG,even,even,mc_gagg_ee,7,0,4,263,1038,4
2063,15,0,8,31.5,-31.5,1.0,1,K9,K9_V1_PROXY,odd,even,mc_k9_oe,7,0,4,263,,
2064,0,1,8,-31.5,-27.3,1.0,1,K9,K9_V1_PROXY,even,odd,mc_k9_eo,0,0,4,256,,
2065,1,1,8,-27.3,-27.3,1.0,0,GAGG,GAGG,odd,odd,mc_gagg_oo,0,0,4,256,1041,4
2066,2,1,8,-23.1,-27.3,1.0,1,K9,K9_V1_PROXY,even,odd,mc_k9_eo,1,0,4,257,,
2067,3,1,8,-18.9,-27.3,1.0,0,GAGG,GAGG,odd,odd,mc_gagg_oo,1,0,4,257,1043,4
2068,4,1,8,-14.7,-27.3,1.0,1,K9,K9_V1_PROXY,even,odd,mc_k9_eo,2,0,4,258,,
2069,5,1,8,-10.5,-27.3,1.0,0,GAGG,GAGG,odd,odd,mc_gagg_oo,2,0,4,258,1045,4
2070,6,1,8,-6.3,-27.3,1.0,1,K9,K9_V1_PROXY,even,odd,mc_k9_eo,3,0,4,259,,
2071,7,1,8,-2.1,-27.3,1.0,0,GAGG,GAGG,odd,odd,mc_gagg_oo,3,0,4,259,1047,4
2072,8,1,8,2.1,-27.3,1.0,1,K9,K9_V1_PROXY,even,odd,mc_k9_eo,4,0,4,260,,
2073,9,1,8,6.3,-27.3,1.0,0,GAGG,GAGG,odd,odd,mc_gagg_oo,4,0,4,260,1049,4
2074,10,1,8,10.5,-27.3,1.0,1,K9,K9_V1_PROXY,even,odd,mc_k9_eo,5,0,4,261,,
2075,11,1,8,14.7,-27.3,1.0,0,GAGG,GAGG,odd,odd,mc_gagg_oo,5,0,4,261,1051,4
2076,12,1,8,18.9,-27.3,1.0,1,K9,K9_V1_PROXY,even,odd,mc_k9_eo,6,0,4,262,,
2077,13,1,8,23.1,-27.3,1.0,0,GAGG,GAGG,odd,odd,mc_gagg_oo,6,0,4,262,1053,4
2078,14,1,8,27.3,-27.3,1.0,1,K9,K9_V1_PROXY,even,odd,mc_k9_eo,7,0,4,263,,
2079,15,1,8,31.5,-27.3,1.0,0,GAGG,GAGG,odd,odd,mc_gagg_oo,7,0,4,263,1055,4
2080,0,2,8,-31.5,-23.1,1.0,0,GAGG,GAGG,even,even,mc_gagg_ee,0,1,4,264,1056,4
2081,1,2,8,-27.3,-23.1,1.0,1,K9,K9_V1_PROXY,odd,even,mc_k9_oe,0,1,4,264,,
2082,2,2,8,-23.1,-23.1,1.0,0,GAGG,GAGG,even,even,mc_gagg_ee,1,1,4,265,1058,4
2083,3,2,8,-18.9,-23.1,1.0,1,K9,K9_V1_PROXY,odd,even,mc_k9_oe,1,1,4,265,,
2084,4,2,8,-14.7,-23.1,1.0,0,GAGG,GAGG,even,even,mc_gagg_ee,2,1,4,266,1060,4
2085,5,2,8,-10.5,-23.1,1.0,1,K9,K9_V1_PROXY,odd,even,mc_k9_oe,2,1,4,266,,
2086,6,2,8,-6.3,-23.1,1.0,0,GAGG,GAGG,even,even,mc_gagg_ee,3,1,4,267,1062,4
2087,7,2,8,-2.1,-23.1,1.0,1,K9,K9_V1_PROXY,odd,even,mc_k9_oe,3,1,4,267,,
2088,8,2,8,2.1,-23.1,1.0,0,GAGG,GAGG,even,even,mc_gagg_ee,4,1,4,268,1064,4
2089,9,2,8,6.3,-23.1,1.0,1,K9,K9_V1_PROXY,odd,even,mc_k9_oe,4,1,4,268,,
2090,10,2,8,10.5,-23.1,1.0,0,GAGG,GAGG,even,even,mc_gagg_ee,5,1,4,269,1066,4
2091,11,2,8,14.7,-23.1,1.0,1,K9,K9_V1_PROXY,odd,even,mc_k9_oe,5,1,4,269,,
2092,12,2,8,18.9,-23.1,1.0,0,GAGG,GAGG,even,even,mc_gagg_ee,6,1,4,270,1068,4
2093,13,2,8,23.1,-23.1,1.0,1,K9,K9_V1_PROXY,odd,even,mc_k9_oe,6,1,4,270,,
2094,14,2,8,27.3,-23.1,1.0,0,GAGG,GAGG,even,even,mc_gagg_ee,7,1,4,271,1070,4
2095,15,2,8,31.5,-23.1,1.0,1,K9,K9_V1_PROXY,odd,even,mc_k9_oe,7,1,4,271,,
2096,0,3,8,-31.5,-18.9,1.0,1,K9,K9_V1_PROXY,even,odd,mc_k9_eo,0,1,4,264,,
2097,1,3,8,-27.3,-18.9,1.0,0,GAGG,GAGG,odd,odd,mc_gagg_oo,0,1,4,264,1073,4
2098,2,3,8,-23.1,-18.9,1.0,1,K9,K9_V1_PROXY,even,odd,mc_k9_eo,1,1,4,265,,
2099,3,3,8,-18.9,-18.9,1.0,0,GAGG,GAGG,odd,odd,mc_gagg_oo,1,1,4,265,1075,4
2100,4,3,8,-14.7,-18.9,1.0,1,K9,K9_V1_PROXY,even,odd,mc_k9_eo,2,1,4,266,,
2101,5,3,8,-10.5,-18.9,1.0,0,GAGG,GAGG,odd,odd,mc_gagg_oo,2,1,4,266,1077,4
2102,6,3,8,-6.3,-18.9,1.0,1,K9,K9_V1_PROXY,even,odd,mc_k9_eo,3,1,4,267,,
2103,7,3,8,-2.1,-18.9,1.0,0,GAGG,GAGG,odd,odd,mc_gagg_oo,3,1,4,267,1079,4
2104,8,3,8,2.1,-18.9,1.0,1,K9,K9_V1_PROXY,even,odd,mc_k9_eo,4,1,4,268,,
2105,9,3,8,6.3,-18.9,1.0,0,GAGG,GAGG,odd,odd,mc_gagg_oo,4,1,4,268,1081,4
2106,10,3,8,10.5,-18.9,1.0,1,K9,K9_V1_PROXY,even,odd,mc_k9_eo,5,1,4,269,,
2107,11,3,8,14.7,-18.9,1.0,0,GAGG,GAGG,odd,odd,mc_gagg_oo,5,1,4,269,1083,4
2108,12,3,8,18.9,-18.9,1.0,1,K9,K9_V1_PROXY,even,odd,mc_k9_eo,6,1,4,270,,
2109,13,3,8,23.1,-18.9,1.0,0,GAGG,GAGG,odd,odd,mc_gagg_oo,6,1,4,270,1085,4
2110,14,3,8,27.3,-18.9,1.0,1,K9,K9_V1_PROXY,even,odd,mc_k9_eo,7,1,4,271,,
2111,15,3,8,31.5,-18.9,1.0,0,GAGG,GAGG,odd,odd,mc_gagg_oo,7,1,4,271,1087,4
2112,0,4,8,-31.5,-14.7,1.0,0,GAGG,GAGG,even,even,mc_gagg_ee,0,2,4,272,1088,4
2113,1,4,8,-27.3,-14.7,1.0,1,K9,K9_V1_PROXY,odd,even,mc_k9_oe,0,2,4,272,,
2114,2,4,8,-23.1,-14.7,1.0,0,GAGG,GAGG,even,even,mc_gagg_ee,1,2,4,273,1090,4
2115,3,4,8,-18.9,-14.7,1.0,1,K9,K9_V1_PROXY,odd,even,mc_k9_oe,1,2,4,273,,
2116,4,4,8,-14.7,-14.7,1.0,0,GAGG,GAGG,even,even,mc_gagg_ee,2,2,4,274,1092,4
2117,5,4,8,-10.5,-14.7,1.0,1,K9,K9_V1_PROXY,odd,even,mc_k9_oe,2,2,4,274,,
2118,6,4,8,-6.3,-14.7,1.0,0,GAGG,GAGG,even,even,mc_gagg_ee,3,2,4,275,1094,4
2119,7,4,8,-2.1,-14.7,1.0,1,K9,K9_V1_PROXY,odd,even,mc_k9_oe,3,2,4,275,,
2120,8,4,8,2.1,-14.7,1.0,0,GAGG,GAGG,even,even,mc_gagg_ee,4,2,4,276,1096,4
2121,9,4,8,6.3,-14.7,1.0,1,K9,K9_V1_PROXY,odd,even,mc_k9_oe,4,2,4,276,,
2122,10,4,8,10.5,-14.7,1.0,0,GAGG,GAGG,even,even,mc_gagg_ee,5,2,4,277,1098,4
2123,11,4,8,14.7,-14.7,1.0,1,K9,K9_V1_PROXY,odd,even,mc_k9_oe,5,2,4,277,,
2124,12,4,8,18.9,-14.7,1.0,0,GAGG,GAGG,even,even,mc_gagg_ee,6,2,4,278,1100,4
2125,13,4,8,23.1,-14.7,1.0,1,K9,K9_V1_PROXY,odd,even,mc_k9_oe,6,2,4,278,,
2126,14,4,8,27.3,-14.7,1.0,0,GAGG,GAGG,even,even,mc_gagg_ee,7,2,4,279,1102,4
2127,15,4,8,31.5,-14.7,1.0,1,K9,K9_V1_PROXY,odd,even,mc_k9_oe,7,2,4,279,,
2128,0,5,8,-31.5,-10.5,1.0,1,K9,K9_V1_PROXY,even,odd,mc_k9_eo,0,2,4,272,,
2129,1,5,8,-27.3,-10.5,1.0,0,GAGG,GAGG,odd,odd,mc_gagg_oo,0,2,4,272,1105,4
2130,2,5,8,-23.1,-10.5,1.0,1,K9,K9_V1_PROXY,even,odd,mc_k9_eo,1,2,4,273,,
2131,3,5,8,-18.9,-10.5,1.0,0,GAGG,GAGG,odd,odd,mc_gagg_oo,1,2,4,273,1107,4
2132,4,5,8,-14.7,-10.5,1.0,1,K9,K9_V1_PROXY,even,odd,mc_k9_eo,2,2,4,274,,
2133,5,5,8,-10.5,-10.5,1.0,0,GAGG,GAGG,odd,odd,mc_gagg_oo,2,2,4,274,1109,4
2134,6,5,8,-6.3,-10.5,1.0,1,K9,K9_V1_PROXY,even,odd,mc_k9_eo,3,2,4,275,,
2135,7,5,8,-2.1,-10.5,1.0,0,GAGG,GAGG,odd,odd,mc_gagg_oo,3,2,4,275,1111,4
2136,8,5,8,2.1,-10.5,1.0,1,K9,K9_V1_PROXY,even,odd,mc_k9_eo,4,2,4,276,,
2137,9,5,8,6.3,-10.5,1.0,0,GAGG,GAGG,odd,odd,mc_gagg_oo,4,2,4,276,1113,4
2138,10,5,8,10.5,-10.5,1.0,1,K9,K9_V1_PROXY,even,odd,mc_k9_eo,5,2,4,277,,
2139,11,5,8,14.7,-10.5,1.0,0,GAGG,GAGG,odd,odd,mc_gagg_oo,5,2,4,277,1115,4
2140,12,5,8,18.9,-10.5,1.0,1,K9,K9_V1_PROXY,even,odd,mc_k9_eo,6,2,4,278,,
2141,13,5,8,23.1,-10.5,1.0,0,GAGG,GAGG,odd,odd,mc_gagg_oo,6,2,4,278,1117,4
2142,14,5,8,27.3,-10.5,1.0,1,K9,K9_V1_PROXY,even,odd,mc_k9_eo,7,2,4,279,,
2143,15,5,8,31.5,-10.5,1.0,0,GAGG,GAGG,odd,odd,mc_gagg_oo,7,2,4,279,1119,4
2144,0,6,8,-31.5,-6.3,1.0,0,GAGG,GAGG,even,even,mc_gagg_ee,0,3,4,280,1120,4
2145,1,6,8,-27.3,-6.3,1.0,1,K9,K9_V1_PROXY,odd,even,mc_k9_oe,0,3,4,280,,
2146,2,6,8,-23.1,-6.3,1.0,0,GAGG,GAGG,even,even,mc_gagg_ee,1,3,4,281,1122,4
2147,3,6,8,-18.9,-6.3,1.0,1,K9,K9_V1_PROXY,odd,even,mc_k9_oe,1,3,4,281,,
2148,4,6,8,-14.7,-6.3,1.0,0,GAGG,GAGG,even,even,mc_gagg_ee,2,3,4,282,1124,4
2149,5,6,8,-10.5,-6.3,1.0,1,K9,K9_V1_PROXY,odd,even,mc_k9_oe,2,3,4,282,,
2150,6,6,8,-6.3,-6.3,1.0,0,GAGG,GAGG,even,even,mc_gagg_ee,3,3,4,283,1126,4
2151,7,6,8,-2.1,-6.3,1.0,1,K9,K9_V1_PROXY,odd,even,mc_k9_oe,3,3,4,283,,
2152,8,6,8,2.1,-6.3,1.0,0,GAGG,GAGG,even,even,mc_gagg_ee,4,3,4,284,1128,4
2153,9,6,8,6.3,-6.3,1.0,1,K9,K9_V1_PROXY,odd,even,mc_k9_oe,4,3,4,284,,
2154,10,6,8,10.5,-6.3,1.0,0,GAGG,GAGG,even,even,mc_gagg_ee,5,3,4,285,1130,4
2155,11,6,8,14.7,-6.3,1.0,1,K9,K9_V1_PROXY,odd,even,mc_k9_oe,5,3,4,285,,
2156,12,6,8,18.9,-6.3,1.0,0,GAGG,GAGG,even,even,mc_gagg_ee,6,3,4,286,1132,4
2157,13,6,8,23.1,-6.3,1.0,1,K9,K9_V1_PROXY,odd,even,mc_k9_oe,6,3,4,286,,
2158,14,6,8,27.3,-6.3,1.0,0,GAGG,GAGG,even,even,mc_gagg_ee,7,3,4,287,1134,4
2159,15,6,8,31.5,-6.3,1.0,1,K9,K9_V1_PROXY,odd,even,mc_k9_oe,7,3,4,287,,
2160,0,7,8,-31.5,-2.1,1.0,1,K9,K9_V1_PROXY,even,odd,mc_k9_eo,0,3,4,280,,
2161,1,7,8,-27.3,-2.1,1.0,0,GAGG,GAGG,odd,odd,mc_gagg_oo,0,3,4,280,1137,4
2162,2,7,8,-23.1,-2.1,1.0,1,K9,K9_V1_PROXY,even,odd,mc_k9_eo,1,3,4,281,,
2163,3,7,8,-18.9,-2.1,1.0,0,GAGG,GAGG,odd,odd,mc_gagg_oo,1,3,4,281,1139,4
2164,4,7,8,-14.7,-2.1,1.0,1,K9,K9_V1_PROXY,even,odd,mc_k9_eo,2,3,4,282,,
2165,5,7,8,-10.5,-2.1,1.0,0,GAGG,GAGG,odd,odd,mc_gagg_oo,2,3,4,282,1141,4
2166,6,7,8,-6.3,-2.1,1.0,1,K9,K9_V1_PROXY,even,odd,mc_k9_eo,3,3,4,283,,
2167,7,7,8,-2.1,-2.1,1.0,0,GAGG,GAGG,odd,odd,mc_gagg_oo,3,3,4,283,1143,4
2168,8,7,8,2.1,-2.1,1.0,1,K9,K9_V1_PROXY,even,odd,mc_k9_eo,4,3,4,284,,
2169,9,7,8,6.3,-2.1,1.0,0,GAGG,GAGG,odd,odd,mc_gagg_oo,4,3,4,284,1145,4
2170,10,7,8,10.5,-2.1,1.0,1,K9,K9_V1_PROXY,even,odd,mc_k9_eo,5,3,4,285,,
2171,11,7,8,14.7,-2.1,1.0,0,GAGG,GAGG,odd,odd,mc_gagg_oo,5,3,4,285,1147,4
2172,12,7,8,18.9,-2.1,1.0,1,K9,K9_V1_PROXY,even,odd,mc_k9_eo,6,3,4,286,,
2173,13,7,8,23.1,-2.1,1.0,0,GAGG,GAGG,odd,odd,mc_gagg_oo,6,3,4,286,1149,4
2174,14,7,8,27.3,-2.1,1.0,1,K9,K9_V1_PROXY,even,odd,mc_k9_eo,7,3,4,287,,
2175,15,7,8,31.5,-2.1,1.0,0,GAGG,GAGG,odd,odd,mc_gagg_oo,7,3,4,287,1151,4
2176,0,8,8,-31.5,2.1,1.0,0,GAGG,GAGG,even,even,mc_gagg_ee,0,4,4,288,1152,4
2177,1,8,8,-27.3,2.1,1.0,1,K9,K9_V1_PROXY,odd,even,mc_k9_oe,0,4,4,288,,
2178,2,8,8,-23.1,2.1,1.0,0,GAGG,GAGG,even,even,mc_gagg_ee,1,4,4,289,1154,4
2179,3,8,8,-18.9,2.1,1.0,1,K9,K9_V1_PROXY,odd,even,mc_k9_oe,1,4,4,289,,
2180,4,8,8,-14.7,2.1,1.0,0,GAGG,GAGG,even,even,mc_gagg_ee,2,4,4,290,1156,4
2181,5,8,8,-10.5,2.1,1.0,1,K9,K9_V1_PROXY,odd,even,mc_k9_oe,2,4,4,290,,
2182,6,8,8,-6.3,2.1,1.0,0,GAGG,GAGG,even,even,mc_gagg_ee,3,4,4,291,1158,4
2183,7,8,8,-2.1,2.1,1.0,1,K9,K9_V1_PROXY,odd,even,mc_k9_oe,3,4,4,291,,
2184,8,8,8,2.1,2.1,1.0,0,GAGG,GAGG,even,even,mc_gagg_ee,4,4,4,292,1160,4
2185,9,8,8,6.3,2.1,1.0,1,K9,K9_V1_PROXY,odd,even,mc_k9_oe,4,4,4,292,,
2186,10,8,8,10.5,2.1,1.0,0,GAGG,GAGG,even,even,mc_gagg_ee,5,4,4,293,1162,4
2187,11,8,8,14.7,2.1,1.0,1,K9,K9_V1_PROXY,odd,even,mc_k9_oe,5,4,4,293,,
2188,12,8,8,18.9,2.1,1.0,0,GAGG,GAGG,even,even,mc_gagg_ee,6,4,4,294,1164,4
2189,13,8,8,23.1,2.1,1.0,1,K9,K9_V1_PROXY,odd,even,mc_k9_oe,6,4,4,294,,
2190,14,8,8,27.3,2.1,1.0,0,GAGG,GAGG,even,even,mc_gagg_ee,7,4,4,295,1166,4
2191,15,8,8,31.5,2.1,1.0,1,K9,K9_V1_PROXY,odd,even,mc_k9_oe,7,4,4,295,,
2192,0,9,8,-31.5,6.3,1.0,1,K9,K9_V1_PROXY,even,odd,mc_k9_eo,0,4,4,288,,
2193,1,9,8,-27.3,6.3,1.0,0,GAGG,GAGG,odd,odd,mc_gagg_oo,0,4,4,288,1169,4
2194,2,9,8,-23.1,6.3,1.0,1,K9,K9_V1_PROXY,even,odd,mc_k9_eo,1,4,4,289,,
2195,3,9,8,-18.9,6.3,1.0,0,GAGG,GAGG,odd,odd,mc_gagg_oo,1,4,4,289,1171,4
2196,4,9,8,-14.7,6.3,1.0,1,K9,K9_V1_PROXY,even,odd,mc_k9_eo,2,4,4,290,,
2197,5,9,8,-10.5,6.3,1.0,0,GAGG,GAGG,odd,odd,mc_gagg_oo,2,4,4,290,1173,4
2198,6,9,8,-6.3,6.3,1.0,1,K9,K9_V1_PROXY,even,odd,mc_k9_eo,3,4,4,291,,
2199,7,9,8,-2.1,6.3,1.0,0,GAGG,GAGG,odd,odd,mc_gagg_oo,3,4,4,291,1175,4
2200,8,9,8,2.1,6.3,1.0,1,K9,K9_V1_PROXY,even,odd,mc_k9_eo,4,4,4,292,,
2201,9,9,8,6.3,6.3,1.0,0,GAGG,GAGG,odd,odd,mc_gagg_oo,4,4,4,292,1177,4
2202,10,9,8,10.5,6.3,1.0,1,K9,K9_V1_PROXY,even,odd,mc_k9_eo,5,4,4,293,,
2203,11,9,8,14.7,6.3,1.0,0,GAGG,GAGG,odd,odd,mc_gagg_oo,5,4,4,293,1179,4
2204,12,9,8,18.9,6.3,1.0,1,K9,K9_V1_PROXY,even,odd,mc_k9_eo,6,4,4,294,,
2205,13,9,8,23.1,6.3,1.0,0,GAGG,GAGG,odd,odd,mc_gagg_oo,6,4,4,294,1181,4
2206,14,9,8,27.3,6.3,1.0,1,K9,K9_V1_PROXY,even,odd,mc_k9_eo,7,4,4,295,,
2207,15,9,8,31.5,6.3,1.0,0,GAGG,GAGG,odd,odd,mc_gagg_oo,7,4,4,295,1183,4
2208,0,10,8,-31.5,10.5,1.0,0,GAGG,GAGG,even,even,mc_gagg_ee,0,5,4,296,1184,4
2209,1,10,8,-27.3,10.5,1.0,1,K9,K9_V1_PROXY,odd,even,mc_k9_oe,0,5,4,296,,
2210,2,10,8,-23.1,10.5,1.0,0,GAGG,GAGG,even,even,mc_gagg_ee,1,5,4,297,1186,4
2211,3,10,8,-18.9,10.5,1.0,1,K9,K9_V1_PROXY,odd,even,mc_k9_oe,1,5,4,297,,
2212,4,10,8,-14.7,10.5,1.0,0,GAGG,GAGG,even,even,mc_gagg_ee,2,5,4,298,1188,4
2213,5,10,8,-10.5,10.5,1.0,1,K9,K9_V1_PROXY,odd,even,mc_k9_oe,2,5,4,298,,
2214,6,10,8,-6.3,10.5,1.0,0,GAGG,GAGG,even,even,mc_gagg_ee,3,5,4,299,1190,4
2215,7,10,8,-2.1,10.5,1.0,1,K9,K9_V1_PROXY,odd,even,mc_k9_oe,3,5,4,299,,
2216,8,10,8,2.1,10.5,1.0,0,GAGG,GAGG,even,even,mc_gagg_ee,4,5,4,300,1192,4
2217,9,10,8,6.3,10.5,1.0,1,K9,K9_V1_PROXY,odd,even,mc_k9_oe,4,5,4,300,,
2218,10,10,8,10.5,10.5,1.0,0,GAGG,GAGG,even,even,mc_gagg_ee,5,5,4,301,1194,4
2219,11,10,8,14.7,10.5,1.0,1,K9,K9_V1_PROXY,odd,even,mc_k9_oe,5,5,4,301,,
2220,12,10,8,18.9,10.5,1.0,0,GAGG,GAGG,even,even,mc_gagg_ee,6,5,4,302,1196,4
2221,13,10,8,23.1,10.5,1.0,1,K9,K9_V1_PROXY,odd,even,mc_k9_oe,6,5,4,302,,
2222,14,10,8,27.3,10.5,1.0,0,GAGG,GAGG,even,even,mc_gagg_ee,7,5,4,303,1198,4
2223,15,10,8,31.5,10.5,1.0,1,K9,K9_V1_PROXY,odd,even,mc_k9_oe,7,5,4,303,,
2224,0,11,8,-31.5,14.7,1.0,1,K9,K9_V1_PROXY,even,odd,mc_k9_eo,0,5,4,296,,
2225,1,11,8,-27.3,14.7,1.0,0,GAGG,GAGG,odd,odd,mc_gagg_oo,0,5,4,296,1201,4
2226,2,11,8,-23.1,14.7,1.0,1,K9,K9_V1_PROXY,even,odd,mc_k9_eo,1,5,4,297,,
2227,3,11,8,-18.9,14.7,1.0,0,GAGG,GAGG,odd,odd,mc_gagg_oo,1,5,4,297,1203,4
2228,4,11,8,-14.7,14.7,1.0,1,K9,K9_V1_PROXY,even,odd,mc_k9_eo,2,5,4,298,,
2229,5,11,8,-10.5,14.7,1.0,0,GAGG,GAGG,odd,odd,mc_gagg_oo,2,5,4,298,1205,4
2230,6,11,8,-6.3,14.7,1.0,1,K9,K9_V1_PROXY,even,odd,mc_k9_eo,3,5,4,299,,
2231,7,11,8,-2.1,14.7,1.0,0,GAGG,GAGG,odd,odd,mc_gagg_oo,3,5,4,299,1207,4
2232,8,11,8,2.1,14.7,1.0,1,K9,K9_V1_PROXY,even,odd,mc_k9_eo,4,5,4,300,,
2233,9,11,8,6.3,14.7,1.0,0,GAGG,GAGG,odd,odd,mc_gagg_oo,4,5,4,300,1209,4
2234,10,11,8,10.5,14.7,1.0,1,K9,K9_V1_PROXY,even,odd,mc_k9_eo,5,5,4,301,,
2235,11,11,8,14.7,14.7,1.0,0,GAGG,GAGG,odd,odd,mc_gagg_oo,5,5,4,301,1211,4
2236,12,11,8,18.9,14.7,1.0,1,K9,K9_V1_PROXY,even,odd,mc_k9_eo,6,5,4,302,,
2237,13,11,8,23.1,14.7,1.0,0,GAGG,GAGG,odd,odd,mc_gagg_oo,6,5,4,302,1213,4
2238,14,11,8,27.3,14.7,1.0,1,K9,K9_V1_PROXY,even,odd,mc_k9_eo,7,5,4,303,,
2239,15,11,8,31.5,14.7,1.0,0,GAGG,GAGG,odd,odd,mc_gagg_oo,7,5,4,303,1215,4
2240,0,12,8,-31.5,18.9,1.0,0,GAGG,GAGG,even,even,mc_gagg_ee,0,6,4,304,1216,4
2241,1,12,8,-27.3,18.9,1.0,1,K9,K9_V1_PROXY,odd,even,mc_k9_oe,0,6,4,304,,
2242,2,12,8,-23.1,18.9,1.0,0,GAGG,GAGG,even,even,mc_gagg_ee,1,6,4,305,1218,4
2243,3,12,8,-18.9,18.9,1.0,1,K9,K9_V1_PROXY,odd,even,mc_k9_oe,1,6,4,305,,
2244,4,12,8,-14.7,18.9,1.0,0,GAGG,GAGG,even,even,mc_gagg_ee,2,6,4,306,1220,4
2245,5,12,8,-10.5,18.9,1.0,1,K9,K9_V1_PROXY,odd,even,mc_k9_oe,2,6,4,306,,
2246,6,12,8,-6.3,18.9,1.0,0,GAGG,GAGG,even,even,mc_gagg_ee,3,6,4,307,1222,4
2247,7,12,8,-2.1,18.9,1.0,1,K9,K9_V1_PROXY,odd,even,mc_k9_oe,3,6,4,307,,
2248,8,12,8,2.1,18.9,1.0,0,GAGG,GAGG,even,even,mc_gagg_ee,4,6,4,308,1224,4
2249,9,12,8,6.3,18.9,1.0,1,K9,K9_V1_PROXY,odd,even,mc_k9_oe,4,6,4,308,,
2250,10,12,8,10.5,18.9,1.0,0,GAGG,GAGG,even,even,mc_gagg_ee,5,6,4,309,1226,4
2251,11,12,8,14.7,18.9,1.0,1,K9,K9_V1_PROXY,odd,even,mc_k9_oe,5,6,4,309,,
2252,12,12,8,18.9,18.9,1.0,0,GAGG,GAGG,even,even,mc_gagg_ee,6,6,4,310,1228,4
2253,13,12,8,23.1,18.9,1.0,1,K9,K9_V1_PROXY,odd,even,mc_k9_oe,6,6,4,310,,
2254,14,12,8,27.3,18.9,1.0,0,GAGG,GAGG,even,even,mc_gagg_ee,7,6,4,311,1230,4
2255,15,12,8,31.5,18.9,1.0,1,K9,K9_V1_PROXY,odd,even,mc_k9_oe,7,6,4,311,,
2256,0,13,8,-31.5,23.1,1.0,1,K9,K9_V1_PROXY,even,odd,mc_k9_eo,0,6,4,304,,
2257,1,13,8,-27.3,23.1,1.0,0,GAGG,GAGG,odd,odd,mc_gagg_oo,0,6,4,304,1233,4
2258,2,13,8,-23.1,23.1,1.0,1,K9,K9_V1_PROXY,even,odd,mc_k9_eo,1,6,4,305,,
2259,3,13,8,-18.9,23.1,1.0,0,GAGG,GAGG,odd,odd,mc_gagg_oo,1,6,4,305,1235,4
2260,4,13,8,-14.7,23.1,1.0,1,K9,K9_V1_PROXY,even,odd,mc_k9_eo,2,6,4,306,,
2261,5,13,8,-10.5,23.1,1.0,0,GAGG,GAGG,odd,odd,mc_gagg_oo,2,6,4,306,1237,4
2262,6,13,8,-6.3,23.1,1.0,1,K9,K9_V1_PROXY,even,odd,mc_k9_eo,3,6,4,307,,
2263,7,13,8,-2.1,23.1,1.0,0,GAGG,GAGG,odd,odd,mc_gagg_oo,3,6,4,307,1239,4
2264,8,13,8,2.1,23.1,1.0,1,K9,K9_V1_PROXY,even,odd,mc_k9_eo,4,6,4,308,,
2265,9,13,8,6.3,23.1,1.0,0,GAGG,GAGG,odd,odd,mc_gagg_oo,4,6,4,308,1241,4
2266,10,13,8,10.5,23.1,1.0,1,K9,K9_V1_PROXY,even,odd,mc_k9_eo,5,6,4,309,,
2267,11,13,8,14.7,23.1,1.0,0,GAGG,GAGG,odd,odd,mc_gagg_oo,5,6,4,309,1243,4
2268,12,13,8,18.9,23.1,1.0,1,K9,K9_V1_PROXY,even,odd,mc_k9_eo,6,6,4,310,,
2269,13,13,8,23.1,23.1,1.0,0,GAGG,GAGG,odd,odd,mc_gagg_oo,6,6,4,310,1245,4
2270,14,13,8,27.3,23.1,1.0,1,K9,K9_V1_PROXY,even,odd,mc_k9_eo,7,6,4,311,,
2271,15,13,8,31.5,23.1,1.0,0,GAGG,GAGG,odd,odd,mc_gagg_oo,7,6,4,311,1247,4
2272,0,14,8,-31.5,27.3,1.0,0,GAGG,GAGG,even,even,mc_gagg_ee,0,7,4,312,1248,4
2273,1,14,8,-27.3,27.3,1.0,1,K9,K9_V1_PROXY,odd,even,mc_k9_oe,0,7,4,312,,
2274,2,14,8,-23.1,27.3,1.0,0,GAGG,GAGG,even,even,mc_gagg_ee,1,7,4,313,1250,4
2275,3,14,8,-18.9,27.3,1.0,1,K9,K9_V1_PROXY,odd,even,mc_k9_oe,1,7,4,313,,
2276,4,14,8,-14.7,27.3,1.0,0,GAGG,GAGG,even,even,mc_gagg_ee,2,7,4,314,1252,4
2277,5,14,8,-10.5,27.3,1.0,1,K9,K9_V1_PROXY,odd,even,mc_k9_oe,2,7,4,314,,
2278,6,14,8,-6.3,27.3,1.0,0,GAGG,GAGG,even,even,mc_gagg_ee,3,7,4,315,1254,4
2279,7,14,8,-2.1,27.3,1.0,1,K9,K9_V1_PROXY,odd,even,mc_k9_oe,3,7,4,315,,
2280,8,14,8,2.1,27.3,1.0,0,GAGG,GAGG,even,even,mc_gagg_ee,4,7,4,316,1256,4
2281,9,14,8,6.3,27.3,1.0,1,K9,K9_V1_PROXY,odd,even,mc_k9_oe,4,7,4,316,,
2282,10,14,8,10.5,27.3,1.0,0,GAGG,GAGG,even,even,mc_gagg_ee,5,7,4,317,1258,4
2283,11,14,8,14.7,27.3,1.0,1,K9,K9_V1_PROXY,odd,even,mc_k9_oe,5,7,4,317,,
2284,12,14,8,18.9,27.3,1.0,0,GAGG,GAGG,even,even,mc_gagg_ee,6,7,4,318,1260,4
2285,13,14,8,23.1,27.3,1.0,1,K9,K9_V1_PROXY,odd,even,mc_k9_oe,6,7,4,318,,
2286,14,14,8,27.3,27.3,1.0,0,GAGG,GAGG,even,even,mc_gagg_ee,7,7,4,319,1262,4
2287,15,14,8,31.5,27.3,1.0,1,K9,K9_V1_PROXY,odd,even,mc_k9_oe,7,7,4,319,,
2288,0,15,8,-31.5,31.5,1.0,1,K9,K9_V1_PROXY,even,odd,mc_k9_eo,0,7,4,312,,
2289,1,15,8,-27.3,31.5,1.0,0,GAGG,GAGG,odd,odd,mc_gagg_oo,0,7,4,312,1265,4
2290,2,15,8,-23.1,31.5,1.0,1,K9,K9_V1_PROXY,even,odd,mc_k9_eo,1,7,4,313,,
2291,3,15,8,-18.9,31.5,1.0,0,GAGG,GAGG,odd,odd,mc_gagg_oo,1,7,4,313,1267,4
2292,4,15,8,-14.7,31.5,1.0,1,K9,K9_V1_PROXY,even,odd,mc_k9_eo,2,7,4,314,,
2293,5,15,8,-10.5,31.5,1.0,0,GAGG,GAGG,odd,odd,mc_gagg_oo,2,7,4,314,1269,4
2294,6,15,8,-6.3,31.5,1.0,1,K9,K9_V1_PROXY,even,odd,mc_k9_eo,3,7,4,315,,
2295,7,15,8,-2.1,31.5,1.0,0,GAGG,GAGG,odd,odd,mc_gagg_oo,3,7,4,315,1271,4
2296,8,15,8,2.1,31.5,1.0,1,K9,K9_V1_PROXY,even,odd,mc_k9_eo,4,7,4,316,,
2297,9,15,8,6.3,31.5,1.0,0,GAGG,GAGG,odd,odd,mc_gagg_oo,4,7,4,316,1273,4
2298,10,15,8,10.5,31.5,1.0,1,K9,K9_V1_PROXY,even,odd,mc_k9_eo,5,7,4,317,,
2299,11,15,8,14.7,31.5,1.0,0,GAGG,GAGG,odd,odd,mc_gagg_oo,5,7,4,317,1275,4
2300,12,15,8,18.9,31.5,1.0,1,K9,K9_V1_PROXY,even,odd,mc_k9_eo,6,7,4,318,,
2301,13,15,8,23.1,31.5,1.0,0,GAGG,GAGG,odd,odd,mc_gagg_oo,6,7,4,318,1277,4
2302,14,15,8,27.3,31.5,1.0,1,K9,K9_V1_PROXY,even,odd,mc_k9_eo,7,7,4,319,,
2303,15,15,8,31.5,31.5,1.0,0,GAGG,GAGG,odd,odd,mc_gagg_oo,7,7,4,319,1279,4
2304,0,0,9,-31.5,-31.5,3.0,1,K9,K9_V1_PROXY,even,even,mc_k9_ee,0,0,4,256,,
2305,1,0,9,-27.3,-31.5,3.0,0,GAGG,GAGG,odd,even,mc_gagg_oe,0,0,4,256,1025,4
2306,2,0,9,-23.1,-31.5,3.0,1,K9,K9_V1_PROXY,even,even,mc_k9_ee,1,0,4,257,,
2307,3,0,9,-18.9,-31.5,3.0,0,GAGG,GAGG,odd,even,mc_gagg_oe,1,0,4,257,1027,4
2308,4,0,9,-14.7,-31.5,3.0,1,K9,K9_V1_PROXY,even,even,mc_k9_ee,2,0,4,258,,
2309,5,0,9,-10.5,-31.5,3.0,0,GAGG,GAGG,odd,even,mc_gagg_oe,2,0,4,258,1029,4
2310,6,0,9,-6.3,-31.5,3.0,1,K9,K9_V1_PROXY,even,even,mc_k9_ee,3,0,4,259,,
2311,7,0,9,-2.1,-31.5,3.0,0,GAGG,GAGG,odd,even,mc_gagg_oe,3,0,4,259,1031,4
2312,8,0,9,2.1,-31.5,3.0,1,K9,K9_V1_PROXY,even,even,mc_k9_ee,4,0,4,260,,
2313,9,0,9,6.3,-31.5,3.0,0,GAGG,GAGG,odd,even,mc_gagg_oe,4,0,4,260,1033,4
2314,10,0,9,10.5,-31.5,3.0,1,K9,K9_V1_PROXY,even,even,mc_k9_ee,5,0,4,261,,
2315,11,0,9,14.7,-31.5,3.0,0,GAGG,GAGG,odd,even,mc_gagg_oe,5,0,4,261,1035,4
2316,12,0,9,18.9,-31.5,3.0,1,K9,K9_V1_PROXY,even,even,mc_k9_ee,6,0,4,262,,
2317,13,0,9,23.1,-31.5,3.0,0,GAGG,GAGG,odd,even,mc_gagg_oe,6,0,4,262,1037,4
2318,14,0,9,27.3,-31.5,3.0,1,K9,K9_V1_PROXY,even,even,mc_k9_ee,7,0,4,263,,
2319,15,0,9,31.5,-31.5,3.0,0,GAGG,GAGG,odd,even,mc_gagg_oe,7,0,4,263,1039,4
2320,0,1,9,-31.5,-27.3,3.0,0,GAGG,GAGG,even,odd,mc_gagg_eo,0,0,4,256,1040,4
2321,1,1,9,-27.3,-27.3,3.0,1,K9,K9_V1_PROXY,odd,odd,mc_k9_oo,0,0,4,256,,
2322,2,1,9,-23.1,-27.3,3.0,0,GAGG,GAGG,even,odd,mc_gagg_eo,1,0,4,257,1042,4
2323,3,1,9,-18.9,-27.3,3.0,1,K9,K9_V1_PROXY,odd,odd,mc_k9_oo,1,0,4,257,,
2324,4,1,9,-14.7,-27.3,3.0,0,GAGG,GAGG,even,odd,mc_gagg_eo,2,0,4,258,1044,4
2325,5,1,9,-10.5,-27.3,3.0,1,K9,K9_V1_PROXY,odd,odd,mc_k9_oo,2,0,4,258,,
2326,6,1,9,-6.3,-27.3,3.0,0,GAGG,GAGG,even,odd,mc_gagg_eo,3,0,4,259,1046,4
2327,7,1,9,-2.1,-27.3,3.0,1,K9,K9_V1_PROXY,odd,odd,mc_k9_oo,3,0,4,259,,
2328,8,1,9,2.1,-27.3,3.0,0,GAGG,GAGG,even,odd,mc_gagg_eo,4,0,4,260,1048,4
2329,9,1,9,6.3,-27.3,3.0,1,K9,K9_V1_PROXY,odd,odd,mc_k9_oo,4,0,4,260,,
2330,10,1,9,10.5,-27.3,3.0,0,GAGG,GAGG,even,odd,mc_gagg_eo,5,0,4,261,1050,4
2331,11,1,9,14.7,-27.3,3.0,1,K9,K9_V1_PROXY,odd,odd,mc_k9_oo,5,0,4,261,,
2332,12,1,9,18.9,-27.3,3.0,0,GAGG,GAGG,even,odd,mc_gagg_eo,6,0,4,262,1052,4
2333,13,1,9,23.1,-27.3,3.0,1,K9,K9_V1_PROXY,odd,odd,mc_k9_oo,6,0,4,262,,
2334,14,1,9,27.3,-27.3,3.0,0,GAGG,GAGG,even,odd,mc_gagg_eo,7,0,4,263,1054,4
2335,15,1,9,31.5,-27.3,3.0,1,K9,K9_V1_PROXY,odd,odd,mc_k9_oo,7,0,4,263,,
2336,0,2,9,-31.5,-23.1,3.0,1,K9,K9_V1_PROXY,even,even,mc_k9_ee,0,1,4,264,,
2337,1,2,9,-27.3,-23.1,3.0,0,GAGG,GAGG,odd,even,mc_gagg_oe,0,1,4,264,1057,4
2338,2,2,9,-23.1,-23.1,3.0,1,K9,K9_V1_PROXY,even,even,mc_k9_ee,1,1,4,265,,
2339,3,2,9,-18.9,-23.1,3.0,0,GAGG,GAGG,odd,even,mc_gagg_oe,1,1,4,265,1059,4
2340,4,2,9,-14.7,-23.1,3.0,1,K9,K9_V1_PROXY,even,even,mc_k9_ee,2,1,4,266,,
2341,5,2,9,-10.5,-23.1,3.0,0,GAGG,GAGG,odd,even,mc_gagg_oe,2,1,4,266,1061,4
2342,6,2,9,-6.3,-23.1,3.0,1,K9,K9_V1_PROXY,even,even,mc_k9_ee,3,1,4,267,,
2343,7,2,9,-2.1,-23.1,3.0,0,GAGG,GAGG,odd,even,mc_gagg_oe,3,1,4,267,1063,4
2344,8,2,9,2.1,-23.1,3.0,1,K9,K9_V1_PROXY,even,even,mc_k9_ee,4,1,4,268,,
2345,9,2,9,6.3,-23.1,3.0,0,GAGG,GAGG,odd,even,mc_gagg_oe,4,1,4,268,1065,4
2346,10,2,9,10.5,-23.1,3.0,1,K9,K9_V1_PROXY,even,even,mc_k9_ee,5,1,4,269,,
2347,11,2,9,14.7,-23.1,3.0,0,GAGG,GAGG,odd,even,mc_gagg_oe,5,1,4,269,1067,4
2348,12,2,9,18.9,-23.1,3.0,1,K9,K9_V1_PROXY,even,even,mc_k9_ee,6,1,4,270,,
2349,13,2,9,23.1,-23.1,3.0,0,GAGG,GAGG,odd,even,mc_gagg_oe,6,1,4,270,1069,4
2350,14,2,9,27.3,-23.1,3.0,1,K9,K9_V1_PROXY,even,even,mc_k9_ee,7,1,4,271,,
2351,15,2,9,31.5,-23.1,3.0,0,GAGG,GAGG,odd,even,mc_gagg_oe,7,1,4,271,1071,4
2352,0,3,9,-31.5,-18.9,3.0,0,GAGG,GAGG,even,odd,mc_gagg_eo,0,1,4,264,1072,4
2353,1,3,9,-27.3,-18.9,3.0,1,K9,K9_V1_PROXY,odd,odd,mc_k9_oo,0,1,4,264,,
2354,2,3,9,-23.1,-18.9,3.0,0,GAGG,GAGG,even,odd,mc_gagg_eo,1,1,4,265,1074,4
2355,3,3,9,-18.9,-18.9,3.0,1,K9,K9_V1_PROXY,odd,odd,mc_k9_oo,1,1,4,265,,
2356,4,3,9,-14.7,-18.9,3.0,0,GAGG,GAGG,even,odd,mc_gagg_eo,2,1,4,266,1076,4
2357,5,3,9,-10.5,-18.9,3.0,1,K9,K9_V1_PROXY,odd,odd,mc_k9_oo,2,1,4,266,,
2358,6,3,9,-6.3,-18.9,3.0,0,GAGG,GAGG,even,odd,mc_gagg_eo,3,1,4,267,1078,4
2359,7,3,9,-2.1,-18.9,3.0,1,K9,K9_V1_PROXY,odd,odd,mc_k9_oo,3,1,4,267,,
2360,8,3,9,2.1,-18.9,3.0,0,GAGG,GAGG,even,odd,mc_gagg_eo,4,1,4,268,1080,4
2361,9,3,9,6.3,-18.9,3.0,1,K9,K9_V1_PROXY,odd,odd,mc_k9_oo,4,1,4,268,,
2362,10,3,9,10.5,-18.9,3.0,0,GAGG,GAGG,even,odd,mc_gagg_eo,5,1,4,269,1082,4
2363,11,3,9,14.7,-18.9,3.0,1,K9,K9_V1_PROXY,odd,odd,mc_k9_oo,5,1,4,269,,
2364,12,3,9,18.9,-18.9,3.0,0,GAGG,GAGG,even,odd,mc_gagg_eo,6,1,4,270,1084,4
2365,13,3,9,23.1,-18.9,3.0,1,K9,K9_V1_PROXY,odd,odd,mc_k9_oo,6,1,4,270,,
2366,14,3,9,27.3,-18.9,3.0,0,GAGG,GAGG,even,odd,mc_gagg_eo,7,1,4,271,1086,4
2367,15,3,9,31.5,-18.9,3.0,1,K9,K9_V1_PROXY,odd,odd,mc_k9_oo,7,1,4,271,,
2368,0,4,9,-31.5,-14.7,3.0,1,K9,K9_V1_PROXY,even,even,mc_k9_ee,0,2,4,272,,
2369,1,4,9,-27.3,-14.7,3.0,0,GAGG,GAGG,odd,even,mc_gagg_oe,0,2,4,272,1089,4
2370,2,4,9,-23.1,-14.7,3.0,1,K9,K9_V1_PROXY,even,even,mc_k9_ee,1,2,4,273,,
2371,3,4,9,-18.9,-14.7,3.0,0,GAGG,GAGG,odd,even,mc_gagg_oe,1,2,4,273,1091,4
2372,4,4,9,-14.7,-14.7,3.0,1,K9,K9_V1_PROXY,even,even,mc_k9_ee,2,2,4,274,,
2373,5,4,9,-10.5,-14.7,3.0,0,GAGG,GAGG,odd,even,mc_gagg_oe,2,2,4,274,1093,4
2374,6,4,9,-6.3,-14.7,3.0,1,K9,K9_V1_PROXY,even,even,mc_k9_ee,3,2,4,275,,
2375,7,4,9,-2.1,-14.7,3.0,0,GAGG,GAGG,odd,even,mc_gagg_oe,3,2,4,275,1095,4
2376,8,4,9,2.1,-14.7,3.0,1,K9,K9_V1_PROXY,even,even,mc_k9_ee,4,2,4,276,,
2377,9,4,9,6.3,-14.7,3.0,0,GAGG,GAGG,odd,even,mc_gagg_oe,4,2,4,276,1097,4
2378,10,4,9,10.5,-14.7,3.0,1,K9,K9_V1_PROXY,even,even,mc_k9_ee,5,2,4,277,,
2379,11,4,9,14.7,-14.7,3.0,0,GAGG,GAGG,odd,even,mc_gagg_oe,5,2,4,277,1099,4
2380,12,4,9,18.9,-14.7,3.0,1,K9,K9_V1_PROXY,even,even,mc_k9_ee,6,2,4,278,,
2381,13,4,9,23.1,-14.7,3.0,0,GAGG,GAGG,odd,even,mc_gagg_oe,6,2,4,278,1101,4
2382,14,4,9,27.3,-14.7,3.0,1,K9,K9_V1_PROXY,even,even,mc_k9_ee,7,2,4,279,,
2383,15,4,9,31.5,-14.7,3.0,0,GAGG,GAGG,odd,even,mc_gagg_oe,7,2,4,279,1103,4
2384,0,5,9,-31.5,-10.5,3.0,0,GAGG,GAGG,even,odd,mc_gagg_eo,0,2,4,272,1104,4
2385,1,5,9,-27.3,-10.5,3.0,1,K9,K9_V1_PROXY,odd,odd,mc_k9_oo,0,2,4,272,,
2386,2,5,9,-23.1,-10.5,3.0,0,GAGG,GAGG,even,odd,mc_gagg_eo,1,2,4,273,1106,4
2387,3,5,9,-18.9,-10.5,3.0,1,K9,K9_V1_PROXY,odd,odd,mc_k9_oo,1,2,4,273,,
2388,4,5,9,-14.7,-10.5,3.0,0,GAGG,GAGG,even,odd,mc_gagg_eo,2,2,4,274,1108,4
2389,5,5,9,-10.5,-10.5,3.0,1,K9,K9_V1_PROXY,odd,odd,mc_k9_oo,2,2,4,274,,
2390,6,5,9,-6.3,-10.5,3.0,0,GAGG,GAGG,even,odd,mc_gagg_eo,3,2,4,275,1110,4
2391,7,5,9,-2.1,-10.5,3.0,1,K9,K9_V1_PROXY,odd,odd,mc_k9_oo,3,2,4,275,,
2392,8,5,9,2.1,-10.5,3.0,0,GAGG,GAGG,even,odd,mc_gagg_eo,4,2,4,276,1112,4
2393,9,5,9,6.3,-10.5,3.0,1,K9,K9_V1_PROXY,odd,odd,mc_k9_oo,4,2,4,276,,
2394,10,5,9,10.5,-10.5,3.0,0,GAGG,GAGG,even,odd,mc_gagg_eo,5,2,4,277,1114,4
2395,11,5,9,14.7,-10.5,3.0,1,K9,K9_V1_PROXY,odd,odd,mc_k9_oo,5,2,4,277,,
2396,12,5,9,18.9,-10.5,3.0,0,GAGG,GAGG,even,odd,mc_gagg_eo,6,2,4,278,1116,4
2397,13,5,9,23.1,-10.5,3.0,1,K9,K9_V1_PROXY,odd,odd,mc_k9_oo,6,2,4,278,,
2398,14,5,9,27.3,-10.5,3.0,0,GAGG,GAGG,even,odd,mc_gagg_eo,7,2,4,279,1118,4
2399,15,5,9,31.5,-10.5,3.0,1,K9,K9_V1_PROXY,odd,odd,mc_k9_oo,7,2,4,279,,
2400,0,6,9,-31.5,-6.3,3.0,1,K9,K9_V1_PROXY,even,even,mc_k9_ee,0,3,4,280,,
2401,1,6,9,-27.3,-6.3,3.0,0,GAGG,GAGG,odd,even,mc_gagg_oe,0,3,4,280,1121,4
2402,2,6,9,-23.1,-6.3,3.0,1,K9,K9_V1_PROXY,even,even,mc_k9_ee,1,3,4,281,,
2403,3,6,9,-18.9,-6.3,3.0,0,GAGG,GAGG,odd,even,mc_gagg_oe,1,3,4,281,1123,4
2404,4,6,9,-14.7,-6.3,3.0,1,K9,K9_V1_PROXY,even,even,mc_k9_ee,2,3,4,282,,
2405,5,6,9,-10.5,-6.3,3.0,0,GAGG,GAGG,odd,even,mc_gagg_oe,2,3,4,282,1125,4
2406,6,6,9,-6.3,-6.3,3.0,1,K9,K9_V1_PROXY,even,even,mc_k9_ee,3,3,4,283,,
2407,7,6,9,-2.1,-6.3,3.0,0,GAGG,GAGG,odd,even,mc_gagg_oe,3,3,4,283,1127,4
2408,8,6,9,2.1,-6.3,3.0,1,K9,K9_V1_PROXY,even,even,mc_k9_ee,4,3,4,284,,
2409,9,6,9,6.3,-6.3,3.0,0,GAGG,GAGG,odd,even,mc_gagg_oe,4,3,4,284,1129,4
2410,10,6,9,10.5,-6.3,3.0,1,K9,K9_V1_PROXY,even,even,mc_k9_ee,5,3,4,285,,
2411,11,6,9,14.7,-6.3,3.0,0,GAGG,GAGG,odd,even,mc_gagg_oe,5,3,4,285,1131,4
2412,12,6,9,18.9,-6.3,3.0,1,K9,K9_V1_PROXY,even,even,mc_k9_ee,6,3,4,286,,
2413,13,6,9,23.1,-6.3,3.0,0,GAGG,GAGG,odd,even,mc_gagg_oe,6,3,4,286,1133,4
2414,14,6,9,27.3,-6.3,3.0,1,K9,K9_V1_PROXY,even,even,mc_k9_ee,7,3,4,287,,
2415,15,6,9,31.5,-6.3,3.0,0,GAGG,GAGG,odd,even,mc_gagg_oe,7,3,4,287,1135,4
2416,0,7,9,-31.5,-2.1,3.0,0,GAGG,GAGG,even,odd,mc_gagg_eo,0,3,4,280,1136,4
2417,1,7,9,-27.3,-2.1,3.0,1,K9,K9_V1_PROXY,odd,odd,mc_k9_oo,0,3,4,280,,
2418,2,7,9,-23.1,-2.1,3.0,0,GAGG,GAGG,even,odd,mc_gagg_eo,1,3,4,281,1138,4
2419,3,7,9,-18.9,-2.1,3.0,1,K9,K9_V1_PROXY,odd,odd,mc_k9_oo,1,3,4,281,,
2420,4,7,9,-14.7,-2.1,3.0,0,GAGG,GAGG,even,odd,mc_gagg_eo,2,3,4,282,1140,4
2421,5,7,9,-10.5,-2.1,3.0,1,K9,K9_V1_PROXY,odd,odd,mc_k9_oo,2,3,4,282,,
2422,6,7,9,-6.3,-2.1,3.0,0,GAGG,GAGG,even,odd,mc_gagg_eo,3,3,4,283,1142,4
2423,7,7,9,-2.1,-2.1,3.0,1,K9,K9_V1_PROXY,odd,odd,mc_k9_oo,3,3,4,283,,
2424,8,7,9,2.1,-2.1,3.0,0,GAGG,GAGG,even,odd,mc_gagg_eo,4,3,4,284,1144,4
2425,9,7,9,6.3,-2.1,3.0,1,K9,K9_V1_PROXY,odd,odd,mc_k9_oo,4,3,4,284,,
2426,10,7,9,10.5,-2.1,3.0,0,GAGG,GAGG,even,odd,mc_gagg_eo,5,3,4,285,1146,4
2427,11,7,9,14.7,-2.1,3.0,1,K9,K9_V1_PROXY,odd,odd,mc_k9_oo,5,3,4,285,,
2428,12,7,9,18.9,-2.1,3.0,0,GAGG,GAGG,even,odd,mc_gagg_eo,6,3,4,286,1148,4
2429,13,7,9,23.1,-2.1,3.0,1,K9,K9_V1_PROXY,odd,odd,mc_k9_oo,6,3,4,286,,
2430,14,7,9,27.3,-2.1,3.0,0,GAGG,GAGG,even,odd,mc_gagg_eo,7,3,4,287,1150,4
2431,15,7,9,31.5,-2.1,3.0,1,K9,K9_V1_PROXY,odd,odd,mc_k9_oo,7,3,4,287,,
2432,0,8,9,-31.5,2.1,3.0,1,K9,K9_V1_PROXY,even,even,mc_k9_ee,0,4,4,288,,
2433,1,8,9,-27.3,2.1,3.0,0,GAGG,GAGG,odd,even,mc_gagg_oe,0,4,4,288,1153,4
2434,2,8,9,-23.1,2.1,3.0,1,K9,K9_V1_PROXY,even,even,mc_k9_ee,1,4,4,289,,
2435,3,8,9,-18.9,2.1,3.0,0,GAGG,GAGG,odd,even,mc_gagg_oe,1,4,4,289,1155,4
2436,4,8,9,-14.7,2.1,3.0,1,K9,K9_V1_PROXY,even,even,mc_k9_ee,2,4,4,290,,
2437,5,8,9,-10.5,2.1,3.0,0,GAGG,GAGG,odd,even,mc_gagg_oe,2,4,4,290,1157,4
2438,6,8,9,-6.3,2.1,3.0,1,K9,K9_V1_PROXY,even,even,mc_k9_ee,3,4,4,291,,
2439,7,8,9,-2.1,2.1,3.0,0,GAGG,GAGG,odd,even,mc_gagg_oe,3,4,4,291,1159,4
2440,8,8,9,2.1,2.1,3.0,1,K9,K9_V1_PROXY,even,even,mc_k9_ee,4,4,4,292,,
2441,9,8,9,6.3,2.1,3.0,0,GAGG,GAGG,odd,even,mc_gagg_oe,4,4,4,292,1161,4
2442,10,8,9,10.5,2.1,3.0,1,K9,K9_V1_PROXY,even,even,mc_k9_ee,5,4,4,293,,
2443,11,8,9,14.7,2.1,3.0,0,GAGG,GAGG,odd,even,mc_gagg_oe,5,4,4,293,1163,4
2444,12,8,9,18.9,2.1,3.0,1,K9,K9_V1_PROXY,even,even,mc_k9_ee,6,4,4,294,,
2445,13,8,9,23.1,2.1,3.0,0,GAGG,GAGG,odd,even,mc_gagg_oe,6,4,4,294,1165,4
2446,14,8,9,27.3,2.1,3.0,1,K9,K9_V1_PROXY,even,even,mc_k9_ee,7,4,4,295,,
2447,15,8,9,31.5,2.1,3.0,0,GAGG,GAGG,odd,even,mc_gagg_oe,7,4,4,295,1167,4
2448,0,9,9,-31.5,6.3,3.0,0,GAGG,GAGG,even,odd,mc_gagg_eo,0,4,4,288,1168,4
2449,1,9,9,-27.3,6.3,3.0,1,K9,K9_V1_PROXY,odd,odd,mc_k9_oo,0,4,4,288,,
2450,2,9,9,-23.1,6.3,3.0,0,GAGG,GAGG,even,odd,mc_gagg_eo,1,4,4,289,1170,4
2451,3,9,9,-18.9,6.3,3.0,1,K9,K9_V1_PROXY,odd,odd,mc_k9_oo,1,4,4,289,,
2452,4,9,9,-14.7,6.3,3.0,0,GAGG,GAGG,even,odd,mc_gagg_eo,2,4,4,290,1172,4
2453,5,9,9,-10.5,6.3,3.0,1,K9,K9_V1_PROXY,odd,odd,mc_k9_oo,2,4,4,290,,
2454,6,9,9,-6.3,6.3,3.0,0,GAGG,GAGG,even,odd,mc_gagg_eo,3,4,4,291,1174,4
2455,7,9,9,-2.1,6.3,3.0,1,K9,K9_V1_PROXY,odd,odd,mc_k9_oo,3,4,4,291,,
2456,8,9,9,2.1,6.3,3.0,0,GAGG,GAGG,even,odd,mc_gagg_eo,4,4,4,292,1176,4
2457,9,9,9,6.3,6.3,3.0,1,K9,K9_V1_PROXY,odd,odd,mc_k9_oo,4,4,4,292,,
2458,10,9,9,10.5,6.3,3.0,0,GAGG,GAGG,even,odd,mc_gagg_eo,5,4,4,293,1178,4
2459,11,9,9,14.7,6.3,3.0,1,K9,K9_V1_PROXY,odd,odd,mc_k9_oo,5,4,4,293,,
2460,12,9,9,18.9,6.3,3.0,0,GAGG,GAGG,even,odd,mc_gagg_eo,6,4,4,294,1180,4
2461,13,9,9,23.1,6.3,3.0,1,K9,K9_V1_PROXY,odd,odd,mc_k9_oo,6,4,4,294,,
2462,14,9,9,27.3,6.3,3.0,0,GAGG,GAGG,even,odd,mc_gagg_eo,7,4,4,295,1182,4
2463,15,9,9,31.5,6.3,3.0,1,K9,K9_V1_PROXY,odd,odd,mc_k9_oo,7,4,4,295,,
2464,0,10,9,-31.5,10.5,3.0,1,K9,K9_V1_PROXY,even,even,mc_k9_ee,0,5,4,296,,
2465,1,10,9,-27.3,10.5,3.0,0,GAGG,GAGG,odd,even,mc_gagg_oe,0,5,4,296,1185,4
2466,2,10,9,-23.1,10.5,3.0,1,K9,K9_V1_PROXY,even,even,mc_k9_ee,1,5,4,297,,
2467,3,10,9,-18.9,10.5,3.0,0,GAGG,GAGG,odd,even,mc_gagg_oe,1,5,4,297,1187,4
2468,4,10,9,-14.7,10.5,3.0,1,K9,K9_V1_PROXY,even,even,mc_k9_ee,2,5,4,298,,
2469,5,10,9,-10.5,10.5,3.0,0,GAGG,GAGG,odd,even,mc_gagg_oe,2,5,4,298,1189,4
2470,6,10,9,-6.3,10.5,3.0,1,K9,K9_V1_PROXY,even,even,mc_k9_ee,3,5,4,299,,
2471,7,10,9,-2.1,10.5,3.0,0,GAGG,GAGG,odd,even,mc_gagg_oe,3,5,4,299,1191,4
2472,8,10,9,2.1,10.5,3.0,1,K9,K9_V1_PROXY,even,even,mc_k9_ee,4,5,4,300,,
2473,9,10,9,6.3,10.5,3.0,0,GAGG,GAGG,odd,even,mc_gagg_oe,4,5,4,300,1193,4
2474,10,10,9,10.5,10.5,3.0,1,K9,K9_V1_PROXY,even,even,mc_k9_ee,5,5,4,301,,
2475,11,10,9,14.7,10.5,3.0,0,GAGG,GAGG,odd,even,mc_gagg_oe,5,5,4,301,1195,4
2476,12,10,9,18.9,10.5,3.0,1,K9,K9_V1_PROXY,even,even,mc_k9_ee,6,5,4,302,,
2477,13,10,9,23.1,10.5,3.0,0,GAGG,GAGG,odd,even,mc_gagg_oe,6,5,4,302,1197,4
2478,14,10,9,27.3,10.5,3.0,1,K9,K9_V1_PROXY,even,even,mc_k9_ee,7,5,4,303,,
2479,15,10,9,31.5,10.5,3.0,0,GAGG,GAGG,odd,even,mc_gagg_oe,7,5,4,303,1199,4
2480,0,11,9,-31.5,14.7,3.0,0,GAGG,GAGG,even,odd,mc_gagg_eo,0,5,4,296,1200,4
2481,1,11,9,-27.3,14.7,3.0,1,K9,K9_V1_PROXY,odd,odd,mc_k9_oo,0,5,4,296,,
2482,2,11,9,-23.1,14.7,3.0,0,GAGG,GAGG,even,odd,mc_gagg_eo,1,5,4,297,1202,4
2483,3,11,9,-18.9,14.7,3.0,1,K9,K9_V1_PROXY,odd,odd,mc_k9_oo,1,5,4,297,,
2484,4,11,9,-14.7,14.7,3.0,0,GAGG,GAGG,even,odd,mc_gagg_eo,2,5,4,298,1204,4
2485,5,11,9,-10.5,14.7,3.0,1,K9,K9_V1_PROXY,odd,odd,mc_k9_oo,2,5,4,298,,
2486,6,11,9,-6.3,14.7,3.0,0,GAGG,GAGG,even,odd,mc_gagg_eo,3,5,4,299,1206,4
2487,7,11,9,-2.1,14.7,3.0,1,K9,K9_V1_PROXY,odd,odd,mc_k9_oo,3,5,4,299,,
2488,8,11,9,2.1,14.7,3.0,0,GAGG,GAGG,even,odd,mc_gagg_eo,4,5,4,300,1208,4
2489,9,11,9,6.3,14.7,3.0,1,K9,K9_V1_PROXY,odd,odd,mc_k9_oo,4,5,4,300,,
2490,10,11,9,10.5,14.7,3.0,0,GAGG,GAGG,even,odd,mc_gagg_eo,5,5,4,301,1210,4
2491,11,11,9,14.7,14.7,3.0,1,K9,K9_V1_PROXY,odd,odd,mc_k9_oo,5,5,4,301,,
2492,12,11,9,18.9,14.7,3.0,0,GAGG,GAGG,even,odd,mc_gagg_eo,6,5,4,302,1212,4
2493,13,11,9,23.1,14.7,3.0,1,K9,K9_V1_PROXY,odd,odd,mc_k9_oo,6,5,4,302,,
2494,14,11,9,27.3,14.7,3.0,0,GAGG,GAGG,even,odd,mc_gagg_eo,7,5,4,303,1214,4
2495,15,11,9,31.5,14.7,3.0,1,K9,K9_V1_PROXY,odd,odd,mc_k9_oo,7,5,4,303,,
2496,0,12,9,-31.5,18.9,3.0,1,K9,K9_V1_PROXY,even,even,mc_k9_ee,0,6,4,304,,
2497,1,12,9,-27.3,18.9,3.0,0,GAGG,GAGG,odd,even,mc_gagg_oe,0,6,4,304,1217,4
2498,2,12,9,-23.1,18.9,3.0,1,K9,K9_V1_PROXY,even,even,mc_k9_ee,1,6,4,305,,
2499,3,12,9,-18.9,18.9,3.0,0,GAGG,GAGG,odd,even,mc_gagg_oe,1,6,4,305,1219,4
2500,4,12,9,-14.7,18.9,3.0,1,K9,K9_V1_PROXY,even,even,mc_k9_ee,2,6,4,306,,
2501,5,12,9,-10.5,18.9,3.0,0,GAGG,GAGG,odd,even,mc_gagg_oe,2,6,4,306,1221,4
2502,6,12,9,-6.3,18.9,3.0,1,K9,K9_V1_PROXY,even,even,mc_k9_ee,3,6,4,307,,
2503,7,12,9,-2.1,18.9,3.0,0,GAGG,GAGG,odd,even,mc_gagg_oe,3,6,4,307,1223,4
2504,8,12,9,2.1,18.9,3.0,1,K9,K9_V1_PROXY,even,even,mc_k9_ee,4,6,4,308,,
2505,9,12,9,6.3,18.9,3.0,0,GAGG,GAGG,odd,even,mc_gagg_oe,4,6,4,308,1225,4
2506,10,12,9,10.5,18.9,3.0,1,K9,K9_V1_PROXY,even,even,mc_k9_ee,5,6,4,309,,
2507,11,12,9,14.7,18.9,3.0,0,GAGG,GAGG,odd,even,mc_gagg_oe,5,6,4,309,1227,4
2508,12,12,9,18.9,18.9,3.0,1,K9,K9_V1_PROXY,even,even,mc_k9_ee,6,6,4,310,,
2509,13,12,9,23.1,18.9,3.0,0,GAGG,GAGG,odd,even,mc_gagg_oe,6,6,4,310,1229,4
2510,14,12,9,27.3,18.9,3.0,1,K9,K9_V1_PROXY,even,even,mc_k9_ee,7,6,4,311,,
2511,15,12,9,31.5,18.9,3.0,0,GAGG,GAGG,odd,even,mc_gagg_oe,7,6,4,311,1231,4
2512,0,13,9,-31.5,23.1,3.0,0,GAGG,GAGG,even,odd,mc_gagg_eo,0,6,4,304,1232,4
2513,1,13,9,-27.3,23.1,3.0,1,K9,K9_V1_PROXY,odd,odd,mc_k9_oo,0,6,4,304,,
2514,2,13,9,-23.1,23.1,3.0,0,GAGG,GAGG,even,odd,mc_gagg_eo,1,6,4,305,1234,4
2515,3,13,9,-18.9,23.1,3.0,1,K9,K9_V1_PROXY,odd,odd,mc_k9_oo,1,6,4,305,,
2516,4,13,9,-14.7,23.1,3.0,0,GAGG,GAGG,even,odd,mc_gagg_eo,2,6,4,306,1236,4
2517,5,13,9,-10.5,23.1,3.0,1,K9,K9_V1_PROXY,odd,odd,mc_k9_oo,2,6,4,306,,
2518,6,13,9,-6.3,23.1,3.0,0,GAGG,GAGG,even,odd,mc_gagg_eo,3,6,4,307,1238,4
2519,7,13,9,-2.1,23.1,3.0,1,K9,K9_V1_PROXY,odd,odd,mc_k9_oo,3,6,4,307,,
2520,8,13,9,2.1,23.1,3.0,0,GAGG,GAGG,even,odd,mc_gagg_eo,4,6,4,308,1240,4
2521,9,13,9,6.3,23.1,3.0,1,K9,K9_V1_PROXY,odd,odd,mc_k9_oo,4,6,4,308,,
2522,10,13,9,10.5,23.1,3.0,0,GAGG,GAGG,even,odd,mc_gagg_eo,5,6,4,309,1242,4
2523,11,13,9,14.7,23.1,3.0,1,K9,K9_V1_PROXY,odd,odd,mc_k9_oo,5,6,4,309,,
2524,12,13,9,18.9,23.1,3.0,0,GAGG,GAGG,even,odd,mc_gagg_eo,6,6,4,310,1244,4
2525,13,13,9,23.1,23.1,3.0,1,K9,K9_V1_PROXY,odd,odd,mc_k9_oo,6,6,4,310,,
2526,14,13,9,27.3,23.1,3.0,0,GAGG,GAGG,even,odd,mc_gagg_eo,7,6,4,311,1246,4
2527,15,13,9,31.5,23.1,3.0,1,K9,K9_V1_PROXY,odd,odd,mc_k9_oo,7,6,4,311,,
2528,0,14,9,-31.5,27.3,3.0,1,K9,K9_V1_PROXY,even,even,mc_k9_ee,0,7,4,312,,
2529,1,14,9,-27.3,27.3,3.0,0,GAGG,GAGG,odd,even,mc_gagg_oe,0,7,4,312,1249,4
2530,2,14,9,-23.1,27.3,3.0,1,K9,K9_V1_PROXY,even,even,mc_k9_ee,1,7,4,313,,
2531,3,14,9,-18.9,27.3,3.0,0,GAGG,GAGG,odd,even,mc_gagg_oe,1,7,4,313,1251,4
2532,4,14,9,-14.7,27.3,3.0,1,K9,K9_V1_PROXY,even,even,mc_k9_ee,2,7,4,314,,
2533,5,14,9,-10.5,27.3,3.0,0,GAGG,GAGG,odd,even,mc_gagg_oe,2,7,4,314,1253,4
2534,6,14,9,-6.3,27.3,3.0,1,K9,K9_V1_PROXY,even,even,mc_k9_ee,3,7,4,315,,
2535,7,14,9,-2.1,27.3,3.0,0,GAGG,GAGG,odd,even,mc_gagg_oe,3,7,4,315,1255,4
2536,8,14,9,2.1,27.3,3.0,1,K9,K9_V1_PROXY,even,even,mc_k9_ee,4,7,4,316,,
2537,9,14,9,6.3,27.3,3.0,0,GAGG,GAGG,odd,even,mc_gagg_oe,4,7,4,316,1257,4
2538,10,14,9,10.5,27.3,3.0,1,K9,K9_V1_PROXY,even,even,mc_k9_ee,5,7,4,317,,
2539,11,14,9,14.7,27.3,3.0,0,GAGG,GAGG,odd,even,mc_gagg_oe,5,7,4,317,1259,4
2540,12,14,9,18.9,27.3,3.0,1,K9,K9_V1_PROXY,even,even,mc_k9_ee,6,7,4,318,,
2541,13,14,9,23.1,27.3,3.0,0,GAGG,GAGG,odd,even,mc_gagg_oe,6,7,4,318,1261,4
2542,14,14,9,27.3,27.3,3.0,1,K9,K9_V1_PROXY,even,even,mc_k9_ee,7,7,4,319,,
2543,15,14,9,31.5,27.3,3.0,0,GAGG,GAGG,odd,even,mc_gagg_oe,7,7,4,319,1263,4
2544,0,15,9,-31.5,31.5,3.0,0,GAGG,GAGG,even,odd,mc_gagg_eo,0,7,4,312,1264,4
2545,1,15,9,-27.3,31.5,3.0,1,K9,K9_V1_PROXY,odd,odd,mc_k9_oo,0,7,4,312,,
2546,2,15,9,-23.1,31.5,3.0,0,GAGG,GAGG,even,odd,mc_gagg_eo,1,7,4,313,1266,4
2547,3,15,9,-18.9,31.5,3.0,1,K9,K9_V1_PROXY,odd,odd,mc_k9_oo,1,7,4,313,,
2548,4,15,9,-14.7,31.5,3.0,0,GAGG,GAGG,even,odd,mc_gagg_eo,2,7,4,314,1268,4
2549,5,15,9,-10.5,31.5,3.0,1,K9,K9_V1_PROXY,odd,odd,mc_k9_oo,2,7,4,314,,
2550,6,15,9,-6.3,31.5,3.0,0,GAGG,GAGG,even,odd,mc_gagg_eo,3,7,4,315,1270,4
2551,7,15,9,-2.1,31.5,3.0,1,K9,K9_V1_PROXY,odd,odd,mc_k9_oo,3,7,4,315,,
2552,8,15,9,2.1,31.5,3.0,0,GAGG,GAGG,even,odd,mc_gagg_eo,4,7,4,316,1272,4
2553,9,15,9,6.3,31.5,3.0,1,K9,K9_V1_PROXY,odd,odd,mc_k9_oo,4,7,4,316,,
2554,10,15,9,10.5,31.5,3.0,0,GAGG,GAGG,even,odd,mc_gagg_eo,5,7,4,317,1274,4
2555,11,15,9,14.7,31.5,3.0,1,K9,K9_V1_PROXY,odd,odd,mc_k9_oo,5,7,4,317,,
2556,12,15,9,18.9,31.5,3.0,0,GAGG,GAGG,even,odd,mc_gagg_eo,6,7,4,318,1276,4
2557,13,15,9,23.1,31.5,3.0,1,K9,K9_V1_PROXY,odd,odd,mc_k9_oo,6,7,4,318,,
2558,14,15,9,27.3,31.5,3.0,0,GAGG,GAGG,even,odd,mc_gagg_eo,7,7,4,319,1278,4
2559,15,15,9,31.5,31.5,3.0,1,K9,K9_V1_PROXY,odd,odd,mc_k9_oo,7,7,4,319,,
2560,0,0,10,-31.5,-31.5,5.0,0,GAGG,GAGG,even,even,mc_gagg_ee,0,0,5,320,1280,5
2561,1,0,10,-27.3,-31.5,5.0,1,K9,K9_V1_PROXY,odd,even,mc_k9_oe,0,0,5,320,,
2562,2,0,10,-23.1,-31.5,5.0,0,GAGG,GAGG,even,even,mc_gagg_ee,1,0,5,321,1282,5
2563,3,0,10,-18.9,-31.5,5.0,1,K9,K9_V1_PROXY,odd,even,mc_k9_oe,1,0,5,321,,
2564,4,0,10,-14.7,-31.5,5.0,0,GAGG,GAGG,even,even,mc_gagg_ee,2,0,5,322,1284,5
2565,5,0,10,-10.5,-31.5,5.0,1,K9,K9_V1_PROXY,odd,even,mc_k9_oe,2,0,5,322,,
2566,6,0,10,-6.3,-31.5,5.0,0,GAGG,GAGG,even,even,mc_gagg_ee,3,0,5,323,1286,5
2567,7,0,10,-2.1,-31.5,5.0,1,K9,K9_V1_PROXY,odd,even,mc_k9_oe,3,0,5,323,,
2568,8,0,10,2.1,-31.5,5.0,0,GAGG,GAGG,even,even,mc_gagg_ee,4,0,5,324,1288,5
2569,9,0,10,6.3,-31.5,5.0,1,K9,K9_V1_PROXY,odd,even,mc_k9_oe,4,0,5,324,,
2570,10,0,10,10.5,-31.5,5.0,0,GAGG,GAGG,even,even,mc_gagg_ee,5,0,5,325,1290,5
2571,11,0,10,14.7,-31.5,5.0,1,K9,K9_V1_PROXY,odd,even,mc_k9_oe,5,0,5,325,,
2572,12,0,10,18.9,-31.5,5.0,0,GAGG,GAGG,even,even,mc_gagg_ee,6,0,5,326,1292,5
2573,13,0,10,23.1,-31.5,5.0,1,K9,K9_V1_PROXY,odd,even,mc_k9_oe,6,0,5,326,,
2574,14,0,10,27.3,-31.5,5.0,0,GAGG,GAGG,even,even,mc_gagg_ee,7,0,5,327,1294,5
2575,15,0,10,31.5,-31.5,5.0,1,K9,K9_V1_PROXY,odd,even,mc_k9_oe,7,0,5,327,,
2576,0,1,10,-31.5,-27.3,5.0,1,K9,K9_V1_PROXY,even,odd,mc_k9_eo,0,0,5,320,,
2577,1,1,10,-27.3,-27.3,5.0,0,GAGG,GAGG,odd,odd,mc_gagg_oo,0,0,5,320,1297,5
2578,2,1,10,-23.1,-27.3,5.0,1,K9,K9_V1_PROXY,even,odd,mc_k9_eo,1,0,5,321,,
2579,3,1,10,-18.9,-27.3,5.0,0,GAGG,GAGG,odd,odd,mc_gagg_oo,1,0,5,321,1299,5
2580,4,1,10,-14.7,-27.3,5.0,1,K9,K9_V1_PROXY,even,odd,mc_k9_eo,2,0,5,322,,
2581,5,1,10,-10.5,-27.3,5.0,0,GAGG,GAGG,odd,odd,mc_gagg_oo,2,0,5,322,1301,5
2582,6,1,10,-6.3,-27.3,5.0,1,K9,K9_V1_PROXY,even,odd,mc_k9_eo,3,0,5,323,,
2583,7,1,10,-2.1,-27.3,5.0,0,GAGG,GAGG,odd,odd,mc_gagg_oo,3,0,5,323,1303,5
2584,8,1,10,2.1,-27.3,5.0,1,K9,K9_V1_PROXY,even,odd,mc_k9_eo,4,0,5,324,,
2585,9,1,10,6.3,-27.3,5.0,0,GAGG,GAGG,odd,odd,mc_gagg_oo,4,0,5,324,1305,5
2586,10,1,10,10.5,-27.3,5.0,1,K9,K9_V1_PROXY,even,odd,mc_k9_eo,5,0,5,325,,
2587,11,1,10,14.7,-27.3,5.0,0,GAGG,GAGG,odd,odd,mc_gagg_oo,5,0,5,325,1307,5
2588,12,1,10,18.9,-27.3,5.0,1,K9,K9_V1_PROXY,even,odd,mc_k9_eo,6,0,5,326,,
2589,13,1,10,23.1,-27.3,5.0,0,GAGG,GAGG,odd,odd,mc_gagg_oo,6,0,5,326,1309,5
2590,14,1,10,27.3,-27.3,5.0,1,K9,K9_V1_PROXY,even,odd,mc_k9_eo,7,0,5,327,,
2591,15,1,10,31.5,-27.3,5.0,0,GAGG,GAGG,odd,odd,mc_gagg_oo,7,0,5,327,1311,5
2592,0,2,10,-31.5,-23.1,5.0,0,GAGG,GAGG,even,even,mc_gagg_ee,0,1,5,328,1312,5
2593,1,2,10,-27.3,-23.1,5.0,1,K9,K9_V1_PROXY,odd,even,mc_k9_oe,0,1,5,328,,
2594,2,2,10,-23.1,-23.1,5.0,0,GAGG,GAGG,even,even,mc_gagg_ee,1,1,5,329,1314,5
2595,3,2,10,-18.9,-23.1,5.0,1,K9,K9_V1_PROXY,odd,even,mc_k9_oe,1,1,5,329,,
2596,4,2,10,-14.7,-23.1,5.0,0,GAGG,GAGG,even,even,mc_gagg_ee,2,1,5,330,1316,5
2597,5,2,10,-10.5,-23.1,5.0,1,K9,K9_V1_PROXY,odd,even,mc_k9_oe,2,1,5,330,,
2598,6,2,10,-6.3,-23.1,5.0,0,GAGG,GAGG,even,even,mc_gagg_ee,3,1,5,331,1318,5
2599,7,2,10,-2.1,-23.1,5.0,1,K9,K9_V1_PROXY,odd,even,mc_k9_oe,3,1,5,331,,
2600,8,2,10,2.1,-23.1,5.0,0,GAGG,GAGG,even,even,mc_gagg_ee,4,1,5,332,1320,5
2601,9,2,10,6.3,-23.1,5.0,1,K9,K9_V1_PROXY,odd,even,mc_k9_oe,4,1,5,332,,
2602,10,2,10,10.5,-23.1,5.0,0,GAGG,GAGG,even,even,mc_gagg_ee,5,1,5,333,1322,5
2603,11,2,10,14.7,-23.1,5.0,1,K9,K9_V1_PROXY,odd,even,mc_k9_oe,5,1,5,333,,
2604,12,2,10,18.9,-23.1,5.0,0,GAGG,GAGG,even,even,mc_gagg_ee,6,1,5,334,1324,5
2605,13,2,10,23.1,-23.1,5.0,1,K9,K9_V1_PROXY,odd,even,mc_k9_oe,6,1,5,334,,
2606,14,2,10,27.3,-23.1,5.0,0,GAGG,GAGG,even,even,mc_gagg_ee,7,1,5,335,1326,5
2607,15,2,10,31.5,-23.1,5.0,1,K9,K9_V1_PROXY,odd,even,mc_k9_oe,7,1,5,335,,
2608,0,3,10,-31.5,-18.9,5.0,1,K9,K9_V1_PROXY,even,odd,mc_k9_eo,0,1,5,328,,
2609,1,3,10,-27.3,-18.9,5.0,0,GAGG,GAGG,odd,odd,mc_gagg_oo,0,1,5,328,1329,5
2610,2,3,10,-23.1,-18.9,5.0,1,K9,K9_V1_PROXY,even,odd,mc_k9_eo,1,1,5,329,,
2611,3,3,10,-18.9,-18.9,5.0,0,GAGG,GAGG,odd,odd,mc_gagg_oo,1,1,5,329,1331,5
2612,4,3,10,-14.7,-18.9,5.0,1,K9,K9_V1_PROXY,even,odd,mc_k9_eo,2,1,5,330,,
2613,5,3,10,-10.5,-18.9,5.0,0,GAGG,GAGG,odd,odd,mc_gagg_oo,2,1,5,330,1333,5
2614,6,3,10,-6.3,-18.9,5.0,1,K9,K9_V1_PROXY,even,odd,mc_k9_eo,3,1,5,331,,
2615,7,3,10,-2.1,-18.9,5.0,0,GAGG,GAGG,odd,odd,mc_gagg_oo,3,1,5,331,1335,5
2616,8,3,10,2.1,-18.9,5.0,1,K9,K9_V1_PROXY,even,odd,mc_k9_eo,4,1,5,332,,
2617,9,3,10,6.3,-18.9,5.0,0,GAGG,GAGG,odd,odd,mc_gagg_oo,4,1,5,332,1337,5
2618,10,3,10,10.5,-18.9,5.0,1,K9,K9_V1_PROXY,even,odd,mc_k9_eo,5,1,5,333,,
2619,11,3,10,14.7,-18.9,5.0,0,GAGG,GAGG,odd,odd,mc_gagg_oo,5,1,5,333,1339,5
2620,12,3,10,18.9,-18.9,5.0,1,K9,K9_V1_PROXY,even,odd,mc_k9_eo,6,1,5,334,,
2621,13,3,10,23.1,-18.9,5.0,0,GAGG,GAGG,odd,odd,mc_gagg_oo,6,1,5,334,1341,5
2622,14,3,10,27.3,-18.9,5.0,1,K9,K9_V1_PROXY,even,odd,mc_k9_eo,7,1,5,335,,
2623,15,3,10,31.5,-18.9,5.0,0,GAGG,GAGG,odd,odd,mc_gagg_oo,7,1,5,335,1343,5
2624,0,4,10,-31.5,-14.7,5.0,0,GAGG,GAGG,even,even,mc_gagg_ee,0,2,5,336,1344,5
2625,1,4,10,-27.3,-14.7,5.0,1,K9,K9_V1_PROXY,odd,even,mc_k9_oe,0,2,5,336,,
2626,2,4,10,-23.1,-14.7,5.0,0,GAGG,GAGG,even,even,mc_gagg_ee,1,2,5,337,1346,5
2627,3,4,10,-18.9,-14.7,5.0,1,K9,K9_V1_PROXY,odd,even,mc_k9_oe,1,2,5,337,,
2628,4,4,10,-14.7,-14.7,5.0,0,GAGG,GAGG,even,even,mc_gagg_ee,2,2,5,338,1348,5
2629,5,4,10,-10.5,-14.7,5.0,1,K9,K9_V1_PROXY,odd,even,mc_k9_oe,2,2,5,338,,
2630,6,4,10,-6.3,-14.7,5.0,0,GAGG,GAGG,even,even,mc_gagg_ee,3,2,5,339,1350,5
2631,7,4,10,-2.1,-14.7,5.0,1,K9,K9_V1_PROXY,odd,even,mc_k9_oe,3,2,5,339,,
2632,8,4,10,2.1,-14.7,5.0,0,GAGG,GAGG,even,even,mc_gagg_ee,4,2,5,340,1352,5
2633,9,4,10,6.3,-14.7,5.0,1,K9,K9_V1_PROXY,odd,even,mc_k9_oe,4,2,5,340,,
2634,10,4,10,10.5,-14.7,5.0,0,GAGG,GAGG,even,even,mc_gagg_ee,5,2,5,341,1354,5
2635,11,4,10,14.7,-14.7,5.0,1,K9,K9_V1_PROXY,odd,even,mc_k9_oe,5,2,5,341,,
2636,12,4,10,18.9,-14.7,5.0,0,GAGG,GAGG,even,even,mc_gagg_ee,6,2,5,342,1356,5
2637,13,4,10,23.1,-14.7,5.0,1,K9,K9_V1_PROXY,odd,even,mc_k9_oe,6,2,5,342,,
2638,14,4,10,27.3,-14.7,5.0,0,GAGG,GAGG,even,even,mc_gagg_ee,7,2,5,343,1358,5
2639,15,4,10,31.5,-14.7,5.0,1,K9,K9_V1_PROXY,odd,even,mc_k9_oe,7,2,5,343,,
2640,0,5,10,-31.5,-10.5,5.0,1,K9,K9_V1_PROXY,even,odd,mc_k9_eo,0,2,5,336,,
2641,1,5,10,-27.3,-10.5,5.0,0,GAGG,GAGG,odd,odd,mc_gagg_oo,0,2,5,336,1361,5
2642,2,5,10,-23.1,-10.5,5.0,1,K9,K9_V1_PROXY,even,odd,mc_k9_eo,1,2,5,337,,
2643,3,5,10,-18.9,-10.5,5.0,0,GAGG,GAGG,odd,odd,mc_gagg_oo,1,2,5,337,1363,5
2644,4,5,10,-14.7,-10.5,5.0,1,K9,K9_V1_PROXY,even,odd,mc_k9_eo,2,2,5,338,,
2645,5,5,10,-10.5,-10.5,5.0,0,GAGG,GAGG,odd,odd,mc_gagg_oo,2,2,5,338,1365,5
2646,6,5,10,-6.3,-10.5,5.0,1,K9,K9_V1_PROXY,even,odd,mc_k9_eo,3,2,5,339,,
2647,7,5,10,-2.1,-10.5,5.0,0,GAGG,GAGG,odd,odd,mc_gagg_oo,3,2,5,339,1367,5
2648,8,5,10,2.1,-10.5,5.0,1,K9,K9_V1_PROXY,even,odd,mc_k9_eo,4,2,5,340,,
2649,9,5,10,6.3,-10.5,5.0,0,GAGG,GAGG,odd,odd,mc_gagg_oo,4,2,5,340,1369,5
2650,10,5,10,10.5,-10.5,5.0,1,K9,K9_V1_PROXY,even,odd,mc_k9_eo,5,2,5,341,,
2651,11,5,10,14.7,-10.5,5.0,0,GAGG,GAGG,odd,odd,mc_gagg_oo,5,2,5,341,1371,5
2652,12,5,10,18.9,-10.5,5.0,1,K9,K9_V1_PROXY,even,odd,mc_k9_eo,6,2,5,342,,
2653,13,5,10,23.1,-10.5,5.0,0,GAGG,GAGG,odd,odd,mc_gagg_oo,6,2,5,342,1373,5
2654,14,5,10,27.3,-10.5,5.0,1,K9,K9_V1_PROXY,even,odd,mc_k9_eo,7,2,5,343,,
2655,15,5,10,31.5,-10.5,5.0,0,GAGG,GAGG,odd,odd,mc_gagg_oo,7,2,5,343,1375,5
2656,0,6,10,-31.5,-6.3,5.0,0,GAGG,GAGG,even,even,mc_gagg_ee,0,3,5,344,1376,5
2657,1,6,10,-27.3,-6.3,5.0,1,K9,K9_V1_PROXY,odd,even,mc_k9_oe,0,3,5,344,,
2658,2,6,10,-23.1,-6.3,5.0,0,GAGG,GAGG,even,even,mc_gagg_ee,1,3,5,345,1378,5
2659,3,6,10,-18.9,-6.3,5.0,1,K9,K9_V1_PROXY,odd,even,mc_k9_oe,1,3,5,345,,
2660,4,6,10,-14.7,-6.3,5.0,0,GAGG,GAGG,even,even,mc_gagg_ee,2,3,5,346,1380,5
2661,5,6,10,-10.5,-6.3,5.0,1,K9,K9_V1_PROXY,odd,even,mc_k9_oe,2,3,5,346,,
2662,6,6,10,-6.3,-6.3,5.0,0,GAGG,GAGG,even,even,mc_gagg_ee,3,3,5,347,1382,5
2663,7,6,10,-2.1,-6.3,5.0,1,K9,K9_V1_PROXY,odd,even,mc_k9_oe,3,3,5,347,,
2664,8,6,10,2.1,-6.3,5.0,0,GAGG,GAGG,even,even,mc_gagg_ee,4,3,5,348,1384,5
2665,9,6,10,6.3,-6.3,5.0,1,K9,K9_V1_PROXY,odd,even,mc_k9_oe,4,3,5,348,,
2666,10,6,10,10.5,-6.3,5.0,0,GAGG,GAGG,even,even,mc_gagg_ee,5,3,5,349,1386,5
2667,11,6,10,14.7,-6.3,5.0,1,K9,K9_V1_PROXY,odd,even,mc_k9_oe,5,3,5,349,,
2668,12,6,10,18.9,-6.3,5.0,0,GAGG,GAGG,even,even,mc_gagg_ee,6,3,5,350,1388,5
2669,13,6,10,23.1,-6.3,5.0,1,K9,K9_V1_PROXY,odd,even,mc_k9_oe,6,3,5,350,,
2670,14,6,10,27.3,-6.3,5.0,0,GAGG,GAGG,even,even,mc_gagg_ee,7,3,5,351,1390,5
2671,15,6,10,31.5,-6.3,5.0,1,K9,K9_V1_PROXY,odd,even,mc_k9_oe,7,3,5,351,,
2672,0,7,10,-31.5,-2.1,5.0,1,K9,K9_V1_PROXY,even,odd,mc_k9_eo,0,3,5,344,,
2673,1,7,10,-27.3,-2.1,5.0,0,GAGG,GAGG,odd,odd,mc_gagg_oo,0,3,5,344,1393,5
2674,2,7,10,-23.1,-2.1,5.0,1,K9,K9_V1_PROXY,even,odd,mc_k9_eo,1,3,5,345,,
2675,3,7,10,-18.9,-2.1,5.0,0,GAGG,GAGG,odd,odd,mc_gagg_oo,1,3,5,345,1395,5
2676,4,7,10,-14.7,-2.1,5.0,1,K9,K9_V1_PROXY,even,odd,mc_k9_eo,2,3,5,346,,
2677,5,7,10,-10.5,-2.1,5.0,0,GAGG,GAGG,odd,odd,mc_gagg_oo,2,3,5,346,1397,5
2678,6,7,10,-6.3,-2.1,5.0,1,K9,K9_V1_PROXY,even,odd,mc_k9_eo,3,3,5,347,,
2679,7,7,10,-2.1,-2.1,5.0,0,GAGG,GAGG,odd,odd,mc_gagg_oo,3,3,5,347,1399,5
2680,8,7,10,2.1,-2.1,5.0,1,K9,K9_V1_PROXY,even,odd,mc_k9_eo,4,3,5,348,,
2681,9,7,10,6.3,-2.1,5.0,0,GAGG,GAGG,odd,odd,mc_gagg_oo,4,3,5,348,1401,5
2682,10,7,10,10.5,-2.1,5.0,1,K9,K9_V1_PROXY,even,odd,mc_k9_eo,5,3,5,349,,
2683,11,7,10,14.7,-2.1,5.0,0,GAGG,GAGG,odd,odd,mc_gagg_oo,5,3,5,349,1403,5
2684,12,7,10,18.9,-2.1,5.0,1,K9,K9_V1_PROXY,even,odd,mc_k9_eo,6,3,5,350,,
2685,13,7,10,23.1,-2.1,5.0,0,GAGG,GAGG,odd,odd,mc_gagg_oo,6,3,5,350,1405,5
2686,14,7,10,27.3,-2.1,5.0,1,K9,K9_V1_PROXY,even,odd,mc_k9_eo,7,3,5,351,,
2687,15,7,10,31.5,-2.1,5.0,0,GAGG,GAGG,odd,odd,mc_gagg_oo,7,3,5,351,1407,5
2688,0,8,10,-31.5,2.1,5.0,0,GAGG,GAGG,even,even,mc_gagg_ee,0,4,5,352,1408,5
2689,1,8,10,-27.3,2.1,5.0,1,K9,K9_V1_PROXY,odd,even,mc_k9_oe,0,4,5,352,,
2690,2,8,10,-23.1,2.1,5.0,0,GAGG,GAGG,even,even,mc_gagg_ee,1,4,5,353,1410,5
2691,3,8,10,-18.9,2.1,5.0,1,K9,K9_V1_PROXY,odd,even,mc_k9_oe,1,4,5,353,,
2692,4,8,10,-14.7,2.1,5.0,0,GAGG,GAGG,even,even,mc_gagg_ee,2,4,5,354,1412,5
2693,5,8,10,-10.5,2.1,5.0,1,K9,K9_V1_PROXY,odd,even,mc_k9_oe,2,4,5,354,,
2694,6,8,10,-6.3,2.1,5.0,0,GAGG,GAGG,even,even,mc_gagg_ee,3,4,5,355,1414,5
2695,7,8,10,-2.1,2.1,5.0,1,K9,K9_V1_PROXY,odd,even,mc_k9_oe,3,4,5,355,,
2696,8,8,10,2.1,2.1,5.0,0,GAGG,GAGG,even,even,mc_gagg_ee,4,4,5,356,1416,5
2697,9,8,10,6.3,2.1,5.0,1,K9,K9_V1_PROXY,odd,even,mc_k9_oe,4,4,5,356,,
2698,10,8,10,10.5,2.1,5.0,0,GAGG,GAGG,even,even,mc_gagg_ee,5,4,5,357,1418,5
2699,11,8,10,14.7,2.1,5.0,1,K9,K9_V1_PROXY,odd,even,mc_k9_oe,5,4,5,357,,
2700,12,8,10,18.9,2.1,5.0,0,GAGG,GAGG,even,even,mc_gagg_ee,6,4,5,358,1420,5
2701,13,8,10,23.1,2.1,5.0,1,K9,K9_V1_PROXY,odd,even,mc_k9_oe,6,4,5,358,,
2702,14,8,10,27.3,2.1,5.0,0,GAGG,GAGG,even,even,mc_gagg_ee,7,4,5,359,1422,5
2703,15,8,10,31.5,2.1,5.0,1,K9,K9_V1_PROXY,odd,even,mc_k9_oe,7,4,5,359,,
2704,0,9,10,-31.5,6.3,5.0,1,K9,K9_V1_PROXY,even,odd,mc_k9_eo,0,4,5,352,,
2705,1,9,10,-27.3,6.3,5.0,0,GAGG,GAGG,odd,odd,mc_gagg_oo,0,4,5,352,1425,5
2706,2,9,10,-23.1,6.3,5.0,1,K9,K9_V1_PROXY,even,odd,mc_k9_eo,1,4,5,353,,
2707,3,9,10,-18.9,6.3,5.0,0,GAGG,GAGG,odd,odd,mc_gagg_oo,1,4,5,353,1427,5
2708,4,9,10,-14.7,6.3,5.0,1,K9,K9_V1_PROXY,even,odd,mc_k9_eo,2,4,5,354,,
2709,5,9,10,-10.5,6.3,5.0,0,GAGG,GAGG,odd,odd,mc_gagg_oo,2,4,5,354,1429,5
2710,6,9,10,-6.3,6.3,5.0,1,K9,K9_V1_PROXY,even,odd,mc_k9_eo,3,4,5,355,,
2711,7,9,10,-2.1,6.3,5.0,0,GAGG,GAGG,odd,odd,mc_gagg_oo,3,4,5,355,1431,5
2712,8,9,10,2.1,6.3,5.0,1,K9,K9_V1_PROXY,even,odd,mc_k9_eo,4,4,5,356,,
2713,9,9,10,6.3,6.3,5.0,0,GAGG,GAGG,odd,odd,mc_gagg_oo,4,4,5,356,1433,5
2714,10,9,10,10.5,6.3,5.0,1,K9,K9_V1_PROXY,even,odd,mc_k9_eo,5,4,5,357,,
2715,11,9,10,14.7,6.3,5.0,0,GAGG,GAGG,odd,odd,mc_gagg_oo,5,4,5,357,1435,5
2716,12,9,10,18.9,6.3,5.0,1,K9,K9_V1_PROXY,even,odd,mc_k9_eo,6,4,5,358,,
2717,13,9,10,23.1,6.3,5.0,0,GAGG,GAGG,odd,odd,mc_gagg_oo,6,4,5,358,1437,5
2718,14,9,10,27.3,6.3,5.0,1,K9,K9_V1_PROXY,even,odd,mc_k9_eo,7,4,5,359,,
2719,15,9,10,31.5,6.3,5.0,0,GAGG,GAGG,odd,odd,mc_gagg_oo,7,4,5,359,1439,5
2720,0,10,10,-31.5,10.5,5.0,0,GAGG,GAGG,even,even,mc_gagg_ee,0,5,5,360,1440,5
2721,1,10,10,-27.3,10.5,5.0,1,K9,K9_V1_PROXY,odd,even,mc_k9_oe,0,5,5,360,,
2722,2,10,10,-23.1,10.5,5.0,0,GAGG,GAGG,even,even,mc_gagg_ee,1,5,5,361,1442,5
2723,3,10,10,-18.9,10.5,5.0,1,K9,K9_V1_PROXY,odd,even,mc_k9_oe,1,5,5,361,,
2724,4,10,10,-14.7,10.5,5.0,0,GAGG,GAGG,even,even,mc_gagg_ee,2,5,5,362,1444,5
2725,5,10,10,-10.5,10.5,5.0,1,K9,K9_V1_PROXY,odd,even,mc_k9_oe,2,5,5,362,,
2726,6,10,10,-6.3,10.5,5.0,0,GAGG,GAGG,even,even,mc_gagg_ee,3,5,5,363,1446,5
2727,7,10,10,-2.1,10.5,5.0,1,K9,K9_V1_PROXY,odd,even,mc_k9_oe,3,5,5,363,,
2728,8,10,10,2.1,10.5,5.0,0,GAGG,GAGG,even,even,mc_gagg_ee,4,5,5,364,1448,5
2729,9,10,10,6.3,10.5,5.0,1,K9,K9_V1_PROXY,odd,even,mc_k9_oe,4,5,5,364,,
2730,10,10,10,10.5,10.5,5.0,0,GAGG,GAGG,even,even,mc_gagg_ee,5,5,5,365,1450,5
2731,11,10,10,14.7,10.5,5.0,1,K9,K9_V1_PROXY,odd,even,mc_k9_oe,5,5,5,365,,
2732,12,10,10,18.9,10.5,5.0,0,GAGG,GAGG,even,even,mc_gagg_ee,6,5,5,366,1452,5
2733,13,10,10,23.1,10.5,5.0,1,K9,K9_V1_PROXY,odd,even,mc_k9_oe,6,5,5,366,,
2734,14,10,10,27.3,10.5,5.0,0,GAGG,GAGG,even,even,mc_gagg_ee,7,5,5,367,1454,5
2735,15,10,10,31.5,10.5,5.0,1,K9,K9_V1_PROXY,odd,even,mc_k9_oe,7,5,5,367,,
2736,0,11,10,-31.5,14.7,5.0,1,K9,K9_V1_PROXY,even,odd,mc_k9_eo,0,5,5,360,,
2737,1,11,10,-27.3,14.7,5.0,0,GAGG,GAGG,odd,odd,mc_gagg_oo,0,5,5,360,1457,5
2738,2,11,10,-23.1,14.7,5.0,1,K9,K9_V1_PROXY,even,odd,mc_k9_eo,1,5,5,361,,
2739,3,11,10,-18.9,14.7,5.0,0,GAGG,GAGG,odd,odd,mc_gagg_oo,1,5,5,361,1459,5
2740,4,11,10,-14.7,14.7,5.0,1,K9,K9_V1_PROXY,even,odd,mc_k9_eo,2,5,5,362,,
2741,5,11,10,-10.5,14.7,5.0,0,GAGG,GAGG,odd,odd,mc_gagg_oo,2,5,5,362,1461,5
2742,6,11,10,-6.3,14.7,5.0,1,K9,K9_V1_PROXY,even,odd,mc_k9_eo,3,5,5,363,,
2743,7,11,10,-2.1,14.7,5.0,0,GAGG,GAGG,odd,odd,mc_gagg_oo,3,5,5,363,1463,5
2744,8,11,10,2.1,14.7,5.0,1,K9,K9_V1_PROXY,even,odd,mc_k9_eo,4,5,5,364,,
2745,9,11,10,6.3,14.7,5.0,0,GAGG,GAGG,odd,odd,mc_gagg_oo,4,5,5,364,1465,5
2746,10,11,10,10.5,14.7,5.0,1,K9,K9_V1_PROXY,even,odd,mc_k9_eo,5,5,5,365,,
2747,11,11,10,14.7,14.7,5.0,0,GAGG,GAGG,odd,odd,mc_gagg_oo,5,5,5,365,1467,5
2748,12,11,10,18.9,14.7,5.0,1,K9,K9_V1_PROXY,even,odd,mc_k9_eo,6,5,5,366,,
2749,13,11,10,23.1,14.7,5.0,0,GAGG,GAGG,odd,odd,mc_gagg_oo,6,5,5,366,1469,5
2750,14,11,10,27.3,14.7,5.0,1,K9,K9_V1_PROXY,even,odd,mc_k9_eo,7,5,5,367,,
2751,15,11,10,31.5,14.7,5.0,0,GAGG,GAGG,odd,odd,mc_gagg_oo,7,5,5,367,1471,5
2752,0,12,10,-31.5,18.9,5.0,0,GAGG,GAGG,even,even,mc_gagg_ee,0,6,5,368,1472,5
2753,1,12,10,-27.3,18.9,5.0,1,K9,K9_V1_PROXY,odd,even,mc_k9_oe,0,6,5,368,,
2754,2,12,10,-23.1,18.9,5.0,0,GAGG,GAGG,even,even,mc_gagg_ee,1,6,5,369,1474,5
2755,3,12,10,-18.9,18.9,5.0,1,K9,K9_V1_PROXY,odd,even,mc_k9_oe,1,6,5,369,,
2756,4,12,10,-14.7,18.9,5.0,0,GAGG,GAGG,even,even,mc_gagg_ee,2,6,5,370,1476,5
2757,5,12,10,-10.5,18.9,5.0,1,K9,K9_V1_PROXY,odd,even,mc_k9_oe,2,6,5,370,,
2758,6,12,10,-6.3,18.9,5.0,0,GAGG,GAGG,even,even,mc_gagg_ee,3,6,5,371,1478,5
2759,7,12,10,-2.1,18.9,5.0,1,K9,K9_V1_PROXY,odd,even,mc_k9_oe,3,6,5,371,,
2760,8,12,10,2.1,18.9,5.0,0,GAGG,GAGG,even,even,mc_gagg_ee,4,6,5,372,1480,5
2761,9,12,10,6.3,18.9,5.0,1,K9,K9_V1_PROXY,odd,even,mc_k9_oe,4,6,5,372,,
2762,10,12,10,10.5,18.9,5.0,0,GAGG,GAGG,even,even,mc_gagg_ee,5,6,5,373,1482,5
2763,11,12,10,14.7,18.9,5.0,1,K9,K9_V1_PROXY,odd,even,mc_k9_oe,5,6,5,373,,
2764,12,12,10,18.9,18.9,5.0,0,GAGG,GAGG,even,even,mc_gagg_ee,6,6,5,374,1484,5
2765,13,12,10,23.1,18.9,5.0,1,K9,K9_V1_PROXY,odd,even,mc_k9_oe,6,6,5,374,,
2766,14,12,10,27.3,18.9,5.0,0,GAGG,GAGG,even,even,mc_gagg_ee,7,6,5,375,1486,5
2767,15,12,10,31.5,18.9,5.0,1,K9,K9_V1_PROXY,odd,even,mc_k9_oe,7,6,5,375,,
2768,0,13,10,-31.5,23.1,5.0,1,K9,K9_V1_PROXY,even,odd,mc_k9_eo,0,6,5,368,,
2769,1,13,10,-27.3,23.1,5.0,0,GAGG,GAGG,odd,odd,mc_gagg_oo,0,6,5,368,1489,5
2770,2,13,10,-23.1,23.1,5.0,1,K9,K9_V1_PROXY,even,odd,mc_k9_eo,1,6,5,369,,
2771,3,13,10,-18.9,23.1,5.0,0,GAGG,GAGG,odd,odd,mc_gagg_oo,1,6,5,369,1491,5
2772,4,13,10,-14.7,23.1,5.0,1,K9,K9_V1_PROXY,even,odd,mc_k9_eo,2,6,5,370,,
2773,5,13,10,-10.5,23.1,5.0,0,GAGG,GAGG,odd,odd,mc_gagg_oo,2,6,5,370,1493,5
2774,6,13,10,-6.3,23.1,5.0,1,K9,K9_V1_PROXY,even,odd,mc_k9_eo,3,6,5,371,,
2775,7,13,10,-2.1,23.1,5.0,0,GAGG,GAGG,odd,odd,mc_gagg_oo,3,6,5,371,1495,5
2776,8,13,10,2.1,23.1,5.0,1,K9,K9_V1_PROXY,even,odd,mc_k9_eo,4,6,5,372,,
2777,9,13,10,6.3,23.1,5.0,0,GAGG,GAGG,odd,odd,mc_gagg_oo,4,6,5,372,1497,5
2778,10,13,10,10.5,23.1,5.0,1,K9,K9_V1_PROXY,even,odd,mc_k9_eo,5,6,5,373,,
2779,11,13,10,14.7,23.1,5.0,0,GAGG,GAGG,odd,odd,mc_gagg_oo,5,6,5,373,1499,5
2780,12,13,10,18.9,23.1,5.0,1,K9,K9_V1_PROXY,even,odd,mc_k9_eo,6,6,5,374,,
2781,13,13,10,23.1,23.1,5.0,0,GAGG,GAGG,odd,odd,mc_gagg_oo,6,6,5,374,1501,5
2782,14,13,10,27.3,23.1,5.0,1,K9,K9_V1_PROXY,even,odd,mc_k9_eo,7,6,5,375,,
2783,15,13,10,31.5,23.1,5.0,0,GAGG,GAGG,odd,odd,mc_gagg_oo,7,6,5,375,1503,5
2784,0,14,10,-31.5,27.3,5.0,0,GAGG,GAGG,even,even,mc_gagg_ee,0,7,5,376,1504,5
2785,1,14,10,-27.3,27.3,5.0,1,K9,K9_V1_PROXY,odd,even,mc_k9_oe,0,7,5,376,,
2786,2,14,10,-23.1,27.3,5.0,0,GAGG,GAGG,even,even,mc_gagg_ee,1,7,5,377,1506,5
2787,3,14,10,-18.9,27.3,5.0,1,K9,K9_V1_PROXY,odd,even,mc_k9_oe,1,7,5,377,,
2788,4,14,10,-14.7,27.3,5.0,0,GAGG,GAGG,even,even,mc_gagg_ee,2,7,5,378,1508,5
2789,5,14,10,-10.5,27.3,5.0,1,K9,K9_V1_PROXY,odd,even,mc_k9_oe,2,7,5,378,,
2790,6,14,10,-6.3,27.3,5.0,0,GAGG,GAGG,even,even,mc_gagg_ee,3,7,5,379,1510,5
2791,7,14,10,-2.1,27.3,5.0,1,K9,K9_V1_PROXY,odd,even,mc_k9_oe,3,7,5,379,,
2792,8,14,10,2.1,27.3,5.0,0,GAGG,GAGG,even,even,mc_gagg_ee,4,7,5,380,1512,5
2793,9,14,10,6.3,27.3,5.0,1,K9,K9_V1_PROXY,odd,even,mc_k9_oe,4,7,5,380,,
2794,10,14,10,10.5,27.3,5.0,0,GAGG,GAGG,even,even,mc_gagg_ee,5,7,5,381,1514,5
2795,11,14,10,14.7,27.3,5.0,1,K9,K9_V1_PROXY,odd,even,mc_k9_oe,5,7,5,381,,
2796,12,14,10,18.9,27.3,5.0,0,GAGG,GAGG,even,even,mc_gagg_ee,6,7,5,382,1516,5
2797,13,14,10,23.1,27.3,5.0,1,K9,K9_V1_PROXY,odd,even,mc_k9_oe,6,7,5,382,,
2798,14,14,10,27.3,27.3,5.0,0,GAGG,GAGG,even,even,mc_gagg_ee,7,7,5,383,1518,5
2799,15,14,10,31.5,27.3,5.0,1,K9,K9_V1_PROXY,odd,even,mc_k9_oe,7,7,5,383,,
2800,0,15,10,-31.5,31.5,5.0,1,K9,K9_V1_PROXY,even,odd,mc_k9_eo,0,7,5,376,,
2801,1,15,10,-27.3,31.5,5.0,0,GAGG,GAGG,odd,odd,mc_gagg_oo,0,7,5,376,1521,5
2802,2,15,10,-23.1,31.5,5.0,1,K9,K9_V1_PROXY,even,odd,mc_k9_eo,1,7,5,377,,
2803,3,15,10,-18.9,31.5,5.0,0,GAGG,GAGG,odd,odd,mc_gagg_oo,1,7,5,377,1523,5
2804,4,15,10,-14.7,31.5,5.0,1,K9,K9_V1_PROXY,even,odd,mc_k9_eo,2,7,5,378,,
2805,5,15,10,-10.5,31.5,5.0,0,GAGG,GAGG,odd,odd,mc_gagg_oo,2,7,5,378,1525,5
2806,6,15,10,-6.3,31.5,5.0,1,K9,K9_V1_PROXY,even,odd,mc_k9_eo,3,7,5,379,,
2807,7,15,10,-2.1,31.5,5.0,0,GAGG,GAGG,odd,odd,mc_gagg_oo,3,7,5,379,1527,5
2808,8,15,10,2.1,31.5,5.0,1,K9,K9_V1_PROXY,even,odd,mc_k9_eo,4,7,5,380,,
2809,9,15,10,6.3,31.5,5.0,0,GAGG,GAGG,odd,odd,mc_gagg_oo,4,7,5,380,1529,5
2810,10,15,10,10.5,31.5,5.0,1,K9,K9_V1_PROXY,even,odd,mc_k9_eo,5,7,5,381,,
2811,11,15,10,14.7,31.5,5.0,0,GAGG,GAGG,odd,odd,mc_gagg_oo,5,7,5,381,1531,5
2812,12,15,10,18.9,31.5,5.0,1,K9,K9_V1_PROXY,even,odd,mc_k9_eo,6,7,5,382,,
2813,13,15,10,23.1,31.5,5.0,0,GAGG,GAGG,odd,odd,mc_gagg_oo,6,7,5,382,1533,5
2814,14,15,10,27.3,31.5,5.0,1,K9,K9_V1_PROXY,even,odd,mc_k9_eo,7,7,5,383,,
2815,15,15,10,31.5,31.5,5.0,0,GAGG,GAGG,odd,odd,mc_gagg_oo,7,7,5,383,1535,5
2816,0,0,11,-31.5,-31.5,7.0,1,K9,K9_V1_PROXY,even,even,mc_k9_ee,0,0,5,320,,
2817,1,0,11,-27.3,-31.5,7.0,0,GAGG,GAGG,odd,even,mc_gagg_oe,0,0,5,320,1281,5
2818,2,0,11,-23.1,-31.5,7.0,1,K9,K9_V1_PROXY,even,even,mc_k9_ee,1,0,5,321,,
2819,3,0,11,-18.9,-31.5,7.0,0,GAGG,GAGG,odd,even,mc_gagg_oe,1,0,5,321,1283,5
2820,4,0,11,-14.7,-31.5,7.0,1,K9,K9_V1_PROXY,even,even,mc_k9_ee,2,0,5,322,,
2821,5,0,11,-10.5,-31.5,7.0,0,GAGG,GAGG,odd,even,mc_gagg_oe,2,0,5,322,1285,5
2822,6,0,11,-6.3,-31.5,7.0,1,K9,K9_V1_PROXY,even,even,mc_k9_ee,3,0,5,323,,
2823,7,0,11,-2.1,-31.5,7.0,0,GAGG,GAGG,odd,even,mc_gagg_oe,3,0,5,323,1287,5
2824,8,0,11,2.1,-31.5,7.0,1,K9,K9_V1_PROXY,even,even,mc_k9_ee,4,0,5,324,,
2825,9,0,11,6.3,-31.5,7.0,0,GAGG,GAGG,odd,even,mc_gagg_oe,4,0,5,324,1289,5
2826,10,0,11,10.5,-31.5,7.0,1,K9,K9_V1_PROXY,even,even,mc_k9_ee,5,0,5,325,,
2827,11,0,11,14.7,-31.5,7.0,0,GAGG,GAGG,odd,even,mc_gagg_oe,5,0,5,325,1291,5
2828,12,0,11,18.9,-31.5,7.0,1,K9,K9_V1_PROXY,even,even,mc_k9_ee,6,0,5,326,,
2829,13,0,11,23.1,-31.5,7.0,0,GAGG,GAGG,odd,even,mc_gagg_oe,6,0,5,326,1293,5
2830,14,0,11,27.3,-31.5,7.0,1,K9,K9_V1_PROXY,even,even,mc_k9_ee,7,0,5,327,,
2831,15,0,11,31.5,-31.5,7.0,0,GAGG,GAGG,odd,even,mc_gagg_oe,7,0,5,327,1295,5
2832,0,1,11,-31.5,-27.3,7.0,0,GAGG,GAGG,even,odd,mc_gagg_eo,0,0,5,320,1296,5
2833,1,1,11,-27.3,-27.3,7.0,1,K9,K9_V1_PROXY,odd,odd,mc_k9_oo,0,0,5,320,,
2834,2,1,11,-23.1,-27.3,7.0,0,GAGG,GAGG,even,odd,mc_gagg_eo,1,0,5,321,1298,5
2835,3,1,11,-18.9,-27.3,7.0,1,K9,K9_V1_PROXY,odd,odd,mc_k9_oo,1,0,5,321,,
2836,4,1,11,-14.7,-27.3,7.0,0,GAGG,GAGG,even,odd,mc_gagg_eo,2,0,5,322,1300,5
2837,5,1,11,-10.5,-27.3,7.0,1,K9,K9_V1_PROXY,odd,odd,mc_k9_oo,2,0,5,322,,
2838,6,1,11,-6.3,-27.3,7.0,0,GAGG,GAGG,even,odd,mc_gagg_eo,3,0,5,323,1302,5
2839,7,1,11,-2.1,-27.3,7.0,1,K9,K9_V1_PROXY,odd,odd,mc_k9_oo,3,0,5,323,,
2840,8,1,11,2.1,-27.3,7.0,0,GAGG,GAGG,even,odd,mc_gagg_eo,4,0,5,324,1304,5
2841,9,1,11,6.3,-27.3,7.0,1,K9,K9_V1_PROXY,odd,odd,mc_k9_oo,4,0,5,324,,
2842,10,1,11,10.5,-27.3,7.0,0,GAGG,GAGG,even,odd,mc_gagg_eo,5,0,5,325,1306,5
2843,11,1,11,14.7,-27.3,7.0,1,K9,K9_V1_PROXY,odd,odd,mc_k9_oo,5,0,5,325,,
2844,12,1,11,18.9,-27.3,7.0,0,GAGG,GAGG,even,odd,mc_gagg_eo,6,0,5,326,1308,5
2845,13,1,11,23.1,-27.3,7.0,1,K9,K9_V1_PROXY,odd,odd,mc_k9_oo,6,0,5,326,,
2846,14,1,11,27.3,-27.3,7.0,0,GAGG,GAGG,even,odd,mc_gagg_eo,7,0,5,327,1310,5
2847,15,1,11,31.5,-27.3,7.0,1,K9,K9_V1_PROXY,odd,odd,mc_k9_oo,7,0,5,327,,
2848,0,2,11,-31.5,-23.1,7.0,1,K9,K9_V1_PROXY,even,even,mc_k9_ee,0,1,5,328,,
2849,1,2,11,-27.3,-23.1,7.0,0,GAGG,GAGG,odd,even,mc_gagg_oe,0,1,5,328,1313,5
2850,2,2,11,-23.1,-23.1,7.0,1,K9,K9_V1_PROXY,even,even,mc_k9_ee,1,1,5,329,,
2851,3,2,11,-18.9,-23.1,7.0,0,GAGG,GAGG,odd,even,mc_gagg_oe,1,1,5,329,1315,5
2852,4,2,11,-14.7,-23.1,7.0,1,K9,K9_V1_PROXY,even,even,mc_k9_ee,2,1,5,330,,
2853,5,2,11,-10.5,-23.1,7.0,0,GAGG,GAGG,odd,even,mc_gagg_oe,2,1,5,330,1317,5
2854,6,2,11,-6.3,-23.1,7.0,1,K9,K9_V1_PROXY,even,even,mc_k9_ee,3,1,5,331,,
2855,7,2,11,-2.1,-23.1,7.0,0,GAGG,GAGG,odd,even,mc_gagg_oe,3,1,5,331,1319,5
2856,8,2,11,2.1,-23.1,7.0,1,K9,K9_V1_PROXY,even,even,mc_k9_ee,4,1,5,332,,
2857,9,2,11,6.3,-23.1,7.0,0,GAGG,GAGG,odd,even,mc_gagg_oe,4,1,5,332,1321,5
2858,10,2,11,10.5,-23.1,7.0,1,K9,K9_V1_PROXY,even,even,mc_k9_ee,5,1,5,333,,
2859,11,2,11,14.7,-23.1,7.0,0,GAGG,GAGG,odd,even,mc_gagg_oe,5,1,5,333,1323,5
2860,12,2,11,18.9,-23.1,7.0,1,K9,K9_V1_PROXY,even,even,mc_k9_ee,6,1,5,334,,
2861,13,2,11,23.1,-23.1,7.0,0,GAGG,GAGG,odd,even,mc_gagg_oe,6,1,5,334,1325,5
2862,14,2,11,27.3,-23.1,7.0,1,K9,K9_V1_PROXY,even,even,mc_k9_ee,7,1,5,335,,
2863,15,2,11,31.5,-23.1,7.0,0,GAGG,GAGG,odd,even,mc_gagg_oe,7,1,5,335,1327,5
2864,0,3,11,-31.5,-18.9,7.0,0,GAGG,GAGG,even,odd,mc_gagg_eo,0,1,5,328,1328,5
2865,1,3,11,-27.3,-18.9,7.0,1,K9,K9_V1_PROXY,odd,odd,mc_k9_oo,0,1,5,328,,
2866,2,3,11,-23.1,-18.9,7.0,0,GAGG,GAGG,even,odd,mc_gagg_eo,1,1,5,329,1330,5
2867,3,3,11,-18.9,-18.9,7.0,1,K9,K9_V1_PROXY,odd,odd,mc_k9_oo,1,1,5,329,,
2868,4,3,11,-14.7,-18.9,7.0,0,GAGG,GAGG,even,odd,mc_gagg_eo,2,1,5,330,1332,5
2869,5,3,11,-10.5,-18.9,7.0,1,K9,K9_V1_PROXY,odd,odd,mc_k9_oo,2,1,5,330,,
2870,6,3,11,-6.3,-18.9,7.0,0,GAGG,GAGG,even,odd,mc_gagg_eo,3,1,5,331,1334,5
2871,7,3,11,-2.1,-18.9,7.0,1,K9,K9_V1_PROXY,odd,odd,mc_k9_oo,3,1,5,331,,
2872,8,3,11,2.1,-18.9,7.0,0,GAGG,GAGG,even,odd,mc_gagg_eo,4,1,5,332,1336,5
2873,9,3,11,6.3,-18.9,7.0,1,K9,K9_V1_PROXY,odd,odd,mc_k9_oo,4,1,5,332,,
2874,10,3,11,10.5,-18.9,7.0,0,GAGG,GAGG,even,odd,mc_gagg_eo,5,1,5,333,1338,5
2875,11,3,11,14.7,-18.9,7.0,1,K9,K9_V1_PROXY,odd,odd,mc_k9_oo,5,1,5,333,,
2876,12,3,11,18.9,-18.9,7.0,0,GAGG,GAGG,even,odd,mc_gagg_eo,6,1,5,334,1340,5
2877,13,3,11,23.1,-18.9,7.0,1,K9,K9_V1_PROXY,odd,odd,mc_k9_oo,6,1,5,334,,
2878,14,3,11,27.3,-18.9,7.0,0,GAGG,GAGG,even,odd,mc_gagg_eo,7,1,5,335,1342,5
2879,15,3,11,31.5,-18.9,7.0,1,K9,K9_V1_PROXY,odd,odd,mc_k9_oo,7,1,5,335,,
2880,0,4,11,-31.5,-14.7,7.0,1,K9,K9_V1_PROXY,even,even,mc_k9_ee,0,2,5,336,,
2881,1,4,11,-27.3,-14.7,7.0,0,GAGG,GAGG,odd,even,mc_gagg_oe,0,2,5,336,1345,5
2882,2,4,11,-23.1,-14.7,7.0,1,K9,K9_V1_PROXY,even,even,mc_k9_ee,1,2,5,337,,
2883,3,4,11,-18.9,-14.7,7.0,0,GAGG,GAGG,odd,even,mc_gagg_oe,1,2,5,337,1347,5
2884,4,4,11,-14.7,-14.7,7.0,1,K9,K9_V1_PROXY,even,even,mc_k9_ee,2,2,5,338,,
2885,5,4,11,-10.5,-14.7,7.0,0,GAGG,GAGG,odd,even,mc_gagg_oe,2,2,5,338,1349,5
2886,6,4,11,-6.3,-14.7,7.0,1,K9,K9_V1_PROXY,even,even,mc_k9_ee,3,2,5,339,,
2887,7,4,11,-2.1,-14.7,7.0,0,GAGG,GAGG,odd,even,mc_gagg_oe,3,2,5,339,1351,5
2888,8,4,11,2.1,-14.7,7.0,1,K9,K9_V1_PROXY,even,even,mc_k9_ee,4,2,5,340,,
2889,9,4,11,6.3,-14.7,7.0,0,GAGG,GAGG,odd,even,mc_gagg_oe,4,2,5,340,1353,5
2890,10,4,11,10.5,-14.7,7.0,1,K9,K9_V1_PROXY,even,even,mc_k9_ee,5,2,5,341,,
2891,11,4,11,14.7,-14.7,7.0,0,GAGG,GAGG,odd,even,mc_gagg_oe,5,2,5,341,1355,5
2892,12,4,11,18.9,-14.7,7.0,1,K9,K9_V1_PROXY,even,even,mc_k9_ee,6,2,5,342,,
2893,13,4,11,23.1,-14.7,7.0,0,GAGG,GAGG,odd,even,mc_gagg_oe,6,2,5,342,1357,5
2894,14,4,11,27.3,-14.7,7.0,1,K9,K9_V1_PROXY,even,even,mc_k9_ee,7,2,5,343,,
2895,15,4,11,31.5,-14.7,7.0,0,GAGG,GAGG,odd,even,mc_gagg_oe,7,2,5,343,1359,5
2896,0,5,11,-31.5,-10.5,7.0,0,GAGG,GAGG,even,odd,mc_gagg_eo,0,2,5,336,1360,5
2897,1,5,11,-27.3,-10.5,7.0,1,K9,K9_V1_PROXY,odd,odd,mc_k9_oo,0,2,5,336,,
2898,2,5,11,-23.1,-10.5,7.0,0,GAGG,GAGG,even,odd,mc_gagg_eo,1,2,5,337,1362,5
2899,3,5,11,-18.9,-10.5,7.0,1,K9,K9_V1_PROXY,odd,odd,mc_k9_oo,1,2,5,337,,
2900,4,5,11,-14.7,-10.5,7.0,0,GAGG,GAGG,even,odd,mc_gagg_eo,2,2,5,338,1364,5
2901,5,5,11,-10.5,-10.5,7.0,1,K9,K9_V1_PROXY,odd,odd,mc_k9_oo,2,2,5,338,,
2902,6,5,11,-6.3,-10.5,7.0,0,GAGG,GAGG,even,odd,mc_gagg_eo,3,2,5,339,1366,5
2903,7,5,11,-2.1,-10.5,7.0,1,K9,K9_V1_PROXY,odd,odd,mc_k9_oo,3,2,5,339,,
2904,8,5,11,2.1,-10.5,7.0,0,GAGG,GAGG,even,odd,mc_gagg_eo,4,2,5,340,1368,5
2905,9,5,11,6.3,-10.5,7.0,1,K9,K9_V1_PROXY,odd,odd,mc_k9_oo,4,2,5,340,,
2906,10,5,11,10.5,-10.5,7.0,0,GAGG,GAGG,even,odd,mc_gagg_eo,5,2,5,341,1370,5
2907,11,5,11,14.7,-10.5,7.0,1,K9,K9_V1_PROXY,odd,odd,mc_k9_oo,5,2,5,341,,
2908,12,5,11,18.9,-10.5,7.0,0,GAGG,GAGG,even,odd,mc_gagg_eo,6,2,5,342,1372,5
2909,13,5,11,23.1,-10.5,7.0,1,K9,K9_V1_PROXY,odd,odd,mc_k9_oo,6,2,5,342,,
2910,14,5,11,27.3,-10.5,7.0,0,GAGG,GAGG,even,odd,mc_gagg_eo,7,2,5,343,1374,5
2911,15,5,11,31.5,-10.5,7.0,1,K9,K9_V1_PROXY,odd,odd,mc_k9_oo,7,2,5,343,,
2912,0,6,11,-31.5,-6.3,7.0,1,K9,K9_V1_PROXY,even,even,mc_k9_ee,0,3,5,344,,
2913,1,6,11,-27.3,-6.3,7.0,0,GAGG,GAGG,odd,even,mc_gagg_oe,0,3,5,344,1377,5
2914,2,6,11,-23.1,-6.3,7.0,1,K9,K9_V1_PROXY,even,even,mc_k9_ee,1,3,5,345,,
2915,3,6,11,-18.9,-6.3,7.0,0,GAGG,GAGG,odd,even,mc_gagg_oe,1,3,5,345,1379,5
2916,4,6,11,-14.7,-6.3,7.0,1,K9,K9_V1_PROXY,even,even,mc_k9_ee,2,3,5,346,,
2917,5,6,11,-10.5,-6.3,7.0,0,GAGG,GAGG,odd,even,mc_gagg_oe,2,3,5,346,1381,5
2918,6,6,11,-6.3,-6.3,7.0,1,K9,K9_V1_PROXY,even,even,mc_k9_ee,3,3,5,347,,
2919,7,6,11,-2.1,-6.3,7.0,0,GAGG,GAGG,odd,even,mc_gagg_oe,3,3,5,347,1383,5
2920,8,6,11,2.1,-6.3,7.0,1,K9,K9_V1_PROXY,even,even,mc_k9_ee,4,3,5,348,,
2921,9,6,11,6.3,-6.3,7.0,0,GAGG,GAGG,odd,even,mc_gagg_oe,4,3,5,348,1385,5
2922,10,6,11,10.5,-6.3,7.0,1,K9,K9_V1_PROXY,even,even,mc_k9_ee,5,3,5,349,,
2923,11,6,11,14.7,-6.3,7.0,0,GAGG,GAGG,odd,even,mc_gagg_oe,5,3,5,349,1387,5
2924,12,6,11,18.9,-6.3,7.0,1,K9,K9_V1_PROXY,even,even,mc_k9_ee,6,3,5,350,,
2925,13,6,11,23.1,-6.3,7.0,0,GAGG,GAGG,odd,even,mc_gagg_oe,6,3,5,350,1389,5
2926,14,6,11,27.3,-6.3,7.0,1,K9,K9_V1_PROXY,even,even,mc_k9_ee,7,3,5,351,,
2927,15,6,11,31.5,-6.3,7.0,0,GAGG,GAGG,odd,even,mc_gagg_oe,7,3,5,351,1391,5
2928,0,7,11,-31.5,-2.1,7.0,0,GAGG,GAGG,even,odd,mc_gagg_eo,0,3,5,344,1392,5
2929,1,7,11,-27.3,-2.1,7.0,1,K9,K9_V1_PROXY,odd,odd,mc_k9_oo,0,3,5,344,,
2930,2,7,11,-23.1,-2.1,7.0,0,GAGG,GAGG,even,odd,mc_gagg_eo,1,3,5,345,1394,5
2931,3,7,11,-18.9,-2.1,7.0,1,K9,K9_V1_PROXY,odd,odd,mc_k9_oo,1,3,5,345,,
2932,4,7,11,-14.7,-2.1,7.0,0,GAGG,GAGG,even,odd,mc_gagg_eo,2,3,5,346,1396,5
2933,5,7,11,-10.5,-2.1,7.0,1,K9,K9_V1_PROXY,odd,odd,mc_k9_oo,2,3,5,346,,
2934,6,7,11,-6.3,-2.1,7.0,0,GAGG,GAGG,even,odd,mc_gagg_eo,3,3,5,347,1398,5
2935,7,7,11,-2.1,-2.1,7.0,1,K9,K9_V1_PROXY,odd,odd,mc_k9_oo,3,3,5,347,,
2936,8,7,11,2.1,-2.1,7.0,0,GAGG,GAGG,even,odd,mc_gagg_eo,4,3,5,348,1400,5
2937,9,7,11,6.3,-2.1,7.0,1,K9,K9_V1_PROXY,odd,odd,mc_k9_oo,4,3,5,348,,
2938,10,7,11,10.5,-2.1,7.0,0,GAGG,GAGG,even,odd,mc_gagg_eo,5,3,5,349,1402,5
2939,11,7,11,14.7,-2.1,7.0,1,K9,K9_V1_PROXY,odd,odd,mc_k9_oo,5,3,5,349,,
2940,12,7,11,18.9,-2.1,7.0,0,GAGG,GAGG,even,odd,mc_gagg_eo,6,3,5,350,1404,5
2941,13,7,11,23.1,-2.1,7.0,1,K9,K9_V1_PROXY,odd,odd,mc_k9_oo,6,3,5,350,,
2942,14,7,11,27.3,-2.1,7.0,0,GAGG,GAGG,even,odd,mc_gagg_eo,7,3,5,351,1406,5
2943,15,7,11,31.5,-2.1,7.0,1,K9,K9_V1_PROXY,odd,odd,mc_k9_oo,7,3,5,351,,
2944,0,8,11,-31.5,2.1,7.0,1,K9,K9_V1_PROXY,even,even,mc_k9_ee,0,4,5,352,,
2945,1,8,11,-27.3,2.1,7.0,0,GAGG,GAGG,odd,even,mc_gagg_oe,0,4,5,352,1409,5
2946,2,8,11,-23.1,2.1,7.0,1,K9,K9_V1_PROXY,even,even,mc_k9_ee,1,4,5,353,,
2947,3,8,11,-18.9,2.1,7.0,0,GAGG,GAGG,odd,even,mc_gagg_oe,1,4,5,353,1411,5
2948,4,8,11,-14.7,2.1,7.0,1,K9,K9_V1_PROXY,even,even,mc_k9_ee,2,4,5,354,,
2949,5,8,11,-10.5,2.1,7.0,0,GAGG,GAGG,odd,even,mc_gagg_oe,2,4,5,354,1413,5
2950,6,8,11,-6.3,2.1,7.0,1,K9,K9_V1_PROXY,even,even,mc_k9_ee,3,4,5,355,,
2951,7,8,11,-2.1,2.1,7.0,0,GAGG,GAGG,odd,even,mc_gagg_oe,3,4,5,355,1415,5
2952,8,8,11,2.1,2.1,7.0,1,K9,K9_V1_PROXY,even,even,mc_k9_ee,4,4,5,356,,
2953,9,8,11,6.3,2.1,7.0,0,GAGG,GAGG,odd,even,mc_gagg_oe,4,4,5,356,1417,5
2954,10,8,11,10.5,2.1,7.0,1,K9,K9_V1_PROXY,even,even,mc_k9_ee,5,4,5,357,,
2955,11,8,11,14.7,2.1,7.0,0,GAGG,GAGG,odd,even,mc_gagg_oe,5,4,5,357,1419,5
2956,12,8,11,18.9,2.1,7.0,1,K9,K9_V1_PROXY,even,even,mc_k9_ee,6,4,5,358,,
2957,13,8,11,23.1,2.1,7.0,0,GAGG,GAGG,odd,even,mc_gagg_oe,6,4,5,358,1421,5
2958,14,8,11,27.3,2.1,7.0,1,K9,K9_V1_PROXY,even,even,mc_k9_ee,7,4,5,359,,
2959,15,8,11,31.5,2.1,7.0,0,GAGG,GAGG,odd,even,mc_gagg_oe,7,4,5,359,1423,5
2960,0,9,11,-31.5,6.3,7.0,0,GAGG,GAGG,even,odd,mc_gagg_eo,0,4,5,352,1424,5
2961,1,9,11,-27.3,6.3,7.0,1,K9,K9_V1_PROXY,odd,odd,mc_k9_oo,0,4,5,352,,
2962,2,9,11,-23.1,6.3,7.0,0,GAGG,GAGG,even,odd,mc_gagg_eo,1,4,5,353,1426,5
2963,3,9,11,-18.9,6.3,7.0,1,K9,K9_V1_PROXY,odd,odd,mc_k9_oo,1,4,5,353,,
2964,4,9,11,-14.7,6.3,7.0,0,GAGG,GAGG,even,odd,mc_gagg_eo,2,4,5,354,1428,5
2965,5,9,11,-10.5,6.3,7.0,1,K9,K9_V1_PROXY,odd,odd,mc_k9_oo,2,4,5,354,,
2966,6,9,11,-6.3,6.3,7.0,0,GAGG,GAGG,even,odd,mc_gagg_eo,3,4,5,355,1430,5
2967,7,9,11,-2.1,6.3,7.0,1,K9,K9_V1_PROXY,odd,odd,mc_k9_oo,3,4,5,355,,
2968,8,9,11,2.1,6.3,7.0,0,GAGG,GAGG,even,odd,mc_gagg_eo,4,4,5,356,1432,5
2969,9,9,11,6.3,6.3,7.0,1,K9,K9_V1_PROXY,odd,odd,mc_k9_oo,4,4,5,356,,
2970,10,9,11,10.5,6.3,7.0,0,GAGG,GAGG,even,odd,mc_gagg_eo,5,4,5,357,1434,5
2971,11,9,11,14.7,6.3,7.0,1,K9,K9_V1_PROXY,odd,odd,mc_k9_oo,5,4,5,357,,
2972,12,9,11,18.9,6.3,7.0,0,GAGG,GAGG,even,odd,mc_gagg_eo,6,4,5,358,1436,5
2973,13,9,11,23.1,6.3,7.0,1,K9,K9_V1_PROXY,odd,odd,mc_k9_oo,6,4,5,358,,
2974,14,9,11,27.3,6.3,7.0,0,GAGG,GAGG,even,odd,mc_gagg_eo,7,4,5,359,1438,5
2975,15,9,11,31.5,6.3,7.0,1,K9,K9_V1_PROXY,odd,odd,mc_k9_oo,7,4,5,359,,
2976,0,10,11,-31.5,10.5,7.0,1,K9,K9_V1_PROXY,even,even,mc_k9_ee,0,5,5,360,,
2977,1,10,11,-27.3,10.5,7.0,0,GAGG,GAGG,odd,even,mc_gagg_oe,0,5,5,360,1441,5
2978,2,10,11,-23.1,10.5,7.0,1,K9,K9_V1_PROXY,even,even,mc_k9_ee,1,5,5,361,,
2979,3,10,11,-18.9,10.5,7.0,0,GAGG,GAGG,odd,even,mc_gagg_oe,1,5,5,361,1443,5
2980,4,10,11,-14.7,10.5,7.0,1,K9,K9_V1_PROXY,even,even,mc_k9_ee,2,5,5,362,,
2981,5,10,11,-10.5,10.5,7.0,0,GAGG,GAGG,odd,even,mc_gagg_oe,2,5,5,362,1445,5
2982,6,10,11,-6.3,10.5,7.0,1,K9,K9_V1_PROXY,even,even,mc_k9_ee,3,5,5,363,,
2983,7,10,11,-2.1,10.5,7.0,0,GAGG,GAGG,odd,even,mc_gagg_oe,3,5,5,363,1447,5
2984,8,10,11,2.1,10.5,7.0,1,K9,K9_V1_PROXY,even,even,mc_k9_ee,4,5,5,364,,
2985,9,10,11,6.3,10.5,7.0,0,GAGG,GAGG,odd,even,mc_gagg_oe,4,5,5,364,1449,5
2986,10,10,11,10.5,10.5,7.0,1,K9,K9_V1_PROXY,even,even,mc_k9_ee,5,5,5,365,,
2987,11,10,11,14.7,10.5,7.0,0,GAGG,GAGG,odd,even,mc_gagg_oe,5,5,5,365,1451,5
2988,12,10,11,18.9,10.5,7.0,1,K9,K9_V1_PROXY,even,even,mc_k9_ee,6,5,5,366,,
2989,13,10,11,23.1,10.5,7.0,0,GAGG,GAGG,odd,even,mc_gagg_oe,6,5,5,366,1453,5
2990,14,10,11,27.3,10.5,7.0,1,K9,K9_V1_PROXY,even,even,mc_k9_ee,7,5,5,367,,
2991,15,10,11,31.5,10.5,7.0,0,GAGG,GAGG,odd,even,mc_gagg_oe,7,5,5,367,1455,5
2992,0,11,11,-31.5,14.7,7.0,0,GAGG,GAGG,even,odd,mc_gagg_eo,0,5,5,360,1456,5
2993,1,11,11,-27.3,14.7,7.0,1,K9,K9_V1_PROXY,odd,odd,mc_k9_oo,0,5,5,360,,
2994,2,11,11,-23.1,14.7,7.0,0,GAGG,GAGG,even,odd,mc_gagg_eo,1,5,5,361,1458,5
2995,3,11,11,-18.9,14.7,7.0,1,K9,K9_V1_PROXY,odd,odd,mc_k9_oo,1,5,5,361,,
2996,4,11,11,-14.7,14.7,7.0,0,GAGG,GAGG,even,odd,mc_gagg_eo,2,5,5,362,1460,5
2997,5,11,11,-10.5,14.7,7.0,1,K9,K9_V1_PROXY,odd,odd,mc_k9_oo,2,5,5,362,,
2998,6,11,11,-6.3,14.7,7.0,0,GAGG,GAGG,even,odd,mc_gagg_eo,3,5,5,363,1462,5
2999,7,11,11,-2.1,14.7,7.0,1,K9,K9_V1_PROXY,odd,odd,mc_k9_oo,3,5,5,363,,
3000,8,11,11,2.1,14.7,7.0,0,GAGG,GAGG,even,odd,mc_gagg_eo,4,5,5,364,1464,5
3001,9,11,11,6.3,14.7,7.0,1,K9,K9_V1_PROXY,odd,odd,mc_k9_oo,4,5,5,364,,
3002,10,11,11,10.5,14.7,7.0,0,GAGG,GAGG,even,odd,mc_gagg_eo,5,5,5,365,1466,5
3003,11,11,11,14.7,14.7,7.0,1,K9,K9_V1_PROXY,odd,odd,mc_k9_oo,5,5,5,365,,
3004,12,11,11,18.9,14.7,7.0,0,GAGG,GAGG,even,odd,mc_gagg_eo,6,5,5,366,1468,5
3005,13,11,11,23.1,14.7,7.0,1,K9,K9_V1_PROXY,odd,odd,mc_k9_oo,6,5,5,366,,
3006,14,11,11,27.3,14.7,7.0,0,GAGG,GAGG,even,odd,mc_gagg_eo,7,5,5,367,1470,5
3007,15,11,11,31.5,14.7,7.0,1,K9,K9_V1_PROXY,odd,odd,mc_k9_oo,7,5,5,367,,
3008,0,12,11,-31.5,18.9,7.0,1,K9,K9_V1_PROXY,even,even,mc_k9_ee,0,6,5,368,,
3009,1,12,11,-27.3,18.9,7.0,0,GAGG,GAGG,odd,even,mc_gagg_oe,0,6,5,368,1473,5
3010,2,12,11,-23.1,18.9,7.0,1,K9,K9_V1_PROXY,even,even,mc_k9_ee,1,6,5,369,,
3011,3,12,11,-18.9,18.9,7.0,0,GAGG,GAGG,odd,even,mc_gagg_oe,1,6,5,369,1475,5
3012,4,12,11,-14.7,18.9,7.0,1,K9,K9_V1_PROXY,even,even,mc_k9_ee,2,6,5,370,,
3013,5,12,11,-10.5,18.9,7.0,0,GAGG,GAGG,odd,even,mc_gagg_oe,2,6,5,370,1477,5
3014,6,12,11,-6.3,18.9,7.0,1,K9,K9_V1_PROXY,even,even,mc_k9_ee,3,6,5,371,,
3015,7,12,11,-2.1,18.9,7.0,0,GAGG,GAGG,odd,even,mc_gagg_oe,3,6,5,371,1479,5
3016,8,12,11,2.1,18.9,7.0,1,K9,K9_V1_PROXY,even,even,mc_k9_ee,4,6,5,372,,
3017,9,12,11,6.3,18.9,7.0,0,GAGG,GAGG,odd,even,mc_gagg_oe,4,6,5,372,1481,5
3018,10,12,11,10.5,18.9,7.0,1,K9,K9_V1_PROXY,even,even,mc_k9_ee,5,6,5,373,,
3019,11,12,11,14.7,18.9,7.0,0,GAGG,GAGG,odd,even,mc_gagg_oe,5,6,5,373,1483,5
3020,12,12,11,18.9,18.9,7.0,1,K9,K9_V1_PROXY,even,even,mc_k9_ee,6,6,5,374,,
3021,13,12,11,23.1,18.9,7.0,0,GAGG,GAGG,odd,even,mc_gagg_oe,6,6,5,374,1485,5
3022,14,12,11,27.3,18.9,7.0,1,K9,K9_V1_PROXY,even,even,mc_k9_ee,7,6,5,375,,
3023,15,12,11,31.5,18.9,7.0,0,GAGG,GAGG,odd,even,mc_gagg_oe,7,6,5,375,1487,5
3024,0,13,11,-31.5,23.1,7.0,0,GAGG,GAGG,even,odd,mc_gagg_eo,0,6,5,368,1488,5
3025,1,13,11,-27.3,23.1,7.0,1,K9,K9_V1_PROXY,odd,odd,mc_k9_oo,0,6,5,368,,
3026,2,13,11,-23.1,23.1,7.0,0,GAGG,GAGG,even,odd,mc_gagg_eo,1,6,5,369,1490,5
3027,3,13,11,-18.9,23.1,7.0,1,K9,K9_V1_PROXY,odd,odd,mc_k9_oo,1,6,5,369,,
3028,4,13,11,-14.7,23.1,7.0,0,GAGG,GAGG,even,odd,mc_gagg_eo,2,6,5,370,1492,5
3029,5,13,11,-10.5,23.1,7.0,1,K9,K9_V1_PROXY,odd,odd,mc_k9_oo,2,6,5,370,,
3030,6,13,11,-6.3,23.1,7.0,0,GAGG,GAGG,even,odd,mc_gagg_eo,3,6,5,371,1494,5
3031,7,13,11,-2.1,23.1,7.0,1,K9,K9_V1_PROXY,odd,odd,mc_k9_oo,3,6,5,371,,
3032,8,13,11,2.1,23.1,7.0,0,GAGG,GAGG,even,odd,mc_gagg_eo,4,6,5,372,1496,5
3033,9,13,11,6.3,23.1,7.0,1,K9,K9_V1_PROXY,odd,odd,mc_k9_oo,4,6,5,372,,
3034,10,13,11,10.5,23.1,7.0,0,GAGG,GAGG,even,odd,mc_gagg_eo,5,6,5,373,1498,5
3035,11,13,11,14.7,23.1,7.0,1,K9,K9_V1_PROXY,odd,odd,mc_k9_oo,5,6,5,373,,
3036,12,13,11,18.9,23.1,7.0,0,GAGG,GAGG,even,odd,mc_gagg_eo,6,6,5,374,1500,5
3037,13,13,11,23.1,23.1,7.0,1,K9,K9_V1_PROXY,odd,odd,mc_k9_oo,6,6,5,374,,
3038,14,13,11,27.3,23.1,7.0,0,GAGG,GAGG,even,odd,mc_gagg_eo,7,6,5,375,1502,5
3039,15,13,11,31.5,23.1,7.0,1,K9,K9_V1_PROXY,odd,odd,mc_k9_oo,7,6,5,375,,
3040,0,14,11,-31.5,27.3,7.0,1,K9,K9_V1_PROXY,even,even,mc_k9_ee,0,7,5,376,,
3041,1,14,11,-27.3,27.3,7.0,0,GAGG,GAGG,odd,even,mc_gagg_oe,0,7,5,376,1505,5
3042,2,14,11,-23.1,27.3,7.0,1,K9,K9_V1_PROXY,even,even,mc_k9_ee,1,7,5,377,,
3043,3,14,11,-18.9,27.3,7.0,0,GAGG,GAGG,odd,even,mc_gagg_oe,1,7,5,377,1507,5
3044,4,14,11,-14.7,27.3,7.0,1,K9,K9_V1_PROXY,even,even,mc_k9_ee,2,7,5,378,,
3045,5,14,11,-10.5,27.3,7.0,0,GAGG,GAGG,odd,even,mc_gagg_oe,2,7,5,378,1509,5
3046,6,14,11,-6.3,27.3,7.0,1,K9,K9_V1_PROXY,even,even,mc_k9_ee,3,7,5,379,,
3047,7,14,11,-2.1,27.3,7.0,0,GAGG,GAGG,odd,even,mc_gagg_oe,3,7,5,379,1511,5
3048,8,14,11,2.1,27.3,7.0,1,K9,K9_V1_PROXY,even,even,mc_k9_ee,4,7,5,380,,
3049,9,14,11,6.3,27.3,7.0,0,GAGG,GAGG,odd,even,mc_gagg_oe,4,7,5,380,1513,5
3050,10,14,11,10.5,27.3,7.0,1,K9,K9_V1_PROXY,even,even,mc_k9_ee,5,7,5,381,,
3051,11,14,11,14.7,27.3,7.0,0,GAGG,GAGG,odd,even,mc_gagg_oe,5,7,5,381,1515,5
3052,12,14,11,18.9,27.3,7.0,1,K9,K9_V1_PROXY,even,even,mc_k9_ee,6,7,5,382,,
3053,13,14,11,23.1,27.3,7.0,0,GAGG,GAGG,odd,even,mc_gagg_oe,6,7,5,382,1517,5
3054,14,14,11,27.3,27.3,7.0,1,K9,K9_V1_PROXY,even,even,mc_k9_ee,7,7,5,383,,
3055,15,14,11,31.5,27.3,7.0,0,GAGG,GAGG,odd,even,mc_gagg_oe,7,7,5,383,1519,5
3056,0,15,11,-31.5,31.5,7.0,0,GAGG,GAGG,even,odd,mc_gagg_eo,0,7,5,376,1520,5
3057,1,15,11,-27.3,31.5,7.0,1,K9,K9_V1_PROXY,odd,odd,mc_k9_oo,0,7,5,376,,
3058,2,15,11,-23.1,31.5,7.0,0,GAGG,GAGG,even,odd,mc_gagg_eo,1,7,5,377,1522,5
3059,3,15,11,-18.9,31.5,7.0,1,K9,K9_V1_PROXY,odd,odd,mc_k9_oo,1,7,5,377,,
3060,4,15,11,-14.7,31.5,7.0,0,GAGG,GAGG,even,odd,mc_gagg_eo,2,7,5,378,1524,5
3061,5,15,11,-10.5,31.5,7.0,1,K9,K9_V1_PROXY,odd,odd,mc_k9_oo,2,7,5,378,,
3062,6,15,11,-6.3,31.5,7.0,0,GAGG,GAGG,even,odd,mc_gagg_eo,3,7,5,379,1526,5
3063,7,15,11,-2.1,31.5,7.0,1,K9,K9_V1_PROXY,odd,odd,mc_k9_oo,3,7,5,379,,
3064,8,15,11,2.1,31.5,7.0,0,GAGG,GAGG,even,odd,mc_gagg_eo,4,7,5,380,1528,5
3065,9,15,11,6.3,31.5,7.0,1,K9,K9_V1_PROXY,odd,odd,mc_k9_oo,4,7,5,380,,
3066,10,15,11,10.5,31.5,7.0,0,GAGG,GAGG,even,odd,mc_gagg_eo,5,7,5,381,1530,5
3067,11,15,11,14.7,31.5,7.0,1,K9,K9_V1_PROXY,odd,odd,mc_k9_oo,5,7,5,381,,
3068,12,15,11,18.9,31.5,7.0,0,GAGG,GAGG,even,odd,mc_gagg_eo,6,7,5,382,1532,5
3069,13,15,11,23.1,31.5,7.0,1,K9,K9_V1_PROXY,odd,odd,mc_k9_oo,6,7,5,382,,
3070,14,15,11,27.3,31.5,7.0,0,GAGG,GAGG,even,odd,mc_gagg_eo,7,7,5,383,1534,5
3071,15,15,11,31.5,31.5,7.0,1,K9,K9_V1_PROXY,odd,odd,mc_k9_oo,7,7,5,383,,
3072,0,0,12,-31.5,-31.5,9.0,0,GAGG,GAGG,even,even,mc_gagg_ee,0,0,6,384,1536,6
3073,1,0,12,-27.3,-31.5,9.0,1,K9,K9_V1_PROXY,odd,even,mc_k9_oe,0,0,6,384,,
3074,2,0,12,-23.1,-31.5,9.0,0,GAGG,GAGG,even,even,mc_gagg_ee,1,0,6,385,1538,6
3075,3,0,12,-18.9,-31.5,9.0,1,K9,K9_V1_PROXY,odd,even,mc_k9_oe,1,0,6,385,,
3076,4,0,12,-14.7,-31.5,9.0,0,GAGG,GAGG,even,even,mc_gagg_ee,2,0,6,386,1540,6
3077,5,0,12,-10.5,-31.5,9.0,1,K9,K9_V1_PROXY,odd,even,mc_k9_oe,2,0,6,386,,
3078,6,0,12,-6.3,-31.5,9.0,0,GAGG,GAGG,even,even,mc_gagg_ee,3,0,6,387,1542,6
3079,7,0,12,-2.1,-31.5,9.0,1,K9,K9_V1_PROXY,odd,even,mc_k9_oe,3,0,6,387,,
3080,8,0,12,2.1,-31.5,9.0,0,GAGG,GAGG,even,even,mc_gagg_ee,4,0,6,388,1544,6
3081,9,0,12,6.3,-31.5,9.0,1,K9,K9_V1_PROXY,odd,even,mc_k9_oe,4,0,6,388,,
3082,10,0,12,10.5,-31.5,9.0,0,GAGG,GAGG,even,even,mc_gagg_ee,5,0,6,389,1546,6
3083,11,0,12,14.7,-31.5,9.0,1,K9,K9_V1_PROXY,odd,even,mc_k9_oe,5,0,6,389,,
3084,12,0,12,18.9,-31.5,9.0,0,GAGG,GAGG,even,even,mc_gagg_ee,6,0,6,390,1548,6
3085,13,0,12,23.1,-31.5,9.0,1,K9,K9_V1_PROXY,odd,even,mc_k9_oe,6,0,6,390,,
3086,14,0,12,27.3,-31.5,9.0,0,GAGG,GAGG,even,even,mc_gagg_ee,7,0,6,391,1550,6
3087,15,0,12,31.5,-31.5,9.0,1,K9,K9_V1_PROXY,odd,even,mc_k9_oe,7,0,6,391,,
3088,0,1,12,-31.5,-27.3,9.0,1,K9,K9_V1_PROXY,even,odd,mc_k9_eo,0,0,6,384,,
3089,1,1,12,-27.3,-27.3,9.0,0,GAGG,GAGG,odd,odd,mc_gagg_oo,0,0,6,384,1553,6
3090,2,1,12,-23.1,-27.3,9.0,1,K9,K9_V1_PROXY,even,odd,mc_k9_eo,1,0,6,385,,
3091,3,1,12,-18.9,-27.3,9.0,0,GAGG,GAGG,odd,odd,mc_gagg_oo,1,0,6,385,1555,6
3092,4,1,12,-14.7,-27.3,9.0,1,K9,K9_V1_PROXY,even,odd,mc_k9_eo,2,0,6,386,,
3093,5,1,12,-10.5,-27.3,9.0,0,GAGG,GAGG,odd,odd,mc_gagg_oo,2,0,6,386,1557,6
3094,6,1,12,-6.3,-27.3,9.0,1,K9,K9_V1_PROXY,even,odd,mc_k9_eo,3,0,6,387,,
3095,7,1,12,-2.1,-27.3,9.0,0,GAGG,GAGG,odd,odd,mc_gagg_oo,3,0,6,387,1559,6
3096,8,1,12,2.1,-27.3,9.0,1,K9,K9_V1_PROXY,even,odd,mc_k9_eo,4,0,6,388,,
3097,9,1,12,6.3,-27.3,9.0,0,GAGG,GAGG,odd,odd,mc_gagg_oo,4,0,6,388,1561,6
3098,10,1,12,10.5,-27.3,9.0,1,K9,K9_V1_PROXY,even,odd,mc_k9_eo,5,0,6,389,,
3099,11,1,12,14.7,-27.3,9.0,0,GAGG,GAGG,odd,odd,mc_gagg_oo,5,0,6,389,1563,6
3100,12,1,12,18.9,-27.3,9.0,1,K9,K9_V1_PROXY,even,odd,mc_k9_eo,6,0,6,390,,
3101,13,1,12,23.1,-27.3,9.0,0,GAGG,GAGG,odd,odd,mc_gagg_oo,6,0,6,390,1565,6
3102,14,1,12,27.3,-27.3,9.0,1,K9,K9_V1_PROXY,even,odd,mc_k9_eo,7,0,6,391,,
3103,15,1,12,31.5,-27.3,9.0,0,GAGG,GAGG,odd,odd,mc_gagg_oo,7,0,6,391,1567,6
3104,0,2,12,-31.5,-23.1,9.0,0,GAGG,GAGG,even,even,mc_gagg_ee,0,1,6,392,1568,6
3105,1,2,12,-27.3,-23.1,9.0,1,K9,K9_V1_PROXY,odd,even,mc_k9_oe,0,1,6,392,,
3106,2,2,12,-23.1,-23.1,9.0,0,GAGG,GAGG,even,even,mc_gagg_ee,1,1,6,393,1570,6
3107,3,2,12,-18.9,-23.1,9.0,1,K9,K9_V1_PROXY,odd,even,mc_k9_oe,1,1,6,393,,
3108,4,2,12,-14.7,-23.1,9.0,0,GAGG,GAGG,even,even,mc_gagg_ee,2,1,6,394,1572,6
3109,5,2,12,-10.5,-23.1,9.0,1,K9,K9_V1_PROXY,odd,even,mc_k9_oe,2,1,6,394,,
3110,6,2,12,-6.3,-23.1,9.0,0,GAGG,GAGG,even,even,mc_gagg_ee,3,1,6,395,1574,6
3111,7,2,12,-2.1,-23.1,9.0,1,K9,K9_V1_PROXY,odd,even,mc_k9_oe,3,1,6,395,,
3112,8,2,12,2.1,-23.1,9.0,0,GAGG,GAGG,even,even,mc_gagg_ee,4,1,6,396,1576,6
3113,9,2,12,6.3,-23.1,9.0,1,K9,K9_V1_PROXY,odd,even,mc_k9_oe,4,1,6,396,,
3114,10,2,12,10.5,-23.1,9.0,0,GAGG,GAGG,even,even,mc_gagg_ee,5,1,6,397,1578,6
3115,11,2,12,14.7,-23.1,9.0,1,K9,K9_V1_PROXY,odd,even,mc_k9_oe,5,1,6,397,,
3116,12,2,12,18.9,-23.1,9.0,0,GAGG,GAGG,even,even,mc_gagg_ee,6,1,6,398,1580,6
3117,13,2,12,23.1,-23.1,9.0,1,K9,K9_V1_PROXY,odd,even,mc_k9_oe,6,1,6,398,,
3118,14,2,12,27.3,-23.1,9.0,0,GAGG,GAGG,even,even,mc_gagg_ee,7,1,6,399,1582,6
3119,15,2,12,31.5,-23.1,9.0,1,K9,K9_V1_PROXY,odd,even,mc_k9_oe,7,1,6,399,,
3120,0,3,12,-31.5,-18.9,9.0,1,K9,K9_V1_PROXY,even,odd,mc_k9_eo,0,1,6,392,,
3121,1,3,12,-27.3,-18.9,9.0,0,GAGG,GAGG,odd,odd,mc_gagg_oo,0,1,6,392,1585,6
3122,2,3,12,-23.1,-18.9,9.0,1,K9,K9_V1_PROXY,even,odd,mc_k9_eo,1,1,6,393,,
3123,3,3,12,-18.9,-18.9,9.0,0,GAGG,GAGG,odd,odd,mc_gagg_oo,1,1,6,393,1587,6
3124,4,3,12,-14.7,-18.9,9.0,1,K9,K9_V1_PROXY,even,odd,mc_k9_eo,2,1,6,394,,
3125,5,3,12,-10.5,-18.9,9.0,0,GAGG,GAGG,odd,odd,mc_gagg_oo,2,1,6,394,1589,6
3126,6,3,12,-6.3,-18.9,9.0,1,K9,K9_V1_PROXY,even,odd,mc_k9_eo,3,1,6,395,,
3127,7,3,12,-2.1,-18.9,9.0,0,GAGG,GAGG,odd,odd,mc_gagg_oo,3,1,6,395,1591,6
3128,8,3,12,2.1,-18.9,9.0,1,K9,K9_V1_PROXY,even,odd,mc_k9_eo,4,1,6,396,,
3129,9,3,12,6.3,-18.9,9.0,0,GAGG,GAGG,odd,odd,mc_gagg_oo,4,1,6,396,1593,6
3130,10,3,12,10.5,-18.9,9.0,1,K9,K9_V1_PROXY,even,odd,mc_k9_eo,5,1,6,397,,
3131,11,3,12,14.7,-18.9,9.0,0,GAGG,GAGG,odd,odd,mc_gagg_oo,5,1,6,397,1595,6
3132,12,3,12,18.9,-18.9,9.0,1,K9,K9_V1_PROXY,even,odd,mc_k9_eo,6,1,6,398,,
3133,13,3,12,23.1,-18.9,9.0,0,GAGG,GAGG,odd,odd,mc_gagg_oo,6,1,6,398,1597,6
3134,14,3,12,27.3,-18.9,9.0,1,K9,K9_V1_PROXY,even,odd,mc_k9_eo,7,1,6,399,,
3135,15,3,12,31.5,-18.9,9.0,0,GAGG,GAGG,odd,odd,mc_gagg_oo,7,1,6,399,1599,6
3136,0,4,12,-31.5,-14.7,9.0,0,GAGG,GAGG,even,even,mc_gagg_ee,0,2,6,400,1600,6
3137,1,4,12,-27.3,-14.7,9.0,1,K9,K9_V1_PROXY,odd,even,mc_k9_oe,0,2,6,400,,
3138,2,4,12,-23.1,-14.7,9.0,0,GAGG,GAGG,even,even,mc_gagg_ee,1,2,6,401,1602,6
3139,3,4,12,-18.9,-14.7,9.0,1,K9,K9_V1_PROXY,odd,even,mc_k9_oe,1,2,6,401,,
3140,4,4,12,-14.7,-14.7,9.0,0,GAGG,GAGG,even,even,mc_gagg_ee,2,2,6,402,1604,6
3141,5,4,12,-10.5,-14.7,9.0,1,K9,K9_V1_PROXY,odd,even,mc_k9_oe,2,2,6,402,,
3142,6,4,12,-6.3,-14.7,9.0,0,GAGG,GAGG,even,even,mc_gagg_ee,3,2,6,403,1606,6
3143,7,4,12,-2.1,-14.7,9.0,1,K9,K9_V1_PROXY,odd,even,mc_k9_oe,3,2,6,403,,
3144,8,4,12,2.1,-14.7,9.0,0,GAGG,GAGG,even,even,mc_gagg_ee,4,2,6,404,1608,6
3145,9,4,12,6.3,-14.7,9.0,1,K9,K9_V1_PROXY,odd,even,mc_k9_oe,4,2,6,404,,
3146,10,4,12,10.5,-14.7,9.0,0,GAGG,GAGG,even,even,mc_gagg_ee,5,2,6,405,1610,6
3147,11,4,12,14.7,-14.7,9.0,1,K9,K9_V1_PROXY,odd,even,mc_k9_oe,5,2,6,405,,
3148,12,4,12,18.9,-14.7,9.0,0,GAGG,GAGG,even,even,mc_gagg_ee,6,2,6,406,1612,6
3149,13,4,12,23.1,-14.7,9.0,1,K9,K9_V1_PROXY,odd,even,mc_k9_oe,6,2,6,406,,
3150,14,4,12,27.3,-14.7,9.0,0,GAGG,GAGG,even,even,mc_gagg_ee,7,2,6,407,1614,6
3151,15,4,12,31.5,-14.7,9.0,1,K9,K9_V1_PROXY,odd,even,mc_k9_oe,7,2,6,407,,
3152,0,5,12,-31.5,-10.5,9.0,1,K9,K9_V1_PROXY,even,odd,mc_k9_eo,0,2,6,400,,
3153,1,5,12,-27.3,-10.5,9.0,0,GAGG,GAGG,odd,odd,mc_gagg_oo,0,2,6,400,1617,6
3154,2,5,12,-23.1,-10.5,9.0,1,K9,K9_V1_PROXY,even,odd,mc_k9_eo,1,2,6,401,,
3155,3,5,12,-18.9,-10.5,9.0,0,GAGG,GAGG,odd,odd,mc_gagg_oo,1,2,6,401,1619,6
3156,4,5,12,-14.7,-10.5,9.0,1,K9,K9_V1_PROXY,even,odd,mc_k9_eo,2,2,6,402,,
3157,5,5,12,-10.5,-10.5,9.0,0,GAGG,GAGG,odd,odd,mc_gagg_oo,2,2,6,402,1621,6
3158,6,5,12,-6.3,-10.5,9.0,1,K9,K9_V1_PROXY,even,odd,mc_k9_eo,3,2,6,403,,
3159,7,5,12,-2.1,-10.5,9.0,0,GAGG,GAGG,odd,odd,mc_gagg_oo,3,2,6,403,1623,6
3160,8,5,12,2.1,-10.5,9.0,1,K9,K9_V1_PROXY,even,odd,mc_k9_eo,4,2,6,404,,
3161,9,5,12,6.3,-10.5,9.0,0,GAGG,GAGG,odd,odd,mc_gagg_oo,4,2,6,404,1625,6
3162,10,5,12,10.5,-10.5,9.0,1,K9,K9_V1_PROXY,even,odd,mc_k9_eo,5,2,6,405,,
3163,11,5,12,14.7,-10.5,9.0,0,GAGG,GAGG,odd,odd,mc_gagg_oo,5,2,6,405,1627,6
3164,12,5,12,18.9,-10.5,9.0,1,K9,K9_V1_PROXY,even,odd,mc_k9_eo,6,2,6,406,,
3165,13,5,12,23.1,-10.5,9.0,0,GAGG,GAGG,odd,odd,mc_gagg_oo,6,2,6,406,1629,6
3166,14,5,12,27.3,-10.5,9.0,1,K9,K9_V1_PROXY,even,odd,mc_k9_eo,7,2,6,407,,
3167,15,5,12,31.5,-10.5,9.0,0,GAGG,GAGG,odd,odd,mc_gagg_oo,7,2,6,407,1631,6
3168,0,6,12,-31.5,-6.3,9.0,0,GAGG,GAGG,even,even,mc_gagg_ee,0,3,6,408,1632,6
3169,1,6,12,-27.3,-6.3,9.0,1,K9,K9_V1_PROXY,odd,even,mc_k9_oe,0,3,6,408,,
3170,2,6,12,-23.1,-6.3,9.0,0,GAGG,GAGG,even,even,mc_gagg_ee,1,3,6,409,1634,6
3171,3,6,12,-18.9,-6.3,9.0,1,K9,K9_V1_PROXY,odd,even,mc_k9_oe,1,3,6,409,,
3172,4,6,12,-14.7,-6.3,9.0,0,GAGG,GAGG,even,even,mc_gagg_ee,2,3,6,410,1636,6
3173,5,6,12,-10.5,-6.3,9.0,1,K9,K9_V1_PROXY,odd,even,mc_k9_oe,2,3,6,410,,
3174,6,6,12,-6.3,-6.3,9.0,0,GAGG,GAGG,even,even,mc_gagg_ee,3,3,6,411,1638,6
3175,7,6,12,-2.1,-6.3,9.0,1,K9,K9_V1_PROXY,odd,even,mc_k9_oe,3,3,6,411,,
3176,8,6,12,2.1,-6.3,9.0,0,GAGG,GAGG,even,even,mc_gagg_ee,4,3,6,412,1640,6
3177,9,6,12,6.3,-6.3,9.0,1,K9,K9_V1_PROXY,odd,even,mc_k9_oe,4,3,6,412,,
3178,10,6,12,10.5,-6.3,9.0,0,GAGG,GAGG,even,even,mc_gagg_ee,5,3,6,413,1642,6
3179,11,6,12,14.7,-6.3,9.0,1,K9,K9_V1_PROXY,odd,even,mc_k9_oe,5,3,6,413,,
3180,12,6,12,18.9,-6.3,9.0,0,GAGG,GAGG,even,even,mc_gagg_ee,6,3,6,414,1644,6
3181,13,6,12,23.1,-6.3,9.0,1,K9,K9_V1_PROXY,odd,even,mc_k9_oe,6,3,6,414,,
3182,14,6,12,27.3,-6.3,9.0,0,GAGG,GAGG,even,even,mc_gagg_ee,7,3,6,415,1646,6
3183,15,6,12,31.5,-6.3,9.0,1,K9,K9_V1_PROXY,odd,even,mc_k9_oe,7,3,6,415,,
3184,0,7,12,-31.5,-2.1,9.0,1,K9,K9_V1_PROXY,even,odd,mc_k9_eo,0,3,6,408,,
3185,1,7,12,-27.3,-2.1,9.0,0,GAGG,GAGG,odd,odd,mc_gagg_oo,0,3,6,408,1649,6
3186,2,7,12,-23.1,-2.1,9.0,1,K9,K9_V1_PROXY,even,odd,mc_k9_eo,1,3,6,409,,
3187,3,7,12,-18.9,-2.1,9.0,0,GAGG,GAGG,odd,odd,mc_gagg_oo,1,3,6,409,1651,6
3188,4,7,12,-14.7,-2.1,9.0,1,K9,K9_V1_PROXY,even,odd,mc_k9_eo,2,3,6,410,,
3189,5,7,12,-10.5,-2.1,9.0,0,GAGG,GAGG,odd,odd,mc_gagg_oo,2,3,6,410,1653,6
3190,6,7,12,-6.3,-2.1,9.0,1,K9,K9_V1_PROXY,even,odd,mc_k9_eo,3,3,6,411,,
3191,7,7,12,-2.1,-2.1,9.0,0,GAGG,GAGG,odd,odd,mc_gagg_oo,3,3,6,411,1655,6
3192,8,7,12,2.1,-2.1,9.0,1,K9,K9_V1_PROXY,even,odd,mc_k9_eo,4,3,6,412,,
3193,9,7,12,6.3,-2.1,9.0,0,GAGG,GAGG,odd,odd,mc_gagg_oo,4,3,6,412,1657,6
3194,10,7,12,10.5,-2.1,9.0,1,K9,K9_V1_PROXY,even,odd,mc_k9_eo,5,3,6,413,,
3195,11,7,12,14.7,-2.1,9.0,0,GAGG,GAGG,odd,odd,mc_gagg_oo,5,3,6,413,1659,6
3196,12,7,12,18.9,-2.1,9.0,1,K9,K9_V1_PROXY,even,odd,mc_k9_eo,6,3,6,414,,
3197,13,7,12,23.1,-2.1,9.0,0,GAGG,GAGG,odd,odd,mc_gagg_oo,6,3,6,414,1661,6
3198,14,7,12,27.3,-2.1,9.0,1,K9,K9_V1_PROXY,even,odd,mc_k9_eo,7,3,6,415,,
3199,15,7,12,31.5,-2.1,9.0,0,GAGG,GAGG,odd,odd,mc_gagg_oo,7,3,6,415,1663,6
3200,0,8,12,-31.5,2.1,9.0,0,GAGG,GAGG,even,even,mc_gagg_ee,0,4,6,416,1664,6
3201,1,8,12,-27.3,2.1,9.0,1,K9,K9_V1_PROXY,odd,even,mc_k9_oe,0,4,6,416,,
3202,2,8,12,-23.1,2.1,9.0,0,GAGG,GAGG,even,even,mc_gagg_ee,1,4,6,417,1666,6
3203,3,8,12,-18.9,2.1,9.0,1,K9,K9_V1_PROXY,odd,even,mc_k9_oe,1,4,6,417,,
3204,4,8,12,-14.7,2.1,9.0,0,GAGG,GAGG,even,even,mc_gagg_ee,2,4,6,418,1668,6
3205,5,8,12,-10.5,2.1,9.0,1,K9,K9_V1_PROXY,odd,even,mc_k9_oe,2,4,6,418,,
3206,6,8,12,-6.3,2.1,9.0,0,GAGG,GAGG,even,even,mc_gagg_ee,3,4,6,419,1670,6
3207,7,8,12,-2.1,2.1,9.0,1,K9,K9_V1_PROXY,odd,even,mc_k9_oe,3,4,6,419,,
3208,8,8,12,2.1,2.1,9.0,0,GAGG,GAGG,even,even,mc_gagg_ee,4,4,6,420,1672,6
3209,9,8,12,6.3,2.1,9.0,1,K9,K9_V1_PROXY,odd,even,mc_k9_oe,4,4,6,420,,
3210,10,8,12,10.5,2.1,9.0,0,GAGG,GAGG,even,even,mc_gagg_ee,5,4,6,421,1674,6
3211,11,8,12,14.7,2.1,9.0,1,K9,K9_V1_PROXY,odd,even,mc_k9_oe,5,4,6,421,,
3212,12,8,12,18.9,2.1,9.0,0,GAGG,GAGG,even,even,mc_gagg_ee,6,4,6,422,1676,6
3213,13,8,12,23.1,2.1,9.0,1,K9,K9_V1_PROXY,odd,even,mc_k9_oe,6,4,6,422,,
3214,14,8,12,27.3,2.1,9.0,0,GAGG,GAGG,even,even,mc_gagg_ee,7,4,6,423,1678,6
3215,15,8,12,31.5,2.1,9.0,1,K9,K9_V1_PROXY,odd,even,mc_k9_oe,7,4,6,423,,
3216,0,9,12,-31.5,6.3,9.0,1,K9,K9_V1_PROXY,even,odd,mc_k9_eo,0,4,6,416,,
3217,1,9,12,-27.3,6.3,9.0,0,GAGG,GAGG,odd,odd,mc_gagg_oo,0,4,6,416,1681,6
3218,2,9,12,-23.1,6.3,9.0,1,K9,K9_V1_PROXY,even,odd,mc_k9_eo,1,4,6,417,,
3219,3,9,12,-18.9,6.3,9.0,0,GAGG,GAGG,odd,odd,mc_gagg_oo,1,4,6,417,1683,6
3220,4,9,12,-14.7,6.3,9.0,1,K9,K9_V1_PROXY,even,odd,mc_k9_eo,2,4,6,418,,
3221,5,9,12,-10.5,6.3,9.0,0,GAGG,GAGG,odd,odd,mc_gagg_oo,2,4,6,418,1685,6
3222,6,9,12,-6.3,6.3,9.0,1,K9,K9_V1_PROXY,even,odd,mc_k9_eo,3,4,6,419,,
3223,7,9,12,-2.1,6.3,9.0,0,GAGG,GAGG,odd,odd,mc_gagg_oo,3,4,6,419,1687,6
3224,8,9,12,2.1,6.3,9.0,1,K9,K9_V1_PROXY,even,odd,mc_k9_eo,4,4,6,420,,
3225,9,9,12,6.3,6.3,9.0,0,GAGG,GAGG,odd,odd,mc_gagg_oo,4,4,6,420,1689,6
3226,10,9,12,10.5,6.3,9.0,1,K9,K9_V1_PROXY,even,odd,mc_k9_eo,5,4,6,421,,
3227,11,9,12,14.7,6.3,9.0,0,GAGG,GAGG,odd,odd,mc_gagg_oo,5,4,6,421,1691,6
3228,12,9,12,18.9,6.3,9.0,1,K9,K9_V1_PROXY,even,odd,mc_k9_eo,6,4,6,422,,
3229,13,9,12,23.1,6.3,9.0,0,GAGG,GAGG,odd,odd,mc_gagg_oo,6,4,6,422,1693,6
3230,14,9,12,27.3,6.3,9.0,1,K9,K9_V1_PROXY,even,odd,mc_k9_eo,7,4,6,423,,
3231,15,9,12,31.5,6.3,9.0,0,GAGG,GAGG,odd,odd,mc_gagg_oo,7,4,6,423,1695,6
3232,0,10,12,-31.5,10.5,9.0,0,GAGG,GAGG,even,even,mc_gagg_ee,0,5,6,424,1696,6
3233,1,10,12,-27.3,10.5,9.0,1,K9,K9_V1_PROXY,odd,even,mc_k9_oe,0,5,6,424,,
3234,2,10,12,-23.1,10.5,9.0,0,GAGG,GAGG,even,even,mc_gagg_ee,1,5,6,425,1698,6
3235,3,10,12,-18.9,10.5,9.0,1,K9,K9_V1_PROXY,odd,even,mc_k9_oe,1,5,6,425,,
3236,4,10,12,-14.7,10.5,9.0,0,GAGG,GAGG,even,even,mc_gagg_ee,2,5,6,426,1700,6
3237,5,10,12,-10.5,10.5,9.0,1,K9,K9_V1_PROXY,odd,even,mc_k9_oe,2,5,6,426,,
3238,6,10,12,-6.3,10.5,9.0,0,GAGG,GAGG,even,even,mc_gagg_ee,3,5,6,427,1702,6
3239,7,10,12,-2.1,10.5,9.0,1,K9,K9_V1_PROXY,odd,even,mc_k9_oe,3,5,6,427,,
3240,8,10,12,2.1,10.5,9.0,0,GAGG,GAGG,even,even,mc_gagg_ee,4,5,6,428,1704,6
3241,9,10,12,6.3,10.5,9.0,1,K9,K9_V1_PROXY,odd,even,mc_k9_oe,4,5,6,428,,
3242,10,10,12,10.5,10.5,9.0,0,GAGG,GAGG,even,even,mc_gagg_ee,5,5,6,429,1706,6
3243,11,10,12,14.7,10.5,9.0,1,K9,K9_V1_PROXY,odd,even,mc_k9_oe,5,5,6,429,,
3244,12,10,12,18.9,10.5,9.0,0,GAGG,GAGG,even,even,mc_gagg_ee,6,5,6,430,1708,6
3245,13,10,12,23.1,10.5,9.0,1,K9,K9_V1_PROXY,odd,even,mc_k9_oe,6,5,6,430,,
3246,14,10,12,27.3,10.5,9.0,0,GAGG,GAGG,even,even,mc_gagg_ee,7,5,6,431,1710,6
3247,15,10,12,31.5,10.5,9.0,1,K9,K9_V1_PROXY,odd,even,mc_k9_oe,7,5,6,431,,
3248,0,11,12,-31.5,14.7,9.0,1,K9,K9_V1_PROXY,even,odd,mc_k9_eo,0,5,6,424,,
3249,1,11,12,-27.3,14.7,9.0,0,GAGG,GAGG,odd,odd,mc_gagg_oo,0,5,6,424,1713,6
3250,2,11,12,-23.1,14.7,9.0,1,K9,K9_V1_PROXY,even,odd,mc_k9_eo,1,5,6,425,,
3251,3,11,12,-18.9,14.7,9.0,0,GAGG,GAGG,odd,odd,mc_gagg_oo,1,5,6,425,1715,6
3252,4,11,12,-14.7,14.7,9.0,1,K9,K9_V1_PROXY,even,odd,mc_k9_eo,2,5,6,426,,
3253,5,11,12,-10.5,14.7,9.0,0,GAGG,GAGG,odd,odd,mc_gagg_oo,2,5,6,426,1717,6
3254,6,11,12,-6.3,14.7,9.0,1,K9,K9_V1_PROXY,even,odd,mc_k9_eo,3,5,6,427,,
3255,7,11,12,-2.1,14.7,9.0,0,GAGG,GAGG,odd,odd,mc_gagg_oo,3,5,6,427,1719,6
3256,8,11,12,2.1,14.7,9.0,1,K9,K9_V1_PROXY,even,odd,mc_k9_eo,4,5,6,428,,
3257,9,11,12,6.3,14.7,9.0,0,GAGG,GAGG,odd,odd,mc_gagg_oo,4,5,6,428,1721,6
3258,10,11,12,10.5,14.7,9.0,1,K9,K9_V1_PROXY,even,odd,mc_k9_eo,5,5,6,429,,
3259,11,11,12,14.7,14.7,9.0,0,GAGG,GAGG,odd,odd,mc_gagg_oo,5,5,6,429,1723,6
3260,12,11,12,18.9,14.7,9.0,1,K9,K9_V1_PROXY,even,odd,mc_k9_eo,6,5,6,430,,
3261,13,11,12,23.1,14.7,9.0,0,GAGG,GAGG,odd,odd,mc_gagg_oo,6,5,6,430,1725,6
3262,14,11,12,27.3,14.7,9.0,1,K9,K9_V1_PROXY,even,odd,mc_k9_eo,7,5,6,431,,
3263,15,11,12,31.5,14.7,9.0,0,GAGG,GAGG,odd,odd,mc_gagg_oo,7,5,6,431,1727,6
3264,0,12,12,-31.5,18.9,9.0,0,GAGG,GAGG,even,even,mc_gagg_ee,0,6,6,432,1728,6
3265,1,12,12,-27.3,18.9,9.0,1,K9,K9_V1_PROXY,odd,even,mc_k9_oe,0,6,6,432,,
3266,2,12,12,-23.1,18.9,9.0,0,GAGG,GAGG,even,even,mc_gagg_ee,1,6,6,433,1730,6
3267,3,12,12,-18.9,18.9,9.0,1,K9,K9_V1_PROXY,odd,even,mc_k9_oe,1,6,6,433,,
3268,4,12,12,-14.7,18.9,9.0,0,GAGG,GAGG,even,even,mc_gagg_ee,2,6,6,434,1732,6
3269,5,12,12,-10.5,18.9,9.0,1,K9,K9_V1_PROXY,odd,even,mc_k9_oe,2,6,6,434,,
3270,6,12,12,-6.3,18.9,9.0,0,GAGG,GAGG,even,even,mc_gagg_ee,3,6,6,435,1734,6
3271,7,12,12,-2.1,18.9,9.0,1,K9,K9_V1_PROXY,odd,even,mc_k9_oe,3,6,6,435,,
3272,8,12,12,2.1,18.9,9.0,0,GAGG,GAGG,even,even,mc_gagg_ee,4,6,6,436,1736,6
3273,9,12,12,6.3,18.9,9.0,1,K9,K9_V1_PROXY,odd,even,mc_k9_oe,4,6,6,436,,
3274,10,12,12,10.5,18.9,9.0,0,GAGG,GAGG,even,even,mc_gagg_ee,5,6,6,437,1738,6
3275,11,12,12,14.7,18.9,9.0,1,K9,K9_V1_PROXY,odd,even,mc_k9_oe,5,6,6,437,,
3276,12,12,12,18.9,18.9,9.0,0,GAGG,GAGG,even,even,mc_gagg_ee,6,6,6,438,1740,6
3277,13,12,12,23.1,18.9,9.0,1,K9,K9_V1_PROXY,odd,even,mc_k9_oe,6,6,6,438,,
3278,14,12,12,27.3,18.9,9.0,0,GAGG,GAGG,even,even,mc_gagg_ee,7,6,6,439,1742,6
3279,15,12,12,31.5,18.9,9.0,1,K9,K9_V1_PROXY,odd,even,mc_k9_oe,7,6,6,439,,
3280,0,13,12,-31.5,23.1,9.0,1,K9,K9_V1_PROXY,even,odd,mc_k9_eo,0,6,6,432,,
3281,1,13,12,-27.3,23.1,9.0,0,GAGG,GAGG,odd,odd,mc_gagg_oo,0,6,6,432,1745,6
3282,2,13,12,-23.1,23.1,9.0,1,K9,K9_V1_PROXY,even,odd,mc_k9_eo,1,6,6,433,,
3283,3,13,12,-18.9,23.1,9.0,0,GAGG,GAGG,odd,odd,mc_gagg_oo,1,6,6,433,1747,6
3284,4,13,12,-14.7,23.1,9.0,1,K9,K9_V1_PROXY,even,odd,mc_k9_eo,2,6,6,434,,
3285,5,13,12,-10.5,23.1,9.0,0,GAGG,GAGG,odd,odd,mc_gagg_oo,2,6,6,434,1749,6
3286,6,13,12,-6.3,23.1,9.0,1,K9,K9_V1_PROXY,even,odd,mc_k9_eo,3,6,6,435,,
3287,7,13,12,-2.1,23.1,9.0,0,GAGG,GAGG,odd,odd,mc_gagg_oo,3,6,6,435,1751,6
3288,8,13,12,2.1,23.1,9.0,1,K9,K9_V1_PROXY,even,odd,mc_k9_eo,4,6,6,436,,
3289,9,13,12,6.3,23.1,9.0,0,GAGG,GAGG,odd,odd,mc_gagg_oo,4,6,6,436,1753,6
3290,10,13,12,10.5,23.1,9.0,1,K9,K9_V1_PROXY,even,odd,mc_k9_eo,5,6,6,437,,
3291,11,13,12,14.7,23.1,9.0,0,GAGG,GAGG,odd,odd,mc_gagg_oo,5,6,6,437,1755,6
3292,12,13,12,18.9,23.1,9.0,1,K9,K9_V1_PROXY,even,odd,mc_k9_eo,6,6,6,438,,
3293,13,13,12,23.1,23.1,9.0,0,GAGG,GAGG,odd,odd,mc_gagg_oo,6,6,6,438,1757,6
3294,14,13,12,27.3,23.1,9.0,1,K9,K9_V1_PROXY,even,odd,mc_k9_eo,7,6,6,439,,
3295,15,13,12,31.5,23.1,9.0,0,GAGG,GAGG,odd,odd,mc_gagg_oo,7,6,6,439,1759,6
3296,0,14,12,-31.5,27.3,9.0,0,GAGG,GAGG,even,even,mc_gagg_ee,0,7,6,440,1760,6
3297,1,14,12,-27.3,27.3,9.0,1,K9,K9_V1_PROXY,odd,even,mc_k9_oe,0,7,6,440,,
3298,2,14,12,-23.1,27.3,9.0,0,GAGG,GAGG,even,even,mc_gagg_ee,1,7,6,441,1762,6
3299,3,14,12,-18.9,27.3,9.0,1,K9,K9_V1_PROXY,odd,even,mc_k9_oe,1,7,6,441,,
3300,4,14,12,-14.7,27.3,9.0,0,GAGG,GAGG,even,even,mc_gagg_ee,2,7,6,442,1764,6
3301,5,14,12,-10.5,27.3,9.0,1,K9,K9_V1_PROXY,odd,even,mc_k9_oe,2,7,6,442,,
3302,6,14,12,-6.3,27.3,9.0,0,GAGG,GAGG,even,even,mc_gagg_ee,3,7,6,443,1766,6
3303,7,14,12,-2.1,27.3,9.0,1,K9,K9_V1_PROXY,odd,even,mc_k9_oe,3,7,6,443,,
3304,8,14,12,2.1,27.3,9.0,0,GAGG,GAGG,even,even,mc_gagg_ee,4,7,6,444,1768,6
3305,9,14,12,6.3,27.3,9.0,1,K9,K9_V1_PROXY,odd,even,mc_k9_oe,4,7,6,444,,
3306,10,14,12,10.5,27.3,9.0,0,GAGG,GAGG,even,even,mc_gagg_ee,5,7,6,445,1770,6
3307,11,14,12,14.7,27.3,9.0,1,K9,K9_V1_PROXY,odd,even,mc_k9_oe,5,7,6,445,,
3308,12,14,12,18.9,27.3,9.0,0,GAGG,GAGG,even,even,mc_gagg_ee,6,7,6,446,1772,6
3309,13,14,12,23.1,27.3,9.0,1,K9,K9_V1_PROXY,odd,even,mc_k9_oe,6,7,6,446,,
3310,14,14,12,27.3,27.3,9.0,0,GAGG,GAGG,even,even,mc_gagg_ee,7,7,6,447,1774,6
3311,15,14,12,31.5,27.3,9.0,1,K9,K9_V1_PROXY,odd,even,mc_k9_oe,7,7,6,447,,
3312,0,15,12,-31.5,31.5,9.0,1,K9,K9_V1_PROXY,even,odd,mc_k9_eo,0,7,6,440,,
3313,1,15,12,-27.3,31.5,9.0,0,GAGG,GAGG,odd,odd,mc_gagg_oo,0,7,6,440,1777,6
3314,2,15,12,-23.1,31.5,9.0,1,K9,K9_V1_PROXY,even,odd,mc_k9_eo,1,7,6,441,,
3315,3,15,12,-18.9,31.5,9.0,0,GAGG,GAGG,odd,odd,mc_gagg_oo,1,7,6,441,1779,6
3316,4,15,12,-14.7,31.5,9.0,1,K9,K9_V1_PROXY,even,odd,mc_k9_eo,2,7,6,442,,
3317,5,15,12,-10.5,31.5,9.0,0,GAGG,GAGG,odd,odd,mc_gagg_oo,2,7,6,442,1781,6
3318,6,15,12,-6.3,31.5,9.0,1,K9,K9_V1_PROXY,even,odd,mc_k9_eo,3,7,6,443,,
3319,7,15,12,-2.1,31.5,9.0,0,GAGG,GAGG,odd,odd,mc_gagg_oo,3,7,6,443,1783,6
3320,8,15,12,2.1,31.5,9.0,1,K9,K9_V1_PROXY,even,odd,mc_k9_eo,4,7,6,444,,
3321,9,15,12,6.3,31.5,9.0,0,GAGG,GAGG,odd,odd,mc_gagg_oo,4,7,6,444,1785,6
3322,10,15,12,10.5,31.5,9.0,1,K9,K9_V1_PROXY,even,odd,mc_k9_eo,5,7,6,445,,
3323,11,15,12,14.7,31.5,9.0,0,GAGG,GAGG,odd,odd,mc_gagg_oo,5,7,6,445,1787,6
3324,12,15,12,18.9,31.5,9.0,1,K9,K9_V1_PROXY,even,odd,mc_k9_eo,6,7,6,446,,
3325,13,15,12,23.1,31.5,9.0,0,GAGG,GAGG,odd,odd,mc_gagg_oo,6,7,6,446,1789,6
3326,14,15,12,27.3,31.5,9.0,1,K9,K9_V1_PROXY,even,odd,mc_k9_eo,7,7,6,447,,
3327,15,15,12,31.5,31.5,9.0,0,GAGG,GAGG,odd,odd,mc_gagg_oo,7,7,6,447,1791,6
3328,0,0,13,-31.5,-31.5,11.0,1,K9,K9_V1_PROXY,even,even,mc_k9_ee,0,0,6,384,,
3329,1,0,13,-27.3,-31.5,11.0,0,GAGG,GAGG,odd,even,mc_gagg_oe,0,0,6,384,1537,6
3330,2,0,13,-23.1,-31.5,11.0,1,K9,K9_V1_PROXY,even,even,mc_k9_ee,1,0,6,385,,
3331,3,0,13,-18.9,-31.5,11.0,0,GAGG,GAGG,odd,even,mc_gagg_oe,1,0,6,385,1539,6
3332,4,0,13,-14.7,-31.5,11.0,1,K9,K9_V1_PROXY,even,even,mc_k9_ee,2,0,6,386,,
3333,5,0,13,-10.5,-31.5,11.0,0,GAGG,GAGG,odd,even,mc_gagg_oe,2,0,6,386,1541,6
3334,6,0,13,-6.3,-31.5,11.0,1,K9,K9_V1_PROXY,even,even,mc_k9_ee,3,0,6,387,,
3335,7,0,13,-2.1,-31.5,11.0,0,GAGG,GAGG,odd,even,mc_gagg_oe,3,0,6,387,1543,6
3336,8,0,13,2.1,-31.5,11.0,1,K9,K9_V1_PROXY,even,even,mc_k9_ee,4,0,6,388,,
3337,9,0,13,6.3,-31.5,11.0,0,GAGG,GAGG,odd,even,mc_gagg_oe,4,0,6,388,1545,6
3338,10,0,13,10.5,-31.5,11.0,1,K9,K9_V1_PROXY,even,even,mc_k9_ee,5,0,6,389,,
3339,11,0,13,14.7,-31.5,11.0,0,GAGG,GAGG,odd,even,mc_gagg_oe,5,0,6,389,1547,6
3340,12,0,13,18.9,-31.5,11.0,1,K9,K9_V1_PROXY,even,even,mc_k9_ee,6,0,6,390,,
3341,13,0,13,23.1,-31.5,11.0,0,GAGG,GAGG,odd,even,mc_gagg_oe,6,0,6,390,1549,6
3342,14,0,13,27.3,-31.5,11.0,1,K9,K9_V1_PROXY,even,even,mc_k9_ee,7,0,6,391,,
3343,15,0,13,31.5,-31.5,11.0,0,GAGG,GAGG,odd,even,mc_gagg_oe,7,0,6,391,1551,6
3344,0,1,13,-31.5,-27.3,11.0,0,GAGG,GAGG,even,odd,mc_gagg_eo,0,0,6,384,1552,6
3345,1,1,13,-27.3,-27.3,11.0,1,K9,K9_V1_PROXY,odd,odd,mc_k9_oo,0,0,6,384,,
3346,2,1,13,-23.1,-27.3,11.0,0,GAGG,GAGG,even,odd,mc_gagg_eo,1,0,6,385,1554,6
3347,3,1,13,-18.9,-27.3,11.0,1,K9,K9_V1_PROXY,odd,odd,mc_k9_oo,1,0,6,385,,
3348,4,1,13,-14.7,-27.3,11.0,0,GAGG,GAGG,even,odd,mc_gagg_eo,2,0,6,386,1556,6
3349,5,1,13,-10.5,-27.3,11.0,1,K9,K9_V1_PROXY,odd,odd,mc_k9_oo,2,0,6,386,,
3350,6,1,13,-6.3,-27.3,11.0,0,GAGG,GAGG,even,odd,mc_gagg_eo,3,0,6,387,1558,6
3351,7,1,13,-2.1,-27.3,11.0,1,K9,K9_V1_PROXY,odd,odd,mc_k9_oo,3,0,6,387,,
3352,8,1,13,2.1,-27.3,11.0,0,GAGG,GAGG,even,odd,mc_gagg_eo,4,0,6,388,1560,6
3353,9,1,13,6.3,-27.3,11.0,1,K9,K9_V1_PROXY,odd,odd,mc_k9_oo,4,0,6,388,,
3354,10,1,13,10.5,-27.3,11.0,0,GAGG,GAGG,even,odd,mc_gagg_eo,5,0,6,389,1562,6
3355,11,1,13,14.7,-27.3,11.0,1,K9,K9_V1_PROXY,odd,odd,mc_k9_oo,5,0,6,389,,
3356,12,1,13,18.9,-27.3,11.0,0,GAGG,GAGG,even,odd,mc_gagg_eo,6,0,6,390,1564,6
3357,13,1,13,23.1,-27.3,11.0,1,K9,K9_V1_PROXY,odd,odd,mc_k9_oo,6,0,6,390,,
3358,14,1,13,27.3,-27.3,11.0,0,GAGG,GAGG,even,odd,mc_gagg_eo,7,0,6,391,1566,6
3359,15,1,13,31.5,-27.3,11.0,1,K9,K9_V1_PROXY,odd,odd,mc_k9_oo,7,0,6,391,,
3360,0,2,13,-31.5,-23.1,11.0,1,K9,K9_V1_PROXY,even,even,mc_k9_ee,0,1,6,392,,
3361,1,2,13,-27.3,-23.1,11.0,0,GAGG,GAGG,odd,even,mc_gagg_oe,0,1,6,392,1569,6
3362,2,2,13,-23.1,-23.1,11.0,1,K9,K9_V1_PROXY,even,even,mc_k9_ee,1,1,6,393,,
3363,3,2,13,-18.9,-23.1,11.0,0,GAGG,GAGG,odd,even,mc_gagg_oe,1,1,6,393,1571,6
3364,4,2,13,-14.7,-23.1,11.0,1,K9,K9_V1_PROXY,even,even,mc_k9_ee,2,1,6,394,,
3365,5,2,13,-10.5,-23.1,11.0,0,GAGG,GAGG,odd,even,mc_gagg_oe,2,1,6,394,1573,6
3366,6,2,13,-6.3,-23.1,11.0,1,K9,K9_V1_PROXY,even,even,mc_k9_ee,3,1,6,395,,
3367,7,2,13,-2.1,-23.1,11.0,0,GAGG,GAGG,odd,even,mc_gagg_oe,3,1,6,395,1575,6
3368,8,2,13,2.1,-23.1,11.0,1,K9,K9_V1_PROXY,even,even,mc_k9_ee,4,1,6,396,,
3369,9,2,13,6.3,-23.1,11.0,0,GAGG,GAGG,odd,even,mc_gagg_oe,4,1,6,396,1577,6
3370,10,2,13,10.5,-23.1,11.0,1,K9,K9_V1_PROXY,even,even,mc_k9_ee,5,1,6,397,,
3371,11,2,13,14.7,-23.1,11.0,0,GAGG,GAGG,odd,even,mc_gagg_oe,5,1,6,397,1579,6
3372,12,2,13,18.9,-23.1,11.0,1,K9,K9_V1_PROXY,even,even,mc_k9_ee,6,1,6,398,,
3373,13,2,13,23.1,-23.1,11.0,0,GAGG,GAGG,odd,even,mc_gagg_oe,6,1,6,398,1581,6
3374,14,2,13,27.3,-23.1,11.0,1,K9,K9_V1_PROXY,even,even,mc_k9_ee,7,1,6,399,,
3375,15,2,13,31.5,-23.1,11.0,0,GAGG,GAGG,odd,even,mc_gagg_oe,7,1,6,399,1583,6
3376,0,3,13,-31.5,-18.9,11.0,0,GAGG,GAGG,even,odd,mc_gagg_eo,0,1,6,392,1584,6
3377,1,3,13,-27.3,-18.9,11.0,1,K9,K9_V1_PROXY,odd,odd,mc_k9_oo,0,1,6,392,,
3378,2,3,13,-23.1,-18.9,11.0,0,GAGG,GAGG,even,odd,mc_gagg_eo,1,1,6,393,1586,6
3379,3,3,13,-18.9,-18.9,11.0,1,K9,K9_V1_PROXY,odd,odd,mc_k9_oo,1,1,6,393,,
3380,4,3,13,-14.7,-18.9,11.0,0,GAGG,GAGG,even,odd,mc_gagg_eo,2,1,6,394,1588,6
3381,5,3,13,-10.5,-18.9,11.0,1,K9,K9_V1_PROXY,odd,odd,mc_k9_oo,2,1,6,394,,
3382,6,3,13,-6.3,-18.9,11.0,0,GAGG,GAGG,even,odd,mc_gagg_eo,3,1,6,395,1590,6
3383,7,3,13,-2.1,-18.9,11.0,1,K9,K9_V1_PROXY,odd,odd,mc_k9_oo,3,1,6,395,,
3384,8,3,13,2.1,-18.9,11.0,0,GAGG,GAGG,even,odd,mc_gagg_eo,4,1,6,396,1592,6
3385,9,3,13,6.3,-18.9,11.0,1,K9,K9_V1_PROXY,odd,odd,mc_k9_oo,4,1,6,396,,
3386,10,3,13,10.5,-18.9,11.0,0,GAGG,GAGG,even,odd,mc_gagg_eo,5,1,6,397,1594,6
3387,11,3,13,14.7,-18.9,11.0,1,K9,K9_V1_PROXY,odd,odd,mc_k9_oo,5,1,6,397,,
3388,12,3,13,18.9,-18.9,11.0,0,GAGG,GAGG,even,odd,mc_gagg_eo,6,1,6,398,1596,6
3389,13,3,13,23.1,-18.9,11.0,1,K9,K9_V1_PROXY,odd,odd,mc_k9_oo,6,1,6,398,,
3390,14,3,13,27.3,-18.9,11.0,0,GAGG,GAGG,even,odd,mc_gagg_eo,7,1,6,399,1598,6
3391,15,3,13,31.5,-18.9,11.0,1,K9,K9_V1_PROXY,odd,odd,mc_k9_oo,7,1,6,399,,
3392,0,4,13,-31.5,-14.7,11.0,1,K9,K9_V1_PROXY,even,even,mc_k9_ee,0,2,6,400,,
3393,1,4,13,-27.3,-14.7,11.0,0,GAGG,GAGG,odd,even,mc_gagg_oe,0,2,6,400,1601,6
3394,2,4,13,-23.1,-14.7,11.0,1,K9,K9_V1_PROXY,even,even,mc_k9_ee,1,2,6,401,,
3395,3,4,13,-18.9,-14.7,11.0,0,GAGG,GAGG,odd,even,mc_gagg_oe,1,2,6,401,1603,6
3396,4,4,13,-14.7,-14.7,11.0,1,K9,K9_V1_PROXY,even,even,mc_k9_ee,2,2,6,402,,
3397,5,4,13,-10.5,-14.7,11.0,0,GAGG,GAGG,odd,even,mc_gagg_oe,2,2,6,402,1605,6
3398,6,4,13,-6.3,-14.7,11.0,1,K9,K9_V1_PROXY,even,even,mc_k9_ee,3,2,6,403,,
3399,7,4,13,-2.1,-14.7,11.0,0,GAGG,GAGG,odd,even,mc_gagg_oe,3,2,6,403,1607,6
3400,8,4,13,2.1,-14.7,11.0,1,K9,K9_V1_PROXY,even,even,mc_k9_ee,4,2,6,404,,
3401,9,4,13,6.3,-14.7,11.0,0,GAGG,GAGG,odd,even,mc_gagg_oe,4,2,6,404,1609,6
3402,10,4,13,10.5,-14.7,11.0,1,K9,K9_V1_PROXY,even,even,mc_k9_ee,5,2,6,405,,
3403,11,4,13,14.7,-14.7,11.0,0,GAGG,GAGG,odd,even,mc_gagg_oe,5,2,6,405,1611,6
3404,12,4,13,18.9,-14.7,11.0,1,K9,K9_V1_PROXY,even,even,mc_k9_ee,6,2,6,406,,
3405,13,4,13,23.1,-14.7,11.0,0,GAGG,GAGG,odd,even,mc_gagg_oe,6,2,6,406,1613,6
3406,14,4,13,27.3,-14.7,11.0,1,K9,K9_V1_PROXY,even,even,mc_k9_ee,7,2,6,407,,
3407,15,4,13,31.5,-14.7,11.0,0,GAGG,GAGG,odd,even,mc_gagg_oe,7,2,6,407,1615,6
3408,0,5,13,-31.5,-10.5,11.0,0,GAGG,GAGG,even,odd,mc_gagg_eo,0,2,6,400,1616,6
3409,1,5,13,-27.3,-10.5,11.0,1,K9,K9_V1_PROXY,odd,odd,mc_k9_oo,0,2,6,400,,
3410,2,5,13,-23.1,-10.5,11.0,0,GAGG,GAGG,even,odd,mc_gagg_eo,1,2,6,401,1618,6
3411,3,5,13,-18.9,-10.5,11.0,1,K9,K9_V1_PROXY,odd,odd,mc_k9_oo,1,2,6,401,,
3412,4,5,13,-14.7,-10.5,11.0,0,GAGG,GAGG,even,odd,mc_gagg_eo,2,2,6,402,1620,6
3413,5,5,13,-10.5,-10.5,11.0,1,K9,K9_V1_PROXY,odd,odd,mc_k9_oo,2,2,6,402,,
3414,6,5,13,-6.3,-10.5,11.0,0,GAGG,GAGG,even,odd,mc_gagg_eo,3,2,6,403,1622,6
3415,7,5,13,-2.1,-10.5,11.0,1,K9,K9_V1_PROXY,odd,odd,mc_k9_oo,3,2,6,403,,
3416,8,5,13,2.1,-10.5,11.0,0,GAGG,GAGG,even,odd,mc_gagg_eo,4,2,6,404,1624,6
3417,9,5,13,6.3,-10.5,11.0,1,K9,K9_V1_PROXY,odd,odd,mc_k9_oo,4,2,6,404,,
3418,10,5,13,10.5,-10.5,11.0,0,GAGG,GAGG,even,odd,mc_gagg_eo,5,2,6,405,1626,6
3419,11,5,13,14.7,-10.5,11.0,1,K9,K9_V1_PROXY,odd,odd,mc_k9_oo,5,2,6,405,,
3420,12,5,13,18.9,-10.5,11.0,0,GAGG,GAGG,even,odd,mc_gagg_eo,6,2,6,406,1628,6
3421,13,5,13,23.1,-10.5,11.0,1,K9,K9_V1_PROXY,odd,odd,mc_k9_oo,6,2,6,406,,
3422,14,5,13,27.3,-10.5,11.0,0,GAGG,GAGG,even,odd,mc_gagg_eo,7,2,6,407,1630,6
3423,15,5,13,31.5,-10.5,11.0,1,K9,K9_V1_PROXY,odd,odd,mc_k9_oo,7,2,6,407,,
3424,0,6,13,-31.5,-6.3,11.0,1,K9,K9_V1_PROXY,even,even,mc_k9_ee,0,3,6,408,,
3425,1,6,13,-27.3,-6.3,11.0,0,GAGG,GAGG,odd,even,mc_gagg_oe,0,3,6,408,1633,6
3426,2,6,13,-23.1,-6.3,11.0,1,K9,K9_V1_PROXY,even,even,mc_k9_ee,1,3,6,409,,
3427,3,6,13,-18.9,-6.3,11.0,0,GAGG,GAGG,odd,even,mc_gagg_oe,1,3,6,409,1635,6
3428,4,6,13,-14.7,-6.3,11.0,1,K9,K9_V1_PROXY,even,even,mc_k9_ee,2,3,6,410,,
3429,5,6,13,-10.5,-6.3,11.0,0,GAGG,GAGG,odd,even,mc_gagg_oe,2,3,6,410,1637,6
3430,6,6,13,-6.3,-6.3,11.0,1,K9,K9_V1_PROXY,even,even,mc_k9_ee,3,3,6,411,,
3431,7,6,13,-2.1,-6.3,11.0,0,GAGG,GAGG,odd,even,mc_gagg_oe,3,3,6,411,1639,6
3432,8,6,13,2.1,-6.3,11.0,1,K9,K9_V1_PROXY,even,even,mc_k9_ee,4,3,6,412,,
3433,9,6,13,6.3,-6.3,11.0,0,GAGG,GAGG,odd,even,mc_gagg_oe,4,3,6,412,1641,6
3434,10,6,13,10.5,-6.3,11.0,1,K9,K9_V1_PROXY,even,even,mc_k9_ee,5,3,6,413,,
3435,11,6,13,14.7,-6.3,11.0,0,GAGG,GAGG,odd,even,mc_gagg_oe,5,3,6,413,1643,6
3436,12,6,13,18.9,-6.3,11.0,1,K9,K9_V1_PROXY,even,even,mc_k9_ee,6,3,6,414,,
3437,13,6,13,23.1,-6.3,11.0,0,GAGG,GAGG,odd,even,mc_gagg_oe,6,3,6,414,1645,6
3438,14,6,13,27.3,-6.3,11.0,1,K9,K9_V1_PROXY,even,even,mc_k9_ee,7,3,6,415,,
3439,15,6,13,31.5,-6.3,11.0,0,GAGG,GAGG,odd,even,mc_gagg_oe,7,3,6,415,1647,6
3440,0,7,13,-31.5,-2.1,11.0,0,GAGG,GAGG,even,odd,mc_gagg_eo,0,3,6,408,1648,6
3441,1,7,13,-27.3,-2.1,11.0,1,K9,K9_V1_PROXY,odd,odd,mc_k9_oo,0,3,6,408,,
3442,2,7,13,-23.1,-2.1,11.0,0,GAGG,GAGG,even,odd,mc_gagg_eo,1,3,6,409,1650,6
3443,3,7,13,-18.9,-2.1,11.0,1,K9,K9_V1_PROXY,odd,odd,mc_k9_oo,1,3,6,409,,
3444,4,7,13,-14.7,-2.1,11.0,0,GAGG,GAGG,even,odd,mc_gagg_eo,2,3,6,410,1652,6
3445,5,7,13,-10.5,-2.1,11.0,1,K9,K9_V1_PROXY,odd,odd,mc_k9_oo,2,3,6,410,,
3446,6,7,13,-6.3,-2.1,11.0,0,GAGG,GAGG,even,odd,mc_gagg_eo,3,3,6,411,1654,6
3447,7,7,13,-2.1,-2.1,11.0,1,K9,K9_V1_PROXY,odd,odd,mc_k9_oo,3,3,6,411,,
3448,8,7,13,2.1,-2.1,11.0,0,GAGG,GAGG,even,odd,mc_gagg_eo,4,3,6,412,1656,6
3449,9,7,13,6.3,-2.1,11.0,1,K9,K9_V1_PROXY,odd,odd,mc_k9_oo,4,3,6,412,,
3450,10,7,13,10.5,-2.1,11.0,0,GAGG,GAGG,even,odd,mc_gagg_eo,5,3,6,413,1658,6
3451,11,7,13,14.7,-2.1,11.0,1,K9,K9_V1_PROXY,odd,odd,mc_k9_oo,5,3,6,413,,
3452,12,7,13,18.9,-2.1,11.0,0,GAGG,GAGG,even,odd,mc_gagg_eo,6,3,6,414,1660,6
3453,13,7,13,23.1,-2.1,11.0,1,K9,K9_V1_PROXY,odd,odd,mc_k9_oo,6,3,6,414,,
3454,14,7,13,27.3,-2.1,11.0,0,GAGG,GAGG,even,odd,mc_gagg_eo,7,3,6,415,1662,6
3455,15,7,13,31.5,-2.1,11.0,1,K9,K9_V1_PROXY,odd,odd,mc_k9_oo,7,3,6,415,,
3456,0,8,13,-31.5,2.1,11.0,1,K9,K9_V1_PROXY,even,even,mc_k9_ee,0,4,6,416,,
3457,1,8,13,-27.3,2.1,11.0,0,GAGG,GAGG,odd,even,mc_gagg_oe,0,4,6,416,1665,6
3458,2,8,13,-23.1,2.1,11.0,1,K9,K9_V1_PROXY,even,even,mc_k9_ee,1,4,6,417,,
3459,3,8,13,-18.9,2.1,11.0,0,GAGG,GAGG,odd,even,mc_gagg_oe,1,4,6,417,1667,6
3460,4,8,13,-14.7,2.1,11.0,1,K9,K9_V1_PROXY,even,even,mc_k9_ee,2,4,6,418,,
3461,5,8,13,-10.5,2.1,11.0,0,GAGG,GAGG,odd,even,mc_gagg_oe,2,4,6,418,1669,6
3462,6,8,13,-6.3,2.1,11.0,1,K9,K9_V1_PROXY,even,even,mc_k9_ee,3,4,6,419,,
3463,7,8,13,-2.1,2.1,11.0,0,GAGG,GAGG,odd,even,mc_gagg_oe,3,4,6,419,1671,6
3464,8,8,13,2.1,2.1,11.0,1,K9,K9_V1_PROXY,even,even,mc_k9_ee,4,4,6,420,,
3465,9,8,13,6.3,2.1,11.0,0,GAGG,GAGG,odd,even,mc_gagg_oe,4,4,6,420,1673,6
3466,10,8,13,10.5,2.1,11.0,1,K9,K9_V1_PROXY,even,even,mc_k9_ee,5,4,6,421,,
3467,11,8,13,14.7,2.1,11.0,0,GAGG,GAGG,odd,even,mc_gagg_oe,5,4,6,421,1675,6
3468,12,8,13,18.9,2.1,11.0,1,K9,K9_V1_PROXY,even,even,mc_k9_ee,6,4,6,422,,
3469,13,8,13,23.1,2.1,11.0,0,GAGG,GAGG,odd,even,mc_gagg_oe,6,4,6,422,1677,6
3470,14,8,13,27.3,2.1,11.0,1,K9,K9_V1_PROXY,even,even,mc_k9_ee,7,4,6,423,,
3471,15,8,13,31.5,2.1,11.0,0,GAGG,GAGG,odd,even,mc_gagg_oe,7,4,6,423,1679,6
3472,0,9,13,-31.5,6.3,11.0,0,GAGG,GAGG,even,odd,mc_gagg_eo,0,4,6,416,1680,6
3473,1,9,13,-27.3,6.3,11.0,1,K9,K9_V1_PROXY,odd,odd,mc_k9_oo,0,4,6,416,,
3474,2,9,13,-23.1,6.3,11.0,0,GAGG,GAGG,even,odd,mc_gagg_eo,1,4,6,417,1682,6
3475,3,9,13,-18.9,6.3,11.0,1,K9,K9_V1_PROXY,odd,odd,mc_k9_oo,1,4,6,417,,
3476,4,9,13,-14.7,6.3,11.0,0,GAGG,GAGG,even,odd,mc_gagg_eo,2,4,6,418,1684,6
3477,5,9,13,-10.5,6.3,11.0,1,K9,K9_V1_PROXY,odd,odd,mc_k9_oo,2,4,6,418,,
3478,6,9,13,-6.3,6.3,11.0,0,GAGG,GAGG,even,odd,mc_gagg_eo,3,4,6,419,1686,6
3479,7,9,13,-2.1,6.3,11.0,1,K9,K9_V1_PROXY,odd,odd,mc_k9_oo,3,4,6,419,,
3480,8,9,13,2.1,6.3,11.0,0,GAGG,GAGG,even,odd,mc_gagg_eo,4,4,6,420,1688,6
3481,9,9,13,6.3,6.3,11.0,1,K9,K9_V1_PROXY,odd,odd,mc_k9_oo,4,4,6,420,,
3482,10,9,13,10.5,6.3,11.0,0,GAGG,GAGG,even,odd,mc_gagg_eo,5,4,6,421,1690,6
3483,11,9,13,14.7,6.3,11.0,1,K9,K9_V1_PROXY,odd,odd,mc_k9_oo,5,4,6,421,,
3484,12,9,13,18.9,6.3,11.0,0,GAGG,GAGG,even,odd,mc_gagg_eo,6,4,6,422,1692,6
3485,13,9,13,23.1,6.3,11.0,1,K9,K9_V1_PROXY,odd,odd,mc_k9_oo,6,4,6,422,,
3486,14,9,13,27.3,6.3,11.0,0,GAGG,GAGG,even,odd,mc_gagg_eo,7,4,6,423,1694,6
3487,15,9,13,31.5,6.3,11.0,1,K9,K9_V1_PROXY,odd,odd,mc_k9_oo,7,4,6,423,,
3488,0,10,13,-31.5,10.5,11.0,1,K9,K9_V1_PROXY,even,even,mc_k9_ee,0,5,6,424,,
3489,1,10,13,-27.3,10.5,11.0,0,GAGG,GAGG,odd,even,mc_gagg_oe,0,5,6,424,1697,6
3490,2,10,13,-23.1,10.5,11.0,1,K9,K9_V1_PROXY,even,even,mc_k9_ee,1,5,6,425,,
3491,3,10,13,-18.9,10.5,11.0,0,GAGG,GAGG,odd,even,mc_gagg_oe,1,5,6,425,1699,6
3492,4,10,13,-14.7,10.5,11.0,1,K9,K9_V1_PROXY,even,even,mc_k9_ee,2,5,6,426,,
3493,5,10,13,-10.5,10.5,11.0,0,GAGG,GAGG,odd,even,mc_gagg_oe,2,5,6,426,1701,6
3494,6,10,13,-6.3,10.5,11.0,1,K9,K9_V1_PROXY,even,even,mc_k9_ee,3,5,6,427,,
3495,7,10,13,-2.1,10.5,11.0,0,GAGG,GAGG,odd,even,mc_gagg_oe,3,5,6,427,1703,6
3496,8,10,13,2.1,10.5,11.0,1,K9,K9_V1_PROXY,even,even,mc_k9_ee,4,5,6,428,,
3497,9,10,13,6.3,10.5,11.0,0,GAGG,GAGG,odd,even,mc_gagg_oe,4,5,6,428,1705,6
3498,10,10,13,10.5,10.5,11.0,1,K9,K9_V1_PROXY,even,even,mc_k9_ee,5,5,6,429,,
3499,11,10,13,14.7,10.5,11.0,0,GAGG,GAGG,odd,even,mc_gagg_oe,5,5,6,429,1707,6
3500,12,10,13,18.9,10.5,11.0,1,K9,K9_V1_PROXY,even,even,mc_k9_ee,6,5,6,430,,
3501,13,10,13,23.1,10.5,11.0,0,GAGG,GAGG,odd,even,mc_gagg_oe,6,5,6,430,1709,6
3502,14,10,13,27.3,10.5,11.0,1,K9,K9_V1_PROXY,even,even,mc_k9_ee,7,5,6,431,,
3503,15,10,13,31.5,10.5,11.0,0,GAGG,GAGG,odd,even,mc_gagg_oe,7,5,6,431,1711,6
3504,0,11,13,-31.5,14.7,11.0,0,GAGG,GAGG,even,odd,mc_gagg_eo,0,5,6,424,1712,6
3505,1,11,13,-27.3,14.7,11.0,1,K9,K9_V1_PROXY,odd,odd,mc_k9_oo,0,5,6,424,,
3506,2,11,13,-23.1,14.7,11.0,0,GAGG,GAGG,even,odd,mc_gagg_eo,1,5,6,425,1714,6
3507,3,11,13,-18.9,14.7,11.0,1,K9,K9_V1_PROXY,odd,odd,mc_k9_oo,1,5,6,425,,
3508,4,11,13,-14.7,14.7,11.0,0,GAGG,GAGG,even,odd,mc_gagg_eo,2,5,6,426,1716,6
3509,5,11,13,-10.5,14.7,11.0,1,K9,K9_V1_PROXY,odd,odd,mc_k9_oo,2,5,6,426,,
3510,6,11,13,-6.3,14.7,11.0,0,GAGG,GAGG,even,odd,mc_gagg_eo,3,5,6,427,1718,6
3511,7,11,13,-2.1,14.7,11.0,1,K9,K9_V1_PROXY,odd,odd,mc_k9_oo,3,5,6,427,,
3512,8,11,13,2.1,14.7,11.0,0,GAGG,GAGG,even,odd,mc_gagg_eo,4,5,6,428,1720,6
3513,9,11,13,6.3,14.7,11.0,1,K9,K9_V1_PROXY,odd,odd,mc_k9_oo,4,5,6,428,,
3514,10,11,13,10.5,14.7,11.0,0,GAGG,GAGG,even,odd,mc_gagg_eo,5,5,6,429,1722,6
3515,11,11,13,14.7,14.7,11.0,1,K9,K9_V1_PROXY,odd,odd,mc_k9_oo,5,5,6,429,,
3516,12,11,13,18.9,14.7,11.0,0,GAGG,GAGG,even,odd,mc_gagg_eo,6,5,6,430,1724,6
3517,13,11,13,23.1,14.7,11.0,1,K9,K9_V1_PROXY,odd,odd,mc_k9_oo,6,5,6,430,,
3518,14,11,13,27.3,14.7,11.0,0,GAGG,GAGG,even,odd,mc_gagg_eo,7,5,6,431,1726,6
3519,15,11,13,31.5,14.7,11.0,1,K9,K9_V1_PROXY,odd,odd,mc_k9_oo,7,5,6,431,,
3520,0,12,13,-31.5,18.9,11.0,1,K9,K9_V1_PROXY,even,even,mc_k9_ee,0,6,6,432,,
3521,1,12,13,-27.3,18.9,11.0,0,GAGG,GAGG,odd,even,mc_gagg_oe,0,6,6,432,1729,6
3522,2,12,13,-23.1,18.9,11.0,1,K9,K9_V1_PROXY,even,even,mc_k9_ee,1,6,6,433,,
3523,3,12,13,-18.9,18.9,11.0,0,GAGG,GAGG,odd,even,mc_gagg_oe,1,6,6,433,1731,6
3524,4,12,13,-14.7,18.9,11.0,1,K9,K9_V1_PROXY,even,even,mc_k9_ee,2,6,6,434,,
3525,5,12,13,-10.5,18.9,11.0,0,GAGG,GAGG,odd,even,mc_gagg_oe,2,6,6,434,1733,6
3526,6,12,13,-6.3,18.9,11.0,1,K9,K9_V1_PROXY,even,even,mc_k9_ee,3,6,6,435,,
3527,7,12,13,-2.1,18.9,11.0,0,GAGG,GAGG,odd,even,mc_gagg_oe,3,6,6,435,1735,6
3528,8,12,13,2.1,18.9,11.0,1,K9,K9_V1_PROXY,even,even,mc_k9_ee,4,6,6,436,,
3529,9,12,13,6.3,18.9,11.0,0,GAGG,GAGG,odd,even,mc_gagg_oe,4,6,6,436,1737,6
3530,10,12,13,10.5,18.9,11.0,1,K9,K9_V1_PROXY,even,even,mc_k9_ee,5,6,6,437,,
3531,11,12,13,14.7,18.9,11.0,0,GAGG,GAGG,odd,even,mc_gagg_oe,5,6,6,437,1739,6
3532,12,12,13,18.9,18.9,11.0,1,K9,K9_V1_PROXY,even,even,mc_k9_ee,6,6,6,438,,
3533,13,12,13,23.1,18.9,11.0,0,GAGG,GAGG,odd,even,mc_gagg_oe,6,6,6,438,1741,6
3534,14,12,13,27.3,18.9,11.0,1,K9,K9_V1_PROXY,even,even,mc_k9_ee,7,6,6,439,,
3535,15,12,13,31.5,18.9,11.0,0,GAGG,GAGG,odd,even,mc_gagg_oe,7,6,6,439,1743,6
3536,0,13,13,-31.5,23.1,11.0,0,GAGG,GAGG,even,odd,mc_gagg_eo,0,6,6,432,1744,6
3537,1,13,13,-27.3,23.1,11.0,1,K9,K9_V1_PROXY,odd,odd,mc_k9_oo,0,6,6,432,,
3538,2,13,13,-23.1,23.1,11.0,0,GAGG,GAGG,even,odd,mc_gagg_eo,1,6,6,433,1746,6
3539,3,13,13,-18.9,23.1,11.0,1,K9,K9_V1_PROXY,odd,odd,mc_k9_oo,1,6,6,433,,
3540,4,13,13,-14.7,23.1,11.0,0,GAGG,GAGG,even,odd,mc_gagg_eo,2,6,6,434,1748,6
3541,5,13,13,-10.5,23.1,11.0,1,K9,K9_V1_PROXY,odd,odd,mc_k9_oo,2,6,6,434,,
3542,6,13,13,-6.3,23.1,11.0,0,GAGG,GAGG,even,odd,mc_gagg_eo,3,6,6,435,1750,6
3543,7,13,13,-2.1,23.1,11.0,1,K9,K9_V1_PROXY,odd,odd,mc_k9_oo,3,6,6,435,,
3544,8,13,13,2.1,23.1,11.0,0,GAGG,GAGG,even,odd,mc_gagg_eo,4,6,6,436,1752,6
3545,9,13,13,6.3,23.1,11.0,1,K9,K9_V1_PROXY,odd,odd,mc_k9_oo,4,6,6,436,,
3546,10,13,13,10.5,23.1,11.0,0,GAGG,GAGG,even,odd,mc_gagg_eo,5,6,6,437,1754,6
3547,11,13,13,14.7,23.1,11.0,1,K9,K9_V1_PROXY,odd,odd,mc_k9_oo,5,6,6,437,,
3548,12,13,13,18.9,23.1,11.0,0,GAGG,GAGG,even,odd,mc_gagg_eo,6,6,6,438,1756,6
3549,13,13,13,23.1,23.1,11.0,1,K9,K9_V1_PROXY,odd,odd,mc_k9_oo,6,6,6,438,,
3550,14,13,13,27.3,23.1,11.0,0,GAGG,GAGG,even,odd,mc_gagg_eo,7,6,6,439,1758,6
3551,15,13,13,31.5,23.1,11.0,1,K9,K9_V1_PROXY,odd,odd,mc_k9_oo,7,6,6,439,,
3552,0,14,13,-31.5,27.3,11.0,1,K9,K9_V1_PROXY,even,even,mc_k9_ee,0,7,6,440,,
3553,1,14,13,-27.3,27.3,11.0,0,GAGG,GAGG,odd,even,mc_gagg_oe,0,7,6,440,1761,6
3554,2,14,13,-23.1,27.3,11.0,1,K9,K9_V1_PROXY,even,even,mc_k9_ee,1,7,6,441,,
3555,3,14,13,-18.9,27.3,11.0,0,GAGG,GAGG,odd,even,mc_gagg_oe,1,7,6,441,1763,6
3556,4,14,13,-14.7,27.3,11.0,1,K9,K9_V1_PROXY,even,even,mc_k9_ee,2,7,6,442,,
3557,5,14,13,-10.5,27.3,11.0,0,GAGG,GAGG,odd,even,mc_gagg_oe,2,7,6,442,1765,6
3558,6,14,13,-6.3,27.3,11.0,1,K9,K9_V1_PROXY,even,even,mc_k9_ee,3,7,6,443,,
3559,7,14,13,-2.1,27.3,11.0,0,GAGG,GAGG,odd,even,mc_gagg_oe,3,7,6,443,1767,6
3560,8,14,13,2.1,27.3,11.0,1,K9,K9_V1_PROXY,even,even,mc_k9_ee,4,7,6,444,,
3561,9,14,13,6.3,27.3,11.0,0,GAGG,GAGG,odd,even,mc_gagg_oe,4,7,6,444,1769,6
3562,10,14,13,10.5,27.3,11.0,1,K9,K9_V1_PROXY,even,even,mc_k9_ee,5,7,6,445,,
3563,11,14,13,14.7,27.3,11.0,0,GAGG,GAGG,odd,even,mc_gagg_oe,5,7,6,445,1771,6
3564,12,14,13,18.9,27.3,11.0,1,K9,K9_V1_PROXY,even,even,mc_k9_ee,6,7,6,446,,
3565,13,14,13,23.1,27.3,11.0,0,GAGG,GAGG,odd,even,mc_gagg_oe,6,7,6,446,1773,6
3566,14,14,13,27.3,27.3,11.0,1,K9,K9_V1_PROXY,even,even,mc_k9_ee,7,7,6,447,,
3567,15,14,13,31.5,27.3,11.0,0,GAGG,GAGG,odd,even,mc_gagg_oe,7,7,6,447,1775,6
3568,0,15,13,-31.5,31.5,11.0,0,GAGG,GAGG,even,odd,mc_gagg_eo,0,7,6,440,1776,6
3569,1,15,13,-27.3,31.5,11.0,1,K9,K9_V1_PROXY,odd,odd,mc_k9_oo,0,7,6,440,,
3570,2,15,13,-23.1,31.5,11.0,0,GAGG,GAGG,even,odd,mc_gagg_eo,1,7,6,441,1778,6
3571,3,15,13,-18.9,31.5,11.0,1,K9,K9_V1_PROXY,odd,odd,mc_k9_oo,1,7,6,441,,
3572,4,15,13,-14.7,31.5,11.0,0,GAGG,GAGG,even,odd,mc_gagg_eo,2,7,6,442,1780,6
3573,5,15,13,-10.5,31.5,11.0,1,K9,K9_V1_PROXY,odd,odd,mc_k9_oo,2,7,6,442,,
3574,6,15,13,-6.3,31.5,11.0,0,GAGG,GAGG,even,odd,mc_gagg_eo,3,7,6,443,1782,6
3575,7,15,13,-2.1,31.5,11.0,1,K9,K9_V1_PROXY,odd,odd,mc_k9_oo,3,7,6,443,,
3576,8,15,13,2.1,31.5,11.0,0,GAGG,GAGG,even,odd,mc_gagg_eo,4,7,6,444,1784,6
3577,9,15,13,6.3,31.5,11.0,1,K9,K9_V1_PROXY,odd,odd,mc_k9_oo,4,7,6,444,,
3578,10,15,13,10.5,31.5,11.0,0,GAGG,GAGG,even,odd,mc_gagg_eo,5,7,6,445,1786,6
3579,11,15,13,14.7,31.5,11.0,1,K9,K9_V1_PROXY,odd,odd,mc_k9_oo,5,7,6,445,,
3580,12,15,13,18.9,31.5,11.0,0,GAGG,GAGG,even,odd,mc_gagg_eo,6,7,6,446,1788,6
3581,13,15,13,23.1,31.5,11.0,1,K9,K9_V1_PROXY,odd,odd,mc_k9_oo,6,7,6,446,,
3582,14,15,13,27.3,31.5,11.0,0,GAGG,GAGG,even,odd,mc_gagg_eo,7,7,6,447,1790,6
3583,15,15,13,31.5,31.5,11.0,1,K9,K9_V1_PROXY,odd,odd,mc_k9_oo,7,7,6,447,,
3584,0,0,14,-31.5,-31.5,13.0,0,GAGG,GAGG,even,even,mc_gagg_ee,0,0,7,448,1792,7
3585,1,0,14,-27.3,-31.5,13.0,1,K9,K9_V1_PROXY,odd,even,mc_k9_oe,0,0,7,448,,
3586,2,0,14,-23.1,-31.5,13.0,0,GAGG,GAGG,even,even,mc_gagg_ee,1,0,7,449,1794,7
3587,3,0,14,-18.9,-31.5,13.0,1,K9,K9_V1_PROXY,odd,even,mc_k9_oe,1,0,7,449,,
3588,4,0,14,-14.7,-31.5,13.0,0,GAGG,GAGG,even,even,mc_gagg_ee,2,0,7,450,1796,7
3589,5,0,14,-10.5,-31.5,13.0,1,K9,K9_V1_PROXY,odd,even,mc_k9_oe,2,0,7,450,,
3590,6,0,14,-6.3,-31.5,13.0,0,GAGG,GAGG,even,even,mc_gagg_ee,3,0,7,451,1798,7
3591,7,0,14,-2.1,-31.5,13.0,1,K9,K9_V1_PROXY,odd,even,mc_k9_oe,3,0,7,451,,
3592,8,0,14,2.1,-31.5,13.0,0,GAGG,GAGG,even,even,mc_gagg_ee,4,0,7,452,1800,7
3593,9,0,14,6.3,-31.5,13.0,1,K9,K9_V1_PROXY,odd,even,mc_k9_oe,4,0,7,452,,
3594,10,0,14,10.5,-31.5,13.0,0,GAGG,GAGG,even,even,mc_gagg_ee,5,0,7,453,1802,7
3595,11,0,14,14.7,-31.5,13.0,1,K9,K9_V1_PROXY,odd,even,mc_k9_oe,5,0,7,453,,
3596,12,0,14,18.9,-31.5,13.0,0,GAGG,GAGG,even,even,mc_gagg_ee,6,0,7,454,1804,7
3597,13,0,14,23.1,-31.5,13.0,1,K9,K9_V1_PROXY,odd,even,mc_k9_oe,6,0,7,454,,
3598,14,0,14,27.3,-31.5,13.0,0,GAGG,GAGG,even,even,mc_gagg_ee,7,0,7,455,1806,7
3599,15,0,14,31.5,-31.5,13.0,1,K9,K9_V1_PROXY,odd,even,mc_k9_oe,7,0,7,455,,
3600,0,1,14,-31.5,-27.3,13.0,1,K9,K9_V1_PROXY,even,odd,mc_k9_eo,0,0,7,448,,
3601,1,1,14,-27.3,-27.3,13.0,0,GAGG,GAGG,odd,odd,mc_gagg_oo,0,0,7,448,1809,7
3602,2,1,14,-23.1,-27.3,13.0,1,K9,K9_V1_PROXY,even,odd,mc_k9_eo,1,0,7,449,,
3603,3,1,14,-18.9,-27.3,13.0,0,GAGG,GAGG,odd,odd,mc_gagg_oo,1,0,7,449,1811,7
3604,4,1,14,-14.7,-27.3,13.0,1,K9,K9_V1_PROXY,even,odd,mc_k9_eo,2,0,7,450,,
3605,5,1,14,-10.5,-27.3,13.0,0,GAGG,GAGG,odd,odd,mc_gagg_oo,2,0,7,450,1813,7
3606,6,1,14,-6.3,-27.3,13.0,1,K9,K9_V1_PROXY,even,odd,mc_k9_eo,3,0,7,451,,
3607,7,1,14,-2.1,-27.3,13.0,0,GAGG,GAGG,odd,odd,mc_gagg_oo,3,0,7,451,1815,7
3608,8,1,14,2.1,-27.3,13.0,1,K9,K9_V1_PROXY,even,odd,mc_k9_eo,4,0,7,452,,
3609,9,1,14,6.3,-27.3,13.0,0,GAGG,GAGG,odd,odd,mc_gagg_oo,4,0,7,452,1817,7
3610,10,1,14,10.5,-27.3,13.0,1,K9,K9_V1_PROXY,even,odd,mc_k9_eo,5,0,7,453,,
3611,11,1,14,14.7,-27.3,13.0,0,GAGG,GAGG,odd,odd,mc_gagg_oo,5,0,7,453,1819,7
3612,12,1,14,18.9,-27.3,13.0,1,K9,K9_V1_PROXY,even,odd,mc_k9_eo,6,0,7,454,,
3613,13,1,14,23.1,-27.3,13.0,0,GAGG,GAGG,odd,odd,mc_gagg_oo,6,0,7,454,1821,7
3614,14,1,14,27.3,-27.3,13.0,1,K9,K9_V1_PROXY,even,odd,mc_k9_eo,7,0,7,455,,
3615,15,1,14,31.5,-27.3,13.0,0,GAGG,GAGG,odd,odd,mc_gagg_oo,7,0,7,455,1823,7
3616,0,2,14,-31.5,-23.1,13.0,0,GAGG,GAGG,even,even,mc_gagg_ee,0,1,7,456,1824,7
3617,1,2,14,-27.3,-23.1,13.0,1,K9,K9_V1_PROXY,odd,even,mc_k9_oe,0,1,7,456,,
3618,2,2,14,-23.1,-23.1,13.0,0,GAGG,GAGG,even,even,mc_gagg_ee,1,1,7,457,1826,7
3619,3,2,14,-18.9,-23.1,13.0,1,K9,K9_V1_PROXY,odd,even,mc_k9_oe,1,1,7,457,,
3620,4,2,14,-14.7,-23.1,13.0,0,GAGG,GAGG,even,even,mc_gagg_ee,2,1,7,458,1828,7
3621,5,2,14,-10.5,-23.1,13.0,1,K9,K9_V1_PROXY,odd,even,mc_k9_oe,2,1,7,458,,
3622,6,2,14,-6.3,-23.1,13.0,0,GAGG,GAGG,even,even,mc_gagg_ee,3,1,7,459,1830,7
3623,7,2,14,-2.1,-23.1,13.0,1,K9,K9_V1_PROXY,odd,even,mc_k9_oe,3,1,7,459,,
3624,8,2,14,2.1,-23.1,13.0,0,GAGG,GAGG,even,even,mc_gagg_ee,4,1,7,460,1832,7
3625,9,2,14,6.3,-23.1,13.0,1,K9,K9_V1_PROXY,odd,even,mc_k9_oe,4,1,7,460,,
3626,10,2,14,10.5,-23.1,13.0,0,GAGG,GAGG,even,even,mc_gagg_ee,5,1,7,461,1834,7
3627,11,2,14,14.7,-23.1,13.0,1,K9,K9_V1_PROXY,odd,even,mc_k9_oe,5,1,7,461,,
3628,12,2,14,18.9,-23.1,13.0,0,GAGG,GAGG,even,even,mc_gagg_ee,6,1,7,462,1836,7
3629,13,2,14,23.1,-23.1,13.0,1,K9,K9_V1_PROXY,odd,even,mc_k9_oe,6,1,7,462,,
3630,14,2,14,27.3,-23.1,13.0,0,GAGG,GAGG,even,even,mc_gagg_ee,7,1,7,463,1838,7
3631,15,2,14,31.5,-23.1,13.0,1,K9,K9_V1_PROXY,odd,even,mc_k9_oe,7,1,7,463,,
3632,0,3,14,-31.5,-18.9,13.0,1,K9,K9_V1_PROXY,even,odd,mc_k9_eo,0,1,7,456,,
3633,1,3,14,-27.3,-18.9,13.0,0,GAGG,GAGG,odd,odd,mc_gagg_oo,0,1,7,456,1841,7
3634,2,3,14,-23.1,-18.9,13.0,1,K9,K9_V1_PROXY,even,odd,mc_k9_eo,1,1,7,457,,
3635,3,3,14,-18.9,-18.9,13.0,0,GAGG,GAGG,odd,odd,mc_gagg_oo,1,1,7,457,1843,7
3636,4,3,14,-14.7,-18.9,13.0,1,K9,K9_V1_PROXY,even,odd,mc_k9_eo,2,1,7,458,,
3637,5,3,14,-10.5,-18.9,13.0,0,GAGG,GAGG,odd,odd,mc_gagg_oo,2,1,7,458,1845,7
3638,6,3,14,-6.3,-18.9,13.0,1,K9,K9_V1_PROXY,even,odd,mc_k9_eo,3,1,7,459,,
3639,7,3,14,-2.1,-18.9,13.0,0,GAGG,GAGG,odd,odd,mc_gagg_oo,3,1,7,459,1847,7
3640,8,3,14,2.1,-18.9,13.0,1,K9,K9_V1_PROXY,even,odd,mc_k9_eo,4,1,7,460,,
3641,9,3,14,6.3,-18.9,13.0,0,GAGG,GAGG,odd,odd,mc_gagg_oo,4,1,7,460,1849,7
3642,10,3,14,10.5,-18.9,13.0,1,K9,K9_V1_PROXY,even,odd,mc_k9_eo,5,1,7,461,,
3643,11,3,14,14.7,-18.9,13.0,0,GAGG,GAGG,odd,odd,mc_gagg_oo,5,1,7,461,1851,7
3644,12,3,14,18.9,-18.9,13.0,1,K9,K9_V1_PROXY,even,odd,mc_k9_eo,6,1,7,462,,
3645,13,3,14,23.1,-18.9,13.0,0,GAGG,GAGG,odd,odd,mc_gagg_oo,6,1,7,462,1853,7
3646,14,3,14,27.3,-18.9,13.0,1,K9,K9_V1_PROXY,even,odd,mc_k9_eo,7,1,7,463,,
3647,15,3,14,31.5,-18.9,13.0,0,GAGG,GAGG,odd,odd,mc_gagg_oo,7,1,7,463,1855,7
3648,0,4,14,-31.5,-14.7,13.0,0,GAGG,GAGG,even,even,mc_gagg_ee,0,2,7,464,1856,7
3649,1,4,14,-27.3,-14.7,13.0,1,K9,K9_V1_PROXY,odd,even,mc_k9_oe,0,2,7,464,,
3650,2,4,14,-23.1,-14.7,13.0,0,GAGG,GAGG,even,even,mc_gagg_ee,1,2,7,465,1858,7
3651,3,4,14,-18.9,-14.7,13.0,1,K9,K9_V1_PROXY,odd,even,mc_k9_oe,1,2,7,465,,
3652,4,4,14,-14.7,-14.7,13.0,0,GAGG,GAGG,even,even,mc_gagg_ee,2,2,7,466,1860,7
3653,5,4,14,-10.5,-14.7,13.0,1,K9,K9_V1_PROXY,odd,even,mc_k9_oe,2,2,7,466,,
3654,6,4,14,-6.3,-14.7,13.0,0,GAGG,GAGG,even,even,mc_gagg_ee,3,2,7,467,1862,7
3655,7,4,14,-2.1,-14.7,13.0,1,K9,K9_V1_PROXY,odd,even,mc_k9_oe,3,2,7,467,,
3656,8,4,14,2.1,-14.7,13.0,0,GAGG,GAGG,even,even,mc_gagg_ee,4,2,7,468,1864,7
3657,9,4,14,6.3,-14.7,13.0,1,K9,K9_V1_PROXY,odd,even,mc_k9_oe,4,2,7,468,,
3658,10,4,14,10.5,-14.7,13.0,0,GAGG,GAGG,even,even,mc_gagg_ee,5,2,7,469,1866,7
3659,11,4,14,14.7,-14.7,13.0,1,K9,K9_V1_PROXY,odd,even,mc_k9_oe,5,2,7,469,,
3660,12,4,14,18.9,-14.7,13.0,0,GAGG,GAGG,even,even,mc_gagg_ee,6,2,7,470,1868,7
3661,13,4,14,23.1,-14.7,13.0,1,K9,K9_V1_PROXY,odd,even,mc_k9_oe,6,2,7,470,,
3662,14,4,14,27.3,-14.7,13.0,0,GAGG,GAGG,even,even,mc_gagg_ee,7,2,7,471,1870,7
3663,15,4,14,31.5,-14.7,13.0,1,K9,K9_V1_PROXY,odd,even,mc_k9_oe,7,2,7,471,,
3664,0,5,14,-31.5,-10.5,13.0,1,K9,K9_V1_PROXY,even,odd,mc_k9_eo,0,2,7,464,,
3665,1,5,14,-27.3,-10.5,13.0,0,GAGG,GAGG,odd,odd,mc_gagg_oo,0,2,7,464,1873,7
3666,2,5,14,-23.1,-10.5,13.0,1,K9,K9_V1_PROXY,even,odd,mc_k9_eo,1,2,7,465,,
3667,3,5,14,-18.9,-10.5,13.0,0,GAGG,GAGG,odd,odd,mc_gagg_oo,1,2,7,465,1875,7
3668,4,5,14,-14.7,-10.5,13.0,1,K9,K9_V1_PROXY,even,odd,mc_k9_eo,2,2,7,466,,
3669,5,5,14,-10.5,-10.5,13.0,0,GAGG,GAGG,odd,odd,mc_gagg_oo,2,2,7,466,1877,7
3670,6,5,14,-6.3,-10.5,13.0,1,K9,K9_V1_PROXY,even,odd,mc_k9_eo,3,2,7,467,,
3671,7,5,14,-2.1,-10.5,13.0,0,GAGG,GAGG,odd,odd,mc_gagg_oo,3,2,7,467,1879,7
3672,8,5,14,2.1,-10.5,13.0,1,K9,K9_V1_PROXY,even,odd,mc_k9_eo,4,2,7,468,,
3673,9,5,14,6.3,-10.5,13.0,0,GAGG,GAGG,odd,odd,mc_gagg_oo,4,2,7,468,1881,7
3674,10,5,14,10.5,-10.5,13.0,1,K9,K9_V1_PROXY,even,odd,mc_k9_eo,5,2,7,469,,
3675,11,5,14,14.7,-10.5,13.0,0,GAGG,GAGG,odd,odd,mc_gagg_oo,5,2,7,469,1883,7
3676,12,5,14,18.9,-10.5,13.0,1,K9,K9_V1_PROXY,even,odd,mc_k9_eo,6,2,7,470,,
3677,13,5,14,23.1,-10.5,13.0,0,GAGG,GAGG,odd,odd,mc_gagg_oo,6,2,7,470,1885,7
3678,14,5,14,27.3,-10.5,13.0,1,K9,K9_V1_PROXY,even,odd,mc_k9_eo,7,2,7,471,,
3679,15,5,14,31.5,-10.5,13.0,0,GAGG,GAGG,odd,odd,mc_gagg_oo,7,2,7,471,1887,7
3680,0,6,14,-31.5,-6.3,13.0,0,GAGG,GAGG,even,even,mc_gagg_ee,0,3,7,472,1888,7
3681,1,6,14,-27.3,-6.3,13.0,1,K9,K9_V1_PROXY,odd,even,mc_k9_oe,0,3,7,472,,
3682,2,6,14,-23.1,-6.3,13.0,0,GAGG,GAGG,even,even,mc_gagg_ee,1,3,7,473,1890,7
3683,3,6,14,-18.9,-6.3,13.0,1,K9,K9_V1_PROXY,odd,even,mc_k9_oe,1,3,7,473,,
3684,4,6,14,-14.7,-6.3,13.0,0,GAGG,GAGG,even,even,mc_gagg_ee,2,3,7,474,1892,7
3685,5,6,14,-10.5,-6.3,13.0,1,K9,K9_V1_PROXY,odd,even,mc_k9_oe,2,3,7,474,,
3686,6,6,14,-6.3,-6.3,13.0,0,GAGG,GAGG,even,even,mc_gagg_ee,3,3,7,475,1894,7
3687,7,6,14,-2.1,-6.3,13.0,1,K9,K9_V1_PROXY,odd,even,mc_k9_oe,3,3,7,475,,
3688,8,6,14,2.1,-6.3,13.0,0,GAGG,GAGG,even,even,mc_gagg_ee,4,3,7,476,1896,7
3689,9,6,14,6.3,-6.3,13.0,1,K9,K9_V1_PROXY,odd,even,mc_k9_oe,4,3,7,476,,
3690,10,6,14,10.5,-6.3,13.0,0,GAGG,GAGG,even,even,mc_gagg_ee,5,3,7,477,1898,7
3691,11,6,14,14.7,-6.3,13.0,1,K9,K9_V1_PROXY,odd,even,mc_k9_oe,5,3,7,477,,
3692,12,6,14,18.9,-6.3,13.0,0,GAGG,GAGG,even,even,mc_gagg_ee,6,3,7,478,1900,7
3693,13,6,14,23.1,-6.3,13.0,1,K9,K9_V1_PROXY,odd,even,mc_k9_oe,6,3,7,478,,
3694,14,6,14,27.3,-6.3,13.0,0,GAGG,GAGG,even,even,mc_gagg_ee,7,3,7,479,1902,7
3695,15,6,14,31.5,-6.3,13.0,1,K9,K9_V1_PROXY,odd,even,mc_k9_oe,7,3,7,479,,
3696,0,7,14,-31.5,-2.1,13.0,1,K9,K9_V1_PROXY,even,odd,mc_k9_eo,0,3,7,472,,
3697,1,7,14,-27.3,-2.1,13.0,0,GAGG,GAGG,odd,odd,mc_gagg_oo,0,3,7,472,1905,7
3698,2,7,14,-23.1,-2.1,13.0,1,K9,K9_V1_PROXY,even,odd,mc_k9_eo,1,3,7,473,,
3699,3,7,14,-18.9,-2.1,13.0,0,GAGG,GAGG,odd,odd,mc_gagg_oo,1,3,7,473,1907,7
3700,4,7,14,-14.7,-2.1,13.0,1,K9,K9_V1_PROXY,even,odd,mc_k9_eo,2,3,7,474,,
3701,5,7,14,-10.5,-2.1,13.0,0,GAGG,GAGG,odd,odd,mc_gagg_oo,2,3,7,474,1909,7
3702,6,7,14,-6.3,-2.1,13.0,1,K9,K9_V1_PROXY,even,odd,mc_k9_eo,3,3,7,475,,
3703,7,7,14,-2.1,-2.1,13.0,0,GAGG,GAGG,odd,odd,mc_gagg_oo,3,3,7,475,1911,7
3704,8,7,14,2.1,-2.1,13.0,1,K9,K9_V1_PROXY,even,odd,mc_k9_eo,4,3,7,476,,
3705,9,7,14,6.3,-2.1,13.0,0,GAGG,GAGG,odd,odd,mc_gagg_oo,4,3,7,476,1913,7
3706,10,7,14,10.5,-2.1,13.0,1,K9,K9_V1_PROXY,even,odd,mc_k9_eo,5,3,7,477,,
3707,11,7,14,14.7,-2.1,13.0,0,GAGG,GAGG,odd,odd,mc_gagg_oo,5,3,7,477,1915,7
3708,12,7,14,18.9,-2.1,13.0,1,K9,K9_V1_PROXY,even,odd,mc_k9_eo,6,3,7,478,,
3709,13,7,14,23.1,-2.1,13.0,0,GAGG,GAGG,odd,odd,mc_gagg_oo,6,3,7,478,1917,7
3710,14,7,14,27.3,-2.1,13.0,1,K9,K9_V1_PROXY,even,odd,mc_k9_eo,7,3,7,479,,
3711,15,7,14,31.5,-2.1,13.0,0,GAGG,GAGG,odd,odd,mc_gagg_oo,7,3,7,479,1919,7
3712,0,8,14,-31.5,2.1,13.0,0,GAGG,GAGG,even,even,mc_gagg_ee,0,4,7,480,1920,7
3713,1,8,14,-27.3,2.1,13.0,1,K9,K9_V1_PROXY,odd,even,mc_k9_oe,0,4,7,480,,
3714,2,8,14,-23.1,2.1,13.0,0,GAGG,GAGG,even,even,mc_gagg_ee,1,4,7,481,1922,7
3715,3,8,14,-18.9,2.1,13.0,1,K9,K9_V1_PROXY,odd,even,mc_k9_oe,1,4,7,481,,
3716,4,8,14,-14.7,2.1,13.0,0,GAGG,GAGG,even,even,mc_gagg_ee,2,4,7,482,1924,7
3717,5,8,14,-10.5,2.1,13.0,1,K9,K9_V1_PROXY,odd,even,mc_k9_oe,2,4,7,482,,
3718,6,8,14,-6.3,2.1,13.0,0,GAGG,GAGG,even,even,mc_gagg_ee,3,4,7,483,1926,7
3719,7,8,14,-2.1,2.1,13.0,1,K9,K9_V1_PROXY,odd,even,mc_k9_oe,3,4,7,483,,
3720,8,8,14,2.1,2.1,13.0,0,GAGG,GAGG,even,even,mc_gagg_ee,4,4,7,484,1928,7
3721,9,8,14,6.3,2.1,13.0,1,K9,K9_V1_PROXY,odd,even,mc_k9_oe,4,4,7,484,,
3722,10,8,14,10.5,2.1,13.0,0,GAGG,GAGG,even,even,mc_gagg_ee,5,4,7,485,1930,7
3723,11,8,14,14.7,2.1,13.0,1,K9,K9_V1_PROXY,odd,even,mc_k9_oe,5,4,7,485,,
3724,12,8,14,18.9,2.1,13.0,0,GAGG,GAGG,even,even,mc_gagg_ee,6,4,7,486,1932,7
3725,13,8,14,23.1,2.1,13.0,1,K9,K9_V1_PROXY,odd,even,mc_k9_oe,6,4,7,486,,
3726,14,8,14,27.3,2.1,13.0,0,GAGG,GAGG,even,even,mc_gagg_ee,7,4,7,487,1934,7
3727,15,8,14,31.5,2.1,13.0,1,K9,K9_V1_PROXY,odd,even,mc_k9_oe,7,4,7,487,,
3728,0,9,14,-31.5,6.3,13.0,1,K9,K9_V1_PROXY,even,odd,mc_k9_eo,0,4,7,480,,
3729,1,9,14,-27.3,6.3,13.0,0,GAGG,GAGG,odd,odd,mc_gagg_oo,0,4,7,480,1937,7
3730,2,9,14,-23.1,6.3,13.0,1,K9,K9_V1_PROXY,even,odd,mc_k9_eo,1,4,7,481,,
3731,3,9,14,-18.9,6.3,13.0,0,GAGG,GAGG,odd,odd,mc_gagg_oo,1,4,7,481,1939,7
3732,4,9,14,-14.7,6.3,13.0,1,K9,K9_V1_PROXY,even,odd,mc_k9_eo,2,4,7,482,,
3733,5,9,14,-10.5,6.3,13.0,0,GAGG,GAGG,odd,odd,mc_gagg_oo,2,4,7,482,1941,7
3734,6,9,14,-6.3,6.3,13.0,1,K9,K9_V1_PROXY,even,odd,mc_k9_eo,3,4,7,483,,
3735,7,9,14,-2.1,6.3,13.0,0,GAGG,GAGG,odd,odd,mc_gagg_oo,3,4,7,483,1943,7
3736,8,9,14,2.1,6.3,13.0,1,K9,K9_V1_PROXY,even,odd,mc_k9_eo,4,4,7,484,,
3737,9,9,14,6.3,6.3,13.0,0,GAGG,GAGG,odd,odd,mc_gagg_oo,4,4,7,484,1945,7
3738,10,9,14,10.5,6.3,13.0,1,K9,K9_V1_PROXY,even,odd,mc_k9_eo,5,4,7,485,,
3739,11,9,14,14.7,6.3,13.0,0,GAGG,GAGG,odd,odd,mc_gagg_oo,5,4,7,485,1947,7
3740,12,9,14,18.9,6.3,13.0,1,K9,K9_V1_PROXY,even,odd,mc_k9_eo,6,4,7,486,,
3741,13,9,14,23.1,6.3,13.0,0,GAGG,GAGG,odd,odd,mc_gagg_oo,6,4,7,486,1949,7
3742,14,9,14,27.3,6.3,13.0,1,K9,K9_V1_PROXY,even,odd,mc_k9_eo,7,4,7,487,,
3743,15,9,14,31.5,6.3,13.0,0,GAGG,GAGG,odd,odd,mc_gagg_oo,7,4,7,487,1951,7
3744,0,10,14,-31.5,10.5,13.0,0,GAGG,GAGG,even,even,mc_gagg_ee,0,5,7,488,1952,7
3745,1,10,14,-27.3,10.5,13.0,1,K9,K9_V1_PROXY,odd,even,mc_k9_oe,0,5,7,488,,
3746,2,10,14,-23.1,10.5,13.0,0,GAGG,GAGG,even,even,mc_gagg_ee,1,5,7,489,1954,7
3747,3,10,14,-18.9,10.5,13.0,1,K9,K9_V1_PROXY,odd,even,mc_k9_oe,1,5,7,489,,
3748,4,10,14,-14.7,10.5,13.0,0,GAGG,GAGG,even,even,mc_gagg_ee,2,5,7,490,1956,7
3749,5,10,14,-10.5,10.5,13.0,1,K9,K9_V1_PROXY,odd,even,mc_k9_oe,2,5,7,490,,
3750,6,10,14,-6.3,10.5,13.0,0,GAGG,GAGG,even,even,mc_gagg_ee,3,5,7,491,1958,7
3751,7,10,14,-2.1,10.5,13.0,1,K9,K9_V1_PROXY,odd,even,mc_k9_oe,3,5,7,491,,
3752,8,10,14,2.1,10.5,13.0,0,GAGG,GAGG,even,even,mc_gagg_ee,4,5,7,492,1960,7
3753,9,10,14,6.3,10.5,13.0,1,K9,K9_V1_PROXY,odd,even,mc_k9_oe,4,5,7,492,,
3754,10,10,14,10.5,10.5,13.0,0,GAGG,GAGG,even,even,mc_gagg_ee,5,5,7,493,1962,7
3755,11,10,14,14.7,10.5,13.0,1,K9,K9_V1_PROXY,odd,even,mc_k9_oe,5,5,7,493,,
3756,12,10,14,18.9,10.5,13.0,0,GAGG,GAGG,even,even,mc_gagg_ee,6,5,7,494,1964,7
3757,13,10,14,23.1,10.5,13.0,1,K9,K9_V1_PROXY,odd,even,mc_k9_oe,6,5,7,494,,
3758,14,10,14,27.3,10.5,13.0,0,GAGG,GAGG,even,even,mc_gagg_ee,7,5,7,495,1966,7
3759,15,10,14,31.5,10.5,13.0,1,K9,K9_V1_PROXY,odd,even,mc_k9_oe,7,5,7,495,,
3760,0,11,14,-31.5,14.7,13.0,1,K9,K9_V1_PROXY,even,odd,mc_k9_eo,0,5,7,488,,
3761,1,11,14,-27.3,14.7,13.0,0,GAGG,GAGG,odd,odd,mc_gagg_oo,0,5,7,488,1969,7
3762,2,11,14,-23.1,14.7,13.0,1,K9,K9_V1_PROXY,even,odd,mc_k9_eo,1,5,7,489,,
3763,3,11,14,-18.9,14.7,13.0,0,GAGG,GAGG,odd,odd,mc_gagg_oo,1,5,7,489,1971,7
3764,4,11,14,-14.7,14.7,13.0,1,K9,K9_V1_PROXY,even,odd,mc_k9_eo,2,5,7,490,,
3765,5,11,14,-10.5,14.7,13.0,0,GAGG,GAGG,odd,odd,mc_gagg_oo,2,5,7,490,1973,7
3766,6,11,14,-6.3,14.7,13.0,1,K9,K9_V1_PROXY,even,odd,mc_k9_eo,3,5,7,491,,
3767,7,11,14,-2.1,14.7,13.0,0,GAGG,GAGG,odd,odd,mc_gagg_oo,3,5,7,491,1975,7
3768,8,11,14,2.1,14.7,13.0,1,K9,K9_V1_PROXY,even,odd,mc_k9_eo,4,5,7,492,,
3769,9,11,14,6.3,14.7,13.0,0,GAGG,GAGG,odd,odd,mc_gagg_oo,4,5,7,492,1977,7
3770,10,11,14,10.5,14.7,13.0,1,K9,K9_V1_PROXY,even,odd,mc_k9_eo,5,5,7,493,,
3771,11,11,14,14.7,14.7,13.0,0,GAGG,GAGG,odd,odd,mc_gagg_oo,5,5,7,493,1979,7
3772,12,11,14,18.9,14.7,13.0,1,K9,K9_V1_PROXY,even,odd,mc_k9_eo,6,5,7,494,,
3773,13,11,14,23.1,14.7,13.0,0,GAGG,GAGG,odd,odd,mc_gagg_oo,6,5,7,494,1981,7
3774,14,11,14,27.3,14.7,13.0,1,K9,K9_V1_PROXY,even,odd,mc_k9_eo,7,5,7,495,,
3775,15,11,14,31.5,14.7,13.0,0,GAGG,GAGG,odd,odd,mc_gagg_oo,7,5,7,495,1983,7
3776,0,12,14,-31.5,18.9,13.0,0,GAGG,GAGG,even,even,mc_gagg_ee,0,6,7,496,1984,7
3777,1,12,14,-27.3,18.9,13.0,1,K9,K9_V1_PROXY,odd,even,mc_k9_oe,0,6,7,496,,
3778,2,12,14,-23.1,18.9,13.0,0,GAGG,GAGG,even,even,mc_gagg_ee,1,6,7,497,1986,7
3779,3,12,14,-18.9,18.9,13.0,1,K9,K9_V1_PROXY,odd,even,mc_k9_oe,1,6,7,497,,
3780,4,12,14,-14.7,18.9,13.0,0,GAGG,GAGG,even,even,mc_gagg_ee,2,6,7,498,1988,7
3781,5,12,14,-10.5,18.9,13.0,1,K9,K9_V1_PROXY,odd,even,mc_k9_oe,2,6,7,498,,
3782,6,12,14,-6.3,18.9,13.0,0,GAGG,GAGG,even,even,mc_gagg_ee,3,6,7,499,1990,7
3783,7,12,14,-2.1,18.9,13.0,1,K9,K9_V1_PROXY,odd,even,mc_k9_oe,3,6,7,499,,
3784,8,12,14,2.1,18.9,13.0,0,GAGG,GAGG,even,even,mc_gagg_ee,4,6,7,500,1992,7
3785,9,12,14,6.3,18.9,13.0,1,K9,K9_V1_PROXY,odd,even,mc_k9_oe,4,6,7,500,,
3786,10,12,14,10.5,18.9,13.0,0,GAGG,GAGG,even,even,mc_gagg_ee,5,6,7,501,1994,7
3787,11,12,14,14.7,18.9,13.0,1,K9,K9_V1_PROXY,odd,even,mc_k9_oe,5,6,7,501,,
3788,12,12,14,18.9,18.9,13.0,0,GAGG,GAGG,even,even,mc_gagg_ee,6,6,7,502,1996,7
3789,13,12,14,23.1,18.9,13.0,1,K9,K9_V1_PROXY,odd,even,mc_k9_oe,6,6,7,502,,
3790,14,12,14,27.3,18.9,13.0,0,GAGG,GAGG,even,even,mc_gagg_ee,7,6,7,503,1998,7
3791,15,12,14,31.5,18.9,13.0,1,K9,K9_V1_PROXY,odd,even,mc_k9_oe,7,6,7,503,,
3792,0,13,14,-31.5,23.1,13.0,1,K9,K9_V1_PROXY,even,odd,mc_k9_eo,0,6,7,496,,
3793,1,13,14,-27.3,23.1,13.0,0,GAGG,GAGG,odd,odd,mc_gagg_oo,0,6,7,496,2001,7
3794,2,13,14,-23.1,23.1,13.0,1,K9,K9_V1_PROXY,even,odd,mc_k9_eo,1,6,7,497,,
3795,3,13,14,-18.9,23.1,13.0,0,GAGG,GAGG,odd,odd,mc_gagg_oo,1,6,7,497,2003,7
3796,4,13,14,-14.7,23.1,13.0,1,K9,K9_V1_PROXY,even,odd,mc_k9_eo,2,6,7,498,,
3797,5,13,14,-10.5,23.1,13.0,0,GAGG,GAGG,odd,odd,mc_gagg_oo,2,6,7,498,2005,7
3798,6,13,14,-6.3,23.1,13.0,1,K9,K9_V1_PROXY,even,odd,mc_k9_eo,3,6,7,499,,
3799,7,13,14,-2.1,23.1,13.0,0,GAGG,GAGG,odd,odd,mc_gagg_oo,3,6,7,499,2007,7
3800,8,13,14,2.1,23.1,13.0,1,K9,K9_V1_PROXY,even,odd,mc_k9_eo,4,6,7,500,,
3801,9,13,14,6.3,23.1,13.0,0,GAGG,GAGG,odd,odd,mc_gagg_oo,4,6,7,500,2009,7
3802,10,13,14,10.5,23.1,13.0,1,K9,K9_V1_PROXY,even,odd,mc_k9_eo,5,6,7,501,,
3803,11,13,14,14.7,23.1,13.0,0,GAGG,GAGG,odd,odd,mc_gagg_oo,5,6,7,501,2011,7
3804,12,13,14,18.9,23.1,13.0,1,K9,K9_V1_PROXY,even,odd,mc_k9_eo,6,6,7,502,,
3805,13,13,14,23.1,23.1,13.0,0,GAGG,GAGG,odd,odd,mc_gagg_oo,6,6,7,502,2013,7
3806,14,13,14,27.3,23.1,13.0,1,K9,K9_V1_PROXY,even,odd,mc_k9_eo,7,6,7,503,,
3807,15,13,14,31.5,23.1,13.0,0,GAGG,GAGG,odd,odd,mc_gagg_oo,7,6,7,503,2015,7
3808,0,14,14,-31.5,27.3,13.0,0,GAGG,GAGG,even,even,mc_gagg_ee,0,7,7,504,2016,7
3809,1,14,14,-27.3,27.3,13.0,1,K9,K9_V1_PROXY,odd,even,mc_k9_oe,0,7,7,504,,
3810,2,14,14,-23.1,27.3,13.0,0,GAGG,GAGG,even,even,mc_gagg_ee,1,7,7,505,2018,7
3811,3,14,14,-18.9,27.3,13.0,1,K9,K9_V1_PROXY,odd,even,mc_k9_oe,1,7,7,505,,
3812,4,14,14,-14.7,27.3,13.0,0,GAGG,GAGG,even,even,mc_gagg_ee,2,7,7,506,2020,7
3813,5,14,14,-10.5,27.3,13.0,1,K9,K9_V1_PROXY,odd,even,mc_k9_oe,2,7,7,506,,
3814,6,14,14,-6.3,27.3,13.0,0,GAGG,GAGG,even,even,mc_gagg_ee,3,7,7,507,2022,7
3815,7,14,14,-2.1,27.3,13.0,1,K9,K9_V1_PROXY,odd,even,mc_k9_oe,3,7,7,507,,
3816,8,14,14,2.1,27.3,13.0,0,GAGG,GAGG,even,even,mc_gagg_ee,4,7,7,508,2024,7
3817,9,14,14,6.3,27.3,13.0,1,K9,K9_V1_PROXY,odd,even,mc_k9_oe,4,7,7,508,,
3818,10,14,14,10.5,27.3,13.0,0,GAGG,GAGG,even,even,mc_gagg_ee,5,7,7,509,2026,7
3819,11,14,14,14.7,27.3,13.0,1,K9,K9_V1_PROXY,odd,even,mc_k9_oe,5,7,7,509,,
3820,12,14,14,18.9,27.3,13.0,0,GAGG,GAGG,even,even,mc_gagg_ee,6,7,7,510,2028,7
3821,13,14,14,23.1,27.3,13.0,1,K9,K9_V1_PROXY,odd,even,mc_k9_oe,6,7,7,510,,
3822,14,14,14,27.3,27.3,13.0,0,GAGG,GAGG,even,even,mc_gagg_ee,7,7,7,511,2030,7
3823,15,14,14,31.5,27.3,13.0,1,K9,K9_V1_PROXY,odd,even,mc_k9_oe,7,7,7,511,,
3824,0,15,14,-31.5,31.5,13.0,1,K9,K9_V1_PROXY,even,odd,mc_k9_eo,0,7,7,504,,
3825,1,15,14,-27.3,31.5,13.0,0,GAGG,GAGG,odd,odd,mc_gagg_oo,0,7,7,504,2033,7
3826,2,15,14,-23.1,31.5,13.0,1,K9,K9_V1_PROXY,even,odd,mc_k9_eo,1,7,7,505,,
3827,3,15,14,-18.9,31.5,13.0,0,GAGG,GAGG,odd,odd,mc_gagg_oo,1,7,7,505,2035,7
3828,4,15,14,-14.7,31.5,13.0,1,K9,K9_V1_PROXY,even,odd,mc_k9_eo,2,7,7,506,,
3829,5,15,14,-10.5,31.5,13.0,0,GAGG,GAGG,odd,odd,mc_gagg_oo,2,7,7,506,2037,7
3830,6,15,14,-6.3,31.5,13.0,1,K9,K9_V1_PROXY,even,odd,mc_k9_eo,3,7,7,507,,
3831,7,15,14,-2.1,31.5,13.0,0,GAGG,GAGG,odd,odd,mc_gagg_oo,3,7,7,507,2039,7
3832,8,15,14,2.1,31.5,13.0,1,K9,K9_V1_PROXY,even,odd,mc_k9_eo,4,7,7,508,,
3833,9,15,14,6.3,31.5,13.0,0,GAGG,GAGG,odd,odd,mc_gagg_oo,4,7,7,508,2041,7
3834,10,15,14,10.5,31.5,13.0,1,K9,K9_V1_PROXY,even,odd,mc_k9_eo,5,7,7,509,,
3835,11,15,14,14.7,31.5,13.0,0,GAGG,GAGG,odd,odd,mc_gagg_oo,5,7,7,509,2043,7
3836,12,15,14,18.9,31.5,13.0,1,K9,K9_V1_PROXY,even,odd,mc_k9_eo,6,7,7,510,,
3837,13,15,14,23.1,31.5,13.0,0,GAGG,GAGG,odd,odd,mc_gagg_oo,6,7,7,510,2045,7
3838,14,15,14,27.3,31.5,13.0,1,K9,K9_V1_PROXY,even,odd,mc_k9_eo,7,7,7,511,,
3839,15,15,14,31.5,31.5,13.0,0,GAGG,GAGG,odd,odd,mc_gagg_oo,7,7,7,511,2047,7
3840,0,0,15,-31.5,-31.5,15.0,1,K9,K9_V1_PROXY,even,even,mc_k9_ee,0,0,7,448,,
3841,1,0,15,-27.3,-31.5,15.0,0,GAGG,GAGG,odd,even,mc_gagg_oe,0,0,7,448,1793,7
3842,2,0,15,-23.1,-31.5,15.0,1,K9,K9_V1_PROXY,even,even,mc_k9_ee,1,0,7,449,,
3843,3,0,15,-18.9,-31.5,15.0,0,GAGG,GAGG,odd,even,mc_gagg_oe,1,0,7,449,1795,7
3844,4,0,15,-14.7,-31.5,15.0,1,K9,K9_V1_PROXY,even,even,mc_k9_ee,2,0,7,450,,
3845,5,0,15,-10.5,-31.5,15.0,0,GAGG,GAGG,odd,even,mc_gagg_oe,2,0,7,450,1797,7
3846,6,0,15,-6.3,-31.5,15.0,1,K9,K9_V1_PROXY,even,even,mc_k9_ee,3,0,7,451,,
3847,7,0,15,-2.1,-31.5,15.0,0,GAGG,GAGG,odd,even,mc_gagg_oe,3,0,7,451,1799,7
3848,8,0,15,2.1,-31.5,15.0,1,K9,K9_V1_PROXY,even,even,mc_k9_ee,4,0,7,452,,
3849,9,0,15,6.3,-31.5,15.0,0,GAGG,GAGG,odd,even,mc_gagg_oe,4,0,7,452,1801,7
3850,10,0,15,10.5,-31.5,15.0,1,K9,K9_V1_PROXY,even,even,mc_k9_ee,5,0,7,453,,
3851,11,0,15,14.7,-31.5,15.0,0,GAGG,GAGG,odd,even,mc_gagg_oe,5,0,7,453,1803,7
3852,12,0,15,18.9,-31.5,15.0,1,K9,K9_V1_PROXY,even,even,mc_k9_ee,6,0,7,454,,
3853,13,0,15,23.1,-31.5,15.0,0,GAGG,GAGG,odd,even,mc_gagg_oe,6,0,7,454,1805,7
3854,14,0,15,27.3,-31.5,15.0,1,K9,K9_V1_PROXY,even,even,mc_k9_ee,7,0,7,455,,
3855,15,0,15,31.5,-31.5,15.0,0,GAGG,GAGG,odd,even,mc_gagg_oe,7,0,7,455,1807,7
3856,0,1,15,-31.5,-27.3,15.0,0,GAGG,GAGG,even,odd,mc_gagg_eo,0,0,7,448,1808,7
3857,1,1,15,-27.3,-27.3,15.0,1,K9,K9_V1_PROXY,odd,odd,mc_k9_oo,0,0,7,448,,
3858,2,1,15,-23.1,-27.3,15.0,0,GAGG,GAGG,even,odd,mc_gagg_eo,1,0,7,449,1810,7
3859,3,1,15,-18.9,-27.3,15.0,1,K9,K9_V1_PROXY,odd,odd,mc_k9_oo,1,0,7,449,,
3860,4,1,15,-14.7,-27.3,15.0,0,GAGG,GAGG,even,odd,mc_gagg_eo,2,0,7,450,1812,7
3861,5,1,15,-10.5,-27.3,15.0,1,K9,K9_V1_PROXY,odd,odd,mc_k9_oo,2,0,7,450,,
3862,6,1,15,-6.3,-27.3,15.0,0,GAGG,GAGG,even,odd,mc_gagg_eo,3,0,7,451,1814,7
3863,7,1,15,-2.1,-27.3,15.0,1,K9,K9_V1_PROXY,odd,odd,mc_k9_oo,3,0,7,451,,
3864,8,1,15,2.1,-27.3,15.0,0,GAGG,GAGG,even,odd,mc_gagg_eo,4,0,7,452,1816,7
3865,9,1,15,6.3,-27.3,15.0,1,K9,K9_V1_PROXY,odd,odd,mc_k9_oo,4,0,7,452,,
3866,10,1,15,10.5,-27.3,15.0,0,GAGG,GAGG,even,odd,mc_gagg_eo,5,0,7,453,1818,7
3867,11,1,15,14.7,-27.3,15.0,1,K9,K9_V1_PROXY,odd,odd,mc_k9_oo,5,0,7,453,,
3868,12,1,15,18.9,-27.3,15.0,0,GAGG,GAGG,even,odd,mc_gagg_eo,6,0,7,454,1820,7
3869,13,1,15,23.1,-27.3,15.0,1,K9,K9_V1_PROXY,odd,odd,mc_k9_oo,6,0,7,454,,
3870,14,1,15,27.3,-27.3,15.0,0,GAGG,GAGG,even,odd,mc_gagg_eo,7,0,7,455,1822,7
3871,15,1,15,31.5,-27.3,15.0,1,K9,K9_V1_PROXY,odd,odd,mc_k9_oo,7,0,7,455,,
3872,0,2,15,-31.5,-23.1,15.0,1,K9,K9_V1_PROXY,even,even,mc_k9_ee,0,1,7,456,,
3873,1,2,15,-27.3,-23.1,15.0,0,GAGG,GAGG,odd,even,mc_gagg_oe,0,1,7,456,1825,7
3874,2,2,15,-23.1,-23.1,15.0,1,K9,K9_V1_PROXY,even,even,mc_k9_ee,1,1,7,457,,
3875,3,2,15,-18.9,-23.1,15.0,0,GAGG,GAGG,odd,even,mc_gagg_oe,1,1,7,457,1827,7
3876,4,2,15,-14.7,-23.1,15.0,1,K9,K9_V1_PROXY,even,even,mc_k9_ee,2,1,7,458,,
3877,5,2,15,-10.5,-23.1,15.0,0,GAGG,GAGG,odd,even,mc_gagg_oe,2,1,7,458,1829,7
3878,6,2,15,-6.3,-23.1,15.0,1,K9,K9_V1_PROXY,even,even,mc_k9_ee,3,1,7,459,,
3879,7,2,15,-2.1,-23.1,15.0,0,GAGG,GAGG,odd,even,mc_gagg_oe,3,1,7,459,1831,7
3880,8,2,15,2.1,-23.1,15.0,1,K9,K9_V1_PROXY,even,even,mc_k9_ee,4,1,7,460,,
3881,9,2,15,6.3,-23.1,15.0,0,GAGG,GAGG,odd,even,mc_gagg_oe,4,1,7,460,1833,7
3882,10,2,15,10.5,-23.1,15.0,1,K9,K9_V1_PROXY,even,even,mc_k9_ee,5,1,7,461,,
3883,11,2,15,14.7,-23.1,15.0,0,GAGG,GAGG,odd,even,mc_gagg_oe,5,1,7,461,1835,7
3884,12,2,15,18.9,-23.1,15.0,1,K9,K9_V1_PROXY,even,even,mc_k9_ee,6,1,7,462,,
3885,13,2,15,23.1,-23.1,15.0,0,GAGG,GAGG,odd,even,mc_gagg_oe,6,1,7,462,1837,7
3886,14,2,15,27.3,-23.1,15.0,1,K9,K9_V1_PROXY,even,even,mc_k9_ee,7,1,7,463,,
3887,15,2,15,31.5,-23.1,15.0,0,GAGG,GAGG,odd,even,mc_gagg_oe,7,1,7,463,1839,7
3888,0,3,15,-31.5,-18.9,15.0,0,GAGG,GAGG,even,odd,mc_gagg_eo,0,1,7,456,1840,7
3889,1,3,15,-27.3,-18.9,15.0,1,K9,K9_V1_PROXY,odd,odd,mc_k9_oo,0,1,7,456,,
3890,2,3,15,-23.1,-18.9,15.0,0,GAGG,GAGG,even,odd,mc_gagg_eo,1,1,7,457,1842,7
3891,3,3,15,-18.9,-18.9,15.0,1,K9,K9_V1_PROXY,odd,odd,mc_k9_oo,1,1,7,457,,
3892,4,3,15,-14.7,-18.9,15.0,0,GAGG,GAGG,even,odd,mc_gagg_eo,2,1,7,458,1844,7
3893,5,3,15,-10.5,-18.9,15.0,1,K9,K9_V1_PROXY,odd,odd,mc_k9_oo,2,1,7,458,,
3894,6,3,15,-6.3,-18.9,15.0,0,GAGG,GAGG,even,odd,mc_gagg_eo,3,1,7,459,1846,7
3895,7,3,15,-2.1,-18.9,15.0,1,K9,K9_V1_PROXY,odd,odd,mc_k9_oo,3,1,7,459,,
3896,8,3,15,2.1,-18.9,15.0,0,GAGG,GAGG,even,odd,mc_gagg_eo,4,1,7,460,1848,7
3897,9,3,15,6.3,-18.9,15.0,1,K9,K9_V1_PROXY,odd,odd,mc_k9_oo,4,1,7,460,,
3898,10,3,15,10.5,-18.9,15.0,0,GAGG,GAGG,even,odd,mc_gagg_eo,5,1,7,461,1850,7
3899,11,3,15,14.7,-18.9,15.0,1,K9,K9_V1_PROXY,odd,odd,mc_k9_oo,5,1,7,461,,
3900,12,3,15,18.9,-18.9,15.0,0,GAGG,GAGG,even,odd,mc_gagg_eo,6,1,7,462,1852,7
3901,13,3,15,23.1,-18.9,15.0,1,K9,K9_V1_PROXY,odd,odd,mc_k9_oo,6,1,7,462,,
3902,14,3,15,27.3,-18.9,15.0,0,GAGG,GAGG,even,odd,mc_gagg_eo,7,1,7,463,1854,7
3903,15,3,15,31.5,-18.9,15.0,1,K9,K9_V1_PROXY,odd,odd,mc_k9_oo,7,1,7,463,,
3904,0,4,15,-31.5,-14.7,15.0,1,K9,K9_V1_PROXY,even,even,mc_k9_ee,0,2,7,464,,
3905,1,4,15,-27.3,-14.7,15.0,0,GAGG,GAGG,odd,even,mc_gagg_oe,0,2,7,464,1857,7
3906,2,4,15,-23.1,-14.7,15.0,1,K9,K9_V1_PROXY,even,even,mc_k9_ee,1,2,7,465,,
3907,3,4,15,-18.9,-14.7,15.0,0,GAGG,GAGG,odd,even,mc_gagg_oe,1,2,7,465,1859,7
3908,4,4,15,-14.7,-14.7,15.0,1,K9,K9_V1_PROXY,even,even,mc_k9_ee,2,2,7,466,,
3909,5,4,15,-10.5,-14.7,15.0,0,GAGG,GAGG,odd,even,mc_gagg_oe,2,2,7,466,1861,7
3910,6,4,15,-6.3,-14.7,15.0,1,K9,K9_V1_PROXY,even,even,mc_k9_ee,3,2,7,467,,
3911,7,4,15,-2.1,-14.7,15.0,0,GAGG,GAGG,odd,even,mc_gagg_oe,3,2,7,467,1863,7
3912,8,4,15,2.1,-14.7,15.0,1,K9,K9_V1_PROXY,even,even,mc_k9_ee,4,2,7,468,,
3913,9,4,15,6.3,-14.7,15.0,0,GAGG,GAGG,odd,even,mc_gagg_oe,4,2,7,468,1865,7
3914,10,4,15,10.5,-14.7,15.0,1,K9,K9_V1_PROXY,even,even,mc_k9_ee,5,2,7,469,,
3915,11,4,15,14.7,-14.7,15.0,0,GAGG,GAGG,odd,even,mc_gagg_oe,5,2,7,469,1867,7
3916,12,4,15,18.9,-14.7,15.0,1,K9,K9_V1_PROXY,even,even,mc_k9_ee,6,2,7,470,,
3917,13,4,15,23.1,-14.7,15.0,0,GAGG,GAGG,odd,even,mc_gagg_oe,6,2,7,470,1869,7
3918,14,4,15,27.3,-14.7,15.0,1,K9,K9_V1_PROXY,even,even,mc_k9_ee,7,2,7,471,,
3919,15,4,15,31.5,-14.7,15.0,0,GAGG,GAGG,odd,even,mc_gagg_oe,7,2,7,471,1871,7
3920,0,5,15,-31.5,-10.5,15.0,0,GAGG,GAGG,even,odd,mc_gagg_eo,0,2,7,464,1872,7
3921,1,5,15,-27.3,-10.5,15.0,1,K9,K9_V1_PROXY,odd,odd,mc_k9_oo,0,2,7,464,,
3922,2,5,15,-23.1,-10.5,15.0,0,GAGG,GAGG,even,odd,mc_gagg_eo,1,2,7,465,1874,7
3923,3,5,15,-18.9,-10.5,15.0,1,K9,K9_V1_PROXY,odd,odd,mc_k9_oo,1,2,7,465,,
3924,4,5,15,-14.7,-10.5,15.0,0,GAGG,GAGG,even,odd,mc_gagg_eo,2,2,7,466,1876,7
3925,5,5,15,-10.5,-10.5,15.0,1,K9,K9_V1_PROXY,odd,odd,mc_k9_oo,2,2,7,466,,
3926,6,5,15,-6.3,-10.5,15.0,0,GAGG,GAGG,even,odd,mc_gagg_eo,3,2,7,467,1878,7
3927,7,5,15,-2.1,-10.5,15.0,1,K9,K9_V1_PROXY,odd,odd,mc_k9_oo,3,2,7,467,,
3928,8,5,15,2.1,-10.5,15.0,0,GAGG,GAGG,even,odd,mc_gagg_eo,4,2,7,468,1880,7
3929,9,5,15,6.3,-10.5,15.0,1,K9,K9_V1_PROXY,odd,odd,mc_k9_oo,4,2,7,468,,
3930,10,5,15,10.5,-10.5,15.0,0,GAGG,GAGG,even,odd,mc_gagg_eo,5,2,7,469,1882,7
3931,11,5,15,14.7,-10.5,15.0,1,K9,K9_V1_PROXY,odd,odd,mc_k9_oo,5,2,7,469,,
3932,12,5,15,18.9,-10.5,15.0,0,GAGG,GAGG,even,odd,mc_gagg_eo,6,2,7,470,1884,7
3933,13,5,15,23.1,-10.5,15.0,1,K9,K9_V1_PROXY,odd,odd,mc_k9_oo,6,2,7,470,,
3934,14,5,15,27.3,-10.5,15.0,0,GAGG,GAGG,even,odd,mc_gagg_eo,7,2,7,471,1886,7
3935,15,5,15,31.5,-10.5,15.0,1,K9,K9_V1_PROXY,odd,odd,mc_k9_oo,7,2,7,471,,
3936,0,6,15,-31.5,-6.3,15.0,1,K9,K9_V1_PROXY,even,even,mc_k9_ee,0,3,7,472,,
3937,1,6,15,-27.3,-6.3,15.0,0,GAGG,GAGG,odd,even,mc_gagg_oe,0,3,7,472,1889,7
3938,2,6,15,-23.1,-6.3,15.0,1,K9,K9_V1_PROXY,even,even,mc_k9_ee,1,3,7,473,,
3939,3,6,15,-18.9,-6.3,15.0,0,GAGG,GAGG,odd,even,mc_gagg_oe,1,3,7,473,1891,7
3940,4,6,15,-14.7,-6.3,15.0,1,K9,K9_V1_PROXY,even,even,mc_k9_ee,2,3,7,474,,
3941,5,6,15,-10.5,-6.3,15.0,0,GAGG,GAGG,odd,even,mc_gagg_oe,2,3,7,474,1893,7
3942,6,6,15,-6.3,-6.3,15.0,1,K9,K9_V1_PROXY,even,even,mc_k9_ee,3,3,7,475,,
3943,7,6,15,-2.1,-6.3,15.0,0,GAGG,GAGG,odd,even,mc_gagg_oe,3,3,7,475,1895,7
3944,8,6,15,2.1,-6.3,15.0,1,K9,K9_V1_PROXY,even,even,mc_k9_ee,4,3,7,476,,
3945,9,6,15,6.3,-6.3,15.0,0,GAGG,GAGG,odd,even,mc_gagg_oe,4,3,7,476,1897,7
3946,10,6,15,10.5,-6.3,15.0,1,K9,K9_V1_PROXY,even,even,mc_k9_ee,5,3,7,477,,
3947,11,6,15,14.7,-6.3,15.0,0,GAGG,GAGG,odd,even,mc_gagg_oe,5,3,7,477,1899,7
3948,12,6,15,18.9,-6.3,15.0,1,K9,K9_V1_PROXY,even,even,mc_k9_ee,6,3,7,478,,
3949,13,6,15,23.1,-6.3,15.0,0,GAGG,GAGG,odd,even,mc_gagg_oe,6,3,7,478,1901,7
3950,14,6,15,27.3,-6.3,15.0,1,K9,K9_V1_PROXY,even,even,mc_k9_ee,7,3,7,479,,
3951,15,6,15,31.5,-6.3,15.0,0,GAGG,GAGG,odd,even,mc_gagg_oe,7,3,7,479,1903,7
3952,0,7,15,-31.5,-2.1,15.0,0,GAGG,GAGG,even,odd,mc_gagg_eo,0,3,7,472,1904,7
3953,1,7,15,-27.3,-2.1,15.0,1,K9,K9_V1_PROXY,odd,odd,mc_k9_oo,0,3,7,472,,
3954,2,7,15,-23.1,-2.1,15.0,0,GAGG,GAGG,even,odd,mc_gagg_eo,1,3,7,473,1906,7
3955,3,7,15,-18.9,-2.1,15.0,1,K9,K9_V1_PROXY,odd,odd,mc_k9_oo,1,3,7,473,,
3956,4,7,15,-14.7,-2.1,15.0,0,GAGG,GAGG,even,odd,mc_gagg_eo,2,3,7,474,1908,7
3957,5,7,15,-10.5,-2.1,15.0,1,K9,K9_V1_PROXY,odd,odd,mc_k9_oo,2,3,7,474,,
3958,6,7,15,-6.3,-2.1,15.0,0,GAGG,GAGG,even,odd,mc_gagg_eo,3,3,7,475,1910,7
3959,7,7,15,-2.1,-2.1,15.0,1,K9,K9_V1_PROXY,odd,odd,mc_k9_oo,3,3,7,475,,
3960,8,7,15,2.1,-2.1,15.0,0,GAGG,GAGG,even,odd,mc_gagg_eo,4,3,7,476,1912,7
3961,9,7,15,6.3,-2.1,15.0,1,K9,K9_V1_PROXY,odd,odd,mc_k9_oo,4,3,7,476,,
3962,10,7,15,10.5,-2.1,15.0,0,GAGG,GAGG,even,odd,mc_gagg_eo,5,3,7,477,1914,7
3963,11,7,15,14.7,-2.1,15.0,1,K9,K9_V1_PROXY,odd,odd,mc_k9_oo,5,3,7,477,,
3964,12,7,15,18.9,-2.1,15.0,0,GAGG,GAGG,even,odd,mc_gagg_eo,6,3,7,478,1916,7
3965,13,7,15,23.1,-2.1,15.0,1,K9,K9_V1_PROXY,odd,odd,mc_k9_oo,6,3,7,478,,
3966,14,7,15,27.3,-2.1,15.0,0,GAGG,GAGG,even,odd,mc_gagg_eo,7,3,7,479,1918,7
3967,15,7,15,31.5,-2.1,15.0,1,K9,K9_V1_PROXY,odd,odd,mc_k9_oo,7,3,7,479,,
3968,0,8,15,-31.5,2.1,15.0,1,K9,K9_V1_PROXY,even,even,mc_k9_ee,0,4,7,480,,
3969,1,8,15,-27.3,2.1,15.0,0,GAGG,GAGG,odd,even,mc_gagg_oe,0,4,7,480,1921,7
3970,2,8,15,-23.1,2.1,15.0,1,K9,K9_V1_PROXY,even,even,mc_k9_ee,1,4,7,481,,
3971,3,8,15,-18.9,2.1,15.0,0,GAGG,GAGG,odd,even,mc_gagg_oe,1,4,7,481,1923,7
3972,4,8,15,-14.7,2.1,15.0,1,K9,K9_V1_PROXY,even,even,mc_k9_ee,2,4,7,482,,
3973,5,8,15,-10.5,2.1,15.0,0,GAGG,GAGG,odd,even,mc_gagg_oe,2,4,7,482,1925,7
3974,6,8,15,-6.3,2.1,15.0,1,K9,K9_V1_PROXY,even,even,mc_k9_ee,3,4,7,483,,
3975,7,8,15,-2.1,2.1,15.0,0,GAGG,GAGG,odd,even,mc_gagg_oe,3,4,7,483,1927,7
3976,8,8,15,2.1,2.1,15.0,1,K9,K9_V1_PROXY,even,even,mc_k9_ee,4,4,7,484,,
3977,9,8,15,6.3,2.1,15.0,0,GAGG,GAGG,odd,even,mc_gagg_oe,4,4,7,484,1929,7
3978,10,8,15,10.5,2.1,15.0,1,K9,K9_V1_PROXY,even,even,mc_k9_ee,5,4,7,485,,
3979,11,8,15,14.7,2.1,15.0,0,GAGG,GAGG,odd,even,mc_gagg_oe,5,4,7,485,1931,7
3980,12,8,15,18.9,2.1,15.0,1,K9,K9_V1_PROXY,even,even,mc_k9_ee,6,4,7,486,,
3981,13,8,15,23.1,2.1,15.0,0,GAGG,GAGG,odd,even,mc_gagg_oe,6,4,7,486,1933,7
3982,14,8,15,27.3,2.1,15.0,1,K9,K9_V1_PROXY,even,even,mc_k9_ee,7,4,7,487,,
3983,15,8,15,31.5,2.1,15.0,0,GAGG,GAGG,odd,even,mc_gagg_oe,7,4,7,487,1935,7
3984,0,9,15,-31.5,6.3,15.0,0,GAGG,GAGG,even,odd,mc_gagg_eo,0,4,7,480,1936,7
3985,1,9,15,-27.3,6.3,15.0,1,K9,K9_V1_PROXY,odd,odd,mc_k9_oo,0,4,7,480,,
3986,2,9,15,-23.1,6.3,15.0,0,GAGG,GAGG,even,odd,mc_gagg_eo,1,4,7,481,1938,7
3987,3,9,15,-18.9,6.3,15.0,1,K9,K9_V1_PROXY,odd,odd,mc_k9_oo,1,4,7,481,,
3988,4,9,15,-14.7,6.3,15.0,0,GAGG,GAGG,even,odd,mc_gagg_eo,2,4,7,482,1940,7
3989,5,9,15,-10.5,6.3,15.0,1,K9,K9_V1_PROXY,odd,odd,mc_k9_oo,2,4,7,482,,
3990,6,9,15,-6.3,6.3,15.0,0,GAGG,GAGG,even,odd,mc_gagg_eo,3,4,7,483,1942,7
3991,7,9,15,-2.1,6.3,15.0,1,K9,K9_V1_PROXY,odd,odd,mc_k9_oo,3,4,7,483,,
3992,8,9,15,2.1,6.3,15.0,0,GAGG,GAGG,even,odd,mc_gagg_eo,4,4,7,484,1944,7
3993,9,9,15,6.3,6.3,15.0,1,K9,K9_V1_PROXY,odd,odd,mc_k9_oo,4,4,7,484,,
3994,10,9,15,10.5,6.3,15.0,0,GAGG,GAGG,even,odd,mc_gagg_eo,5,4,7,485,1946,7
3995,11,9,15,14.7,6.3,15.0,1,K9,K9_V1_PROXY,odd,odd,mc_k9_oo,5,4,7,485,,
3996,12,9,15,18.9,6.3,15.0,0,GAGG,GAGG,even,odd,mc_gagg_eo,6,4,7,486,1948,7
3997,13,9,15,23.1,6.3,15.0,1,K9,K9_V1_PROXY,odd,odd,mc_k9_oo,6,4,7,486,,
3998,14,9,15,27.3,6.3,15.0,0,GAGG,GAGG,even,odd,mc_gagg_eo,7,4,7,487,1950,7
3999,15,9,15,31.5,6.3,15.0,1,K9,K9_V1_PROXY,odd,odd,mc_k9_oo,7,4,7,487,,
4000,0,10,15,-31.5,10.5,15.0,1,K9,K9_V1_PROXY,even,even,mc_k9_ee,0,5,7,488,,
4001,1,10,15,-27.3,10.5,15.0,0,GAGG,GAGG,odd,even,mc_gagg_oe,0,5,7,488,1953,7
4002,2,10,15,-23.1,10.5,15.0,1,K9,K9_V1_PROXY,even,even,mc_k9_ee,1,5,7,489,,
4003,3,10,15,-18.9,10.5,15.0,0,GAGG,GAGG,odd,even,mc_gagg_oe,1,5,7,489,1955,7
4004,4,10,15,-14.7,10.5,15.0,1,K9,K9_V1_PROXY,even,even,mc_k9_ee,2,5,7,490,,
4005,5,10,15,-10.5,10.5,15.0,0,GAGG,GAGG,odd,even,mc_gagg_oe,2,5,7,490,1957,7
4006,6,10,15,-6.3,10.5,15.0,1,K9,K9_V1_PROXY,even,even,mc_k9_ee,3,5,7,491,,
4007,7,10,15,-2.1,10.5,15.0,0,GAGG,GAGG,odd,even,mc_gagg_oe,3,5,7,491,1959,7
4008,8,10,15,2.1,10.5,15.0,1,K9,K9_V1_PROXY,even,even,mc_k9_ee,4,5,7,492,,
4009,9,10,15,6.3,10.5,15.0,0,GAGG,GAGG,odd,even,mc_gagg_oe,4,5,7,492,1961,7
4010,10,10,15,10.5,10.5,15.0,1,K9,K9_V1_PROXY,even,even,mc_k9_ee,5,5,7,493,,
4011,11,10,15,14.7,10.5,15.0,0,GAGG,GAGG,odd,even,mc_gagg_oe,5,5,7,493,1963,7
4012,12,10,15,18.9,10.5,15.0,1,K9,K9_V1_PROXY,even,even,mc_k9_ee,6,5,7,494,,
4013,13,10,15,23.1,10.5,15.0,0,GAGG,GAGG,odd,even,mc_gagg_oe,6,5,7,494,1965,7
4014,14,10,15,27.3,10.5,15.0,1,K9,K9_V1_PROXY,even,even,mc_k9_ee,7,5,7,495,,
4015,15,10,15,31.5,10.5,15.0,0,GAGG,GAGG,odd,even,mc_gagg_oe,7,5,7,495,1967,7
4016,0,11,15,-31.5,14.7,15.0,0,GAGG,GAGG,even,odd,mc_gagg_eo,0,5,7,488,1968,7
4017,1,11,15,-27.3,14.7,15.0,1,K9,K9_V1_PROXY,odd,odd,mc_k9_oo,0,5,7,488,,
4018,2,11,15,-23.1,14.7,15.0,0,GAGG,GAGG,even,odd,mc_gagg_eo,1,5,7,489,1970,7
4019,3,11,15,-18.9,14.7,15.0,1,K9,K9_V1_PROXY,odd,odd,mc_k9_oo,1,5,7,489,,
4020,4,11,15,-14.7,14.7,15.0,0,GAGG,GAGG,even,odd,mc_gagg_eo,2,5,7,490,1972,7
4021,5,11,15,-10.5,14.7,15.0,1,K9,K9_V1_PROXY,odd,odd,mc_k9_oo,2,5,7,490,,
4022,6,11,15,-6.3,14.7,15.0,0,GAGG,GAGG,even,odd,mc_gagg_eo,3,5,7,491,1974,7
4023,7,11,15,-2.1,14.7,15.0,1,K9,K9_V1_PROXY,odd,odd,mc_k9_oo,3,5,7,491,,
4024,8,11,15,2.1,14.7,15.0,0,GAGG,GAGG,even,odd,mc_gagg_eo,4,5,7,492,1976,7
4025,9,11,15,6.3,14.7,15.0,1,K9,K9_V1_PROXY,odd,odd,mc_k9_oo,4,5,7,492,,
4026,10,11,15,10.5,14.7,15.0,0,GAGG,GAGG,even,odd,mc_gagg_eo,5,5,7,493,1978,7
4027,11,11,15,14.7,14.7,15.0,1,K9,K9_V1_PROXY,odd,odd,mc_k9_oo,5,5,7,493,,
4028,12,11,15,18.9,14.7,15.0,0,GAGG,GAGG,even,odd,mc_gagg_eo,6,5,7,494,1980,7
4029,13,11,15,23.1,14.7,15.0,1,K9,K9_V1_PROXY,odd,odd,mc_k9_oo,6,5,7,494,,
4030,14,11,15,27.3,14.7,15.0,0,GAGG,GAGG,even,odd,mc_gagg_eo,7,5,7,495,1982,7
4031,15,11,15,31.5,14.7,15.0,1,K9,K9_V1_PROXY,odd,odd,mc_k9_oo,7,5,7,495,,
4032,0,12,15,-31.5,18.9,15.0,1,K9,K9_V1_PROXY,even,even,mc_k9_ee,0,6,7,496,,
4033,1,12,15,-27.3,18.9,15.0,0,GAGG,GAGG,odd,even,mc_gagg_oe,0,6,7,496,1985,7
4034,2,12,15,-23.1,18.9,15.0,1,K9,K9_V1_PROXY,even,even,mc_k9_ee,1,6,7,497,,
4035,3,12,15,-18.9,18.9,15.0,0,GAGG,GAGG,odd,even,mc_gagg_oe,1,6,7,497,1987,7
4036,4,12,15,-14.7,18.9,15.0,1,K9,K9_V1_PROXY,even,even,mc_k9_ee,2,6,7,498,,
4037,5,12,15,-10.5,18.9,15.0,0,GAGG,GAGG,odd,even,mc_gagg_oe,2,6,7,498,1989,7
4038,6,12,15,-6.3,18.9,15.0,1,K9,K9_V1_PROXY,even,even,mc_k9_ee,3,6,7,499,,
4039,7,12,15,-2.1,18.9,15.0,0,GAGG,GAGG,odd,even,mc_gagg_oe,3,6,7,499,1991,7
4040,8,12,15,2.1,18.9,15.0,1,K9,K9_V1_PROXY,even,even,mc_k9_ee,4,6,7,500,,
4041,9,12,15,6.3,18.9,15.0,0,GAGG,GAGG,odd,even,mc_gagg_oe,4,6,7,500,1993,7
4042,10,12,15,10.5,18.9,15.0,1,K9,K9_V1_PROXY,even,even,mc_k9_ee,5,6,7,501,,
4043,11,12,15,14.7,18.9,15.0,0,GAGG,GAGG,odd,even,mc_gagg_oe,5,6,7,501,1995,7
4044,12,12,15,18.9,18.9,15.0,1,K9,K9_V1_PROXY,even,even,mc_k9_ee,6,6,7,502,,
4045,13,12,15,23.1,18.9,15.0,0,GAGG,GAGG,odd,even,mc_gagg_oe,6,6,7,502,1997,7
4046,14,12,15,27.3,18.9,15.0,1,K9,K9_V1_PROXY,even,even,mc_k9_ee,7,6,7,503,,
4047,15,12,15,31.5,18.9,15.0,0,GAGG,GAGG,odd,even,mc_gagg_oe,7,6,7,503,1999,7
4048,0,13,15,-31.5,23.1,15.0,0,GAGG,GAGG,even,odd,mc_gagg_eo,0,6,7,496,2000,7
4049,1,13,15,-27.3,23.1,15.0,1,K9,K9_V1_PROXY,odd,odd,mc_k9_oo,0,6,7,496,,
4050,2,13,15,-23.1,23.1,15.0,0,GAGG,GAGG,even,odd,mc_gagg_eo,1,6,7,497,2002,7
4051,3,13,15,-18.9,23.1,15.0,1,K9,K9_V1_PROXY,odd,odd,mc_k9_oo,1,6,7,497,,
4052,4,13,15,-14.7,23.1,15.0,0,GAGG,GAGG,even,odd,mc_gagg_eo,2,6,7,498,2004,7
4053,5,13,15,-10.5,23.1,15.0,1,K9,K9_V1_PROXY,odd,odd,mc_k9_oo,2,6,7,498,,
4054,6,13,15,-6.3,23.1,15.0,0,GAGG,GAGG,even,odd,mc_gagg_eo,3,6,7,499,2006,7
4055,7,13,15,-2.1,23.1,15.0,1,K9,K9_V1_PROXY,odd,odd,mc_k9_oo,3,6,7,499,,
4056,8,13,15,2.1,23.1,15.0,0,GAGG,GAGG,even,odd,mc_gagg_eo,4,6,7,500,2008,7
4057,9,13,15,6.3,23.1,15.0,1,K9,K9_V1_PROXY,odd,odd,mc_k9_oo,4,6,7,500,,
4058,10,13,15,10.5,23.1,15.0,0,GAGG,GAGG,even,odd,mc_gagg_eo,5,6,7,501,2010,7
4059,11,13,15,14.7,23.1,15.0,1,K9,K9_V1_PROXY,odd,odd,mc_k9_oo,5,6,7,501,,
4060,12,13,15,18.9,23.1,15.0,0,GAGG,GAGG,even,odd,mc_gagg_eo,6,6,7,502,2012,7
4061,13,13,15,23.1,23.1,15.0,1,K9,K9_V1_PROXY,odd,odd,mc_k9_oo,6,6,7,502,,
4062,14,13,15,27.3,23.1,15.0,0,GAGG,GAGG,even,odd,mc_gagg_eo,7,6,7,503,2014,7
4063,15,13,15,31.5,23.1,15.0,1,K9,K9_V1_PROXY,odd,odd,mc_k9_oo,7,6,7,503,,
4064,0,14,15,-31.5,27.3,15.0,1,K9,K9_V1_PROXY,even,even,mc_k9_ee,0,7,7,504,,
4065,1,14,15,-27.3,27.3,15.0,0,GAGG,GAGG,odd,even,mc_gagg_oe,0,7,7,504,2017,7
4066,2,14,15,-23.1,27.3,15.0,1,K9,K9_V1_PROXY,even,even,mc_k9_ee,1,7,7,505,,
4067,3,14,15,-18.9,27.3,15.0,0,GAGG,GAGG,odd,even,mc_gagg_oe,1,7,7,505,2019,7
4068,4,14,15,-14.7,27.3,15.0,1,K9,K9_V1_PROXY,even,even,mc_k9_ee,2,7,7,506,,
4069,5,14,15,-10.5,27.3,15.0,0,GAGG,GAGG,odd,even,mc_gagg_oe,2,7,7,506,2021,7
4070,6,14,15,-6.3,27.3,15.0,1,K9,K9_V1_PROXY,even,even,mc_k9_ee,3,7,7,507,,
4071,7,14,15,-2.1,27.3,15.0,0,GAGG,GAGG,odd,even,mc_gagg_oe,3,7,7,507,2023,7
4072,8,14,15,2.1,27.3,15.0,1,K9,K9_V1_PROXY,even,even,mc_k9_ee,4,7,7,508,,
4073,9,14,15,6.3,27.3,15.0,0,GAGG,GAGG,odd,even,mc_gagg_oe,4,7,7,508,2025,7
4074,10,14,15,10.5,27.3,15.0,1,K9,K9_V1_PROXY,even,even,mc_k9_ee,5,7,7,509,,
4075,11,14,15,14.7,27.3,15.0,0,GAGG,GAGG,odd,even,mc_gagg_oe,5,7,7,509,2027,7
4076,12,14,15,18.9,27.3,15.0,1,K9,K9_V1_PROXY,even,even,mc_k9_ee,6,7,7,510,,
4077,13,14,15,23.1,27.3,15.0,0,GAGG,GAGG,odd,even,mc_gagg_oe,6,7,7,510,2029,7
4078,14,14,15,27.3,27.3,15.0,1,K9,K9_V1_PROXY,even,even,mc_k9_ee,7,7,7,511,,
4079,15,14,15,31.5,27.3,15.0,0,GAGG,GAGG,odd,even,mc_gagg_oe,7,7,7,511,2031,7
4080,0,15,15,-31.5,31.5,15.0,0,GAGG,GAGG,even,odd,mc_gagg_eo,0,7,7,504,2032,7
4081,1,15,15,-27.3,31.5,15.0,1,K9,K9_V1_PROXY,odd,odd,mc_k9_oo,0,7,7,504,,
4082,2,15,15,-23.1,31.5,15.0,0,GAGG,GAGG,even,odd,mc_gagg_eo,1,7,7,505,2034,7
4083,3,15,15,-18.9,31.5,15.0,1,K9,K9_V1_PROXY,odd,odd,mc_k9_oo,1,7,7,505,,
4084,4,15,15,-14.7,31.5,15.0,0,GAGG,GAGG,even,odd,mc_gagg_eo,2,7,7,506,2036,7
4085,5,15,15,-10.5,31.5,15.0,1,K9,K9_V1_PROXY,odd,odd,mc_k9_oo,2,7,7,506,,
4086,6,15,15,-6.3,31.5,15.0,0,GAGG,GAGG,even,odd,mc_gagg_eo,3,7,7,507,2038,7
4087,7,15,15,-2.1,31.5,15.0,1,K9,K9_V1_PROXY,odd,odd,mc_k9_oo,3,7,7,507,,
4088,8,15,15,2.1,31.5,15.0,0,GAGG,GAGG,even,odd,mc_gagg_eo,4,7,7,508,2040,7
4089,9,15,15,6.3,31.5,15.0,1,K9,K9_V1_PROXY,odd,odd,mc_k9_oo,4,7,7,508,,
4090,10,15,15,10.5,31.5,15.0,0,GAGG,GAGG,even,odd,mc_gagg_eo,5,7,7,509,2042,7
4091,11,15,15,14.7,31.5,15.0,1,K9,K9_V1_PROXY,odd,odd,mc_k9_oo,5,7,7,509,,
4092,12,15,15,18.9,31.5,15.0,0,GAGG,GAGG,even,odd,mc_gagg_eo,6,7,7,510,2044,7
4093,13,15,15,23.1,31.5,15.0,1,K9,K9_V1_PROXY,odd,odd,mc_k9_oo,6,7,7,510,,
4094,14,15,15,27.3,31.5,15.0,0,GAGG,GAGG,even,odd,mc_gagg_eo,7,7,7,511,2046,7
4095,15,15,15,31.5,31.5,15.0,1,K9,K9_V1_PROXY,odd,odd,mc_k9_oo,7,7,7,511,,
