detector_id,ix,iy,d,physical_layer_k,depth_index,x_mm,y_mm,z_mm,lattice_linear_index,ix_parity,iy_parity,gate_family_name,family,gate_material_name,material,is_sensitive,family_rx,family_ry,family_rz,family_local_index_conceptual
0,0,0,0,0,0,-31.5,-31.5,-15.0,0,even,even,mc_gagg_ee,mc_gagg_ee,GAGG,GAGG,True,0,0,0,0
1,1,0,0,1,1,-27.3,-31.5,-13.0,257,odd,even,mc_gagg_oe,mc_gagg_oe,GAGG,GAGG,True,0,0,0,0
2,2,0,0,0,0,-23.1,-31.5,-15.0,2,even,even,mc_gagg_ee,mc_gagg_ee,GAGG,GAGG,True,1,0,0,1
3,3,0,0,1,1,-18.9,-31.5,-13.0,259,odd,even,mc_gagg_oe,mc_gagg_oe,GAGG,GAGG,True,1,0,0,1
4,4,0,0,0,0,-14.7,-31.5,-15.0,4,even,even,mc_gagg_ee,mc_gagg_ee,GAGG,GAGG,True,2,0,0,2
5,5,0,0,1,1,-10.5,-31.5,-13.0,261,odd,even,mc_gagg_oe,mc_gagg_oe,GAGG,GAGG,True,2,0,0,2
6,6,0,0,0,0,-6.3,-31.5,-15.0,6,even,even,mc_gagg_ee,mc_gagg_ee,GAGG,GAGG,True,3,0,0,3
7,7,0,0,1,1,-2.1,-31.5,-13.0,263,odd,even,mc_gagg_oe,mc_gagg_oe,GAGG,GAGG,True,3,0,0,3
8,8,0,0,0,0,2.1,-31.5,-15.0,8,even,even,mc_gagg_ee,mc_gagg_ee,GAGG,GAGG,True,4,0,0,4
9,9,0,0,1,1,6.3,-31.5,-13.0,265,odd,even,mc_gagg_oe,mc_gagg_oe,GAGG,GAGG,True,4,0,0,4
10,10,0,0,0,0,10.5,-31.5,-15.0,10,even,even,mc_gagg_ee,mc_gagg_ee,GAGG,GAGG,True,5,0,0,5
11,11,0,0,1,1,14.7,-31.5,-13.0,267,odd,even,mc_gagg_oe,mc_gagg_oe,GAGG,GAGG,True,5,0,0,5
12,12,0,0,0,0,18.9,-31.5,-15.0,12,even,even,mc_gagg_ee,mc_gagg_ee,GAGG,GAGG,True,6,0,0,6
13,13,0,0,1,1,23.1,-31.5,-13.0,269,odd,even,mc_gagg_oe,mc_gagg_oe,GAGG,GAGG,True,6,0,0,6
14,14,0,0,0,0,27.3,-31.5,-15.0,14,even,even,mc_gagg_ee,mc_gagg_ee,GAGG,GAGG,True,7,0,0,7
15,15,0,0,1,1,31.5,-31.5,-13.0,271,odd,even,mc_gagg_oe,mc_gagg_oe,GAGG,GAGG,True,7,0,0,7
16,0,1,0,1,1,-31.5,-27.3,-13.0,272,even,odd,mc_gagg_eo,mc_gagg_eo,GAGG,GAGG,True,0,0,0,0
17,1,1,0,0,0,-27.3,-27.3,-15.0,17,odd,odd,mc_gagg_oo,mc_gagg_oo,GAGG,GAGG,True,0,0,0,0
18,2,1,0,1,1,-23.1,-27.3,-13.0,274,even,odd,mc_gagg_eo,mc_gagg_eo,GAGG,GAGG,True,1,0,0,1
19,3,1,0,0,0,-18.9,-27.3,-15.0,19,odd,odd,mc_gagg_oo,mc_gagg_oo,GAGG,GAGG,True,1,0,0,1
20,4,1,0,1,1,-14.7,-27.3,-13.0,276,even,odd,mc_gagg_eo,mc_gagg_eo,GAGG,GAGG,True,2,0,0,2
21,5,1,0,0,0,-10.5,-27.3,-15.0,21,odd,odd,mc_gagg_oo,mc_gagg_oo,GAGG,GAGG,True,2,0,0,2
22,6,1,0,1,1,-6.3,-27.3,-13.0,278,even,odd,mc_gagg_eo,mc_gagg_eo,GAGG,GAGG,True,3,0,0,3
23,7,1,0,0,0,-2.1,-27.3,-15.0,23,odd,odd,mc_gagg_oo,mc_gagg_oo,GAGG,GAGG,True,3,0,0,3
24,8,1,0,1,1,2.1,-27.3,-13.0,280,even,odd,mc_gagg_eo,mc_gagg_eo,GAGG,GAGG,True,4,0,0,4
25,9,1,0,0,0,6.3,-27.3,-15.0,25,odd,odd,mc_gagg_oo,mc_gagg_oo,GAGG,GAGG,True,4,0,0,4
26,10,1,0,1,1,10.5,-27.3,-13.0,282,even,odd,mc_gagg_eo,mc_gagg_eo,GAGG,GAGG,True,5,0,0,5
27,11,1,0,0,0,14.7,-27.3,-15.0,27,odd,odd,mc_gagg_oo,mc_gagg_oo,GAGG,GAGG,True,5,0,0,5
28,12,1,0,1,1,18.9,-27.3,-13.0,284,even,odd,mc_gagg_eo,mc_gagg_eo,GAGG,GAGG,True,6,0,0,6
29,13,1,0,0,0,23.1,-27.3,-15.0,29,odd,odd,mc_gagg_oo,mc_gagg_oo,GAGG,GAGG,True,6,0,0,6
30,14,1,0,1,1,27.3,-27.3,-13.0,286,even,odd,mc_gagg_eo,mc_gagg_eo,GAGG,GAGG,True,7,0,0,7
31,15,1,0,0,0,31.5,-27.3,-15.0,31,odd,odd,mc_gagg_oo,mc_gagg_oo,GAGG,GAGG,True,7,0,0,7
32,0,2,0,0,0,-31.5,-23.1,-15.0,32,even,even,mc_gagg_ee,mc_gagg_ee,GAGG,GAGG,True,0,1,0,8
33,1,2,0,1,1,-27.3,-23.1,-13.0,289,odd,even,mc_gagg_oe,mc_gagg_oe,GAGG,GAGG,True,0,1,0,8
34,2,2,0,0,0,-23.1,-23.1,-15.0,34,even,even,mc_gagg_ee,mc_gagg_ee,GAGG,GAGG,True,1,1,0,9
35,3,2,0,1,1,-18.9,-23.1,-13.0,291,odd,even,mc_gagg_oe,mc_gagg_oe,GAGG,GAGG,True,1,1,0,9
36,4,2,0,0,0,-14.7,-23.1,-15.0,36,even,even,mc_gagg_ee,mc_gagg_ee,GAGG,GAGG,True,2,1,0,10
37,5,2,0,1,1,-10.5,-23.1,-13.0,293,odd,even,mc_gagg_oe,mc_gagg_oe,GAGG,GAGG,True,2,1,0,10
38,6,2,0,0,0,-6.3,-23.1,-15.0,38,even,even,mc_gagg_ee,mc_gagg_ee,GAGG,GAGG,True,3,1,0,11
39,7,2,0,1,1,-2.1,-23.1,-13.0,295,odd,even,mc_gagg_oe,mc_gagg_oe,GAGG,GAGG,True,3,1,0,11
40,8,2,0,0,0,2.1,-23.1,-15.0,40,even,even,mc_gagg_ee,mc_gagg_ee,GAGG,GAGG,True,4,1,0,12
41,9,2,0,1,1,6.3,-23.1,-13.0,297,odd,even,mc_gagg_oe,mc_gagg_oe,GAGG,GAGG,True,4,1,0,12
42,10,2,0,0,0,10.5,-23.1,-15.0,42,even,even,mc_gagg_ee,mc_gagg_ee,GAGG,GAGG,True,5,1,0,13
43,11,2,0,1,1,14.7,-23.1,-13.0,299,odd,even,mc_gagg_oe,mc_gagg_oe,GAGG,GAGG,True,5,1,0,13
44,12,2,0,0,0,18.9,-23.1,-15.0,44,even,even,mc_gagg_ee,mc_gagg_ee,GAGG,GAGG,True,6,1,0,14
45,13,2,0,1,1,23.1,-23.1,-13.0,301,odd,even,mc_gagg_oe,mc_gagg_oe,GAGG,GAGG,True,6,1,0,14
46,14,2,0,0,0,27.3,-23.1,-15.0,46,even,even,mc_gagg_ee,mc_gagg_ee,GAGG,GAGG,True,7,1,0,15
47,15,2,0,1,1,31.5,-23.1,-13.0,303,odd,even,mc_gagg_oe,mc_gagg_oe,GAGG,GAGG,True,7,1,0,15
48,0,3,0,1,1,-31.5,-18.9,-13.0,304,even,odd,mc_gagg_eo,mc_gagg_eo,GAGG,GAGG,True,0,1,0,8
49,1,3,0,0,0,-27.3,-18.9,-15.0,49,odd,odd,mc_gagg_oo,mc_gagg_oo,GAGG,GAGG,True,0,1,0,8
50,2,3,0,1,1,-23.1,-18.9,-13.0,306,even,odd,mc_gagg_eo,mc_gagg_eo,GAGG,GAGG,True,1,1,0,9
51,3,3,0,0,0,-18.9,-18.9,-15.0,51,odd,odd,mc_gagg_oo,mc_gagg_oo,GAGG,GAGG,True,1,1,0,9
52,4,3,0,1,1,-14.7,-18.9,-13.0,308,even,odd,mc_gagg_eo,mc_gagg_eo,GAGG,GAGG,True,2,1,0,10
53,5,3,0,0,0,-10.5,-18.9,-15.0,53,odd,odd,mc_gagg_oo,mc_gagg_oo,GAGG,GAGG,True,2,1,0,10
54,6,3,0,1,1,-6.3,-18.9,-13.0,310,even,odd,mc_gagg_eo,mc_gagg_eo,GAGG,GAGG,True,3,1,0,11
55,7,3,0,0,0,-2.1,-18.9,-15.0,55,odd,odd,mc_gagg_oo,mc_gagg_oo,GAGG,GAGG,True,3,1,0,11
56,8,3,0,1,1,2.1,-18.9,-13.0,312,even,odd,mc_gagg_eo,mc_gagg_eo,GAGG,GAGG,True,4,1,0,12
57,9,3,0,0,0,6.3,-18.9,-15.0,57,odd,odd,mc_gagg_oo,mc_gagg_oo,GAGG,GAGG,True,4,1,0,12
58,10,3,0,1,1,10.5,-18.9,-13.0,314,even,odd,mc_gagg_eo,mc_gagg_eo,GAGG,GAGG,True,5,1,0,13
59,11,3,0,0,0,14.7,-18.9,-15.0,59,odd,odd,mc_gagg_oo,mc_gagg_oo,GAGG,GAGG,True,5,1,0,13
60,12,3,0,1,1,18.9,-18.9,-13.0,316,even,odd,mc_gagg_eo,mc_gagg_eo,GAGG,GAGG,True,6,1,0,14
61,13,3,0,0,0,23.1,-18.9,-15.0,61,odd,odd,mc_gagg_oo,mc_gagg_oo,GAGG,GAGG,True,6,1,0,14
62,14,3,0,1,1,27.3,-18.9,-13.0,318,even,odd,mc_gagg_eo,mc_gagg_eo,GAGG,GAGG,True,7,1,0,15
63,15,3,0,0,0,31.5,-18.9,-15.0,63,odd,odd,mc_gagg_oo,mc_gagg_oo,GAGG,GAGG,True,7,1,0,15
64,0,4,0,0,0,-31.5,-14.7,-15.0,64,even,even,mc_gagg_ee,mc_gagg_ee,GAGG,GAGG,True,0,2,0,16
65,1,4,0,1,1,-27.3,-14.7,-13.0,321,odd,even,mc_gagg_oe,mc_gagg_oe,GAGG,GAGG,True,0,2,0,16
66,2,4,0,0,0,-23.1,-14.7,-15.0,66,even,even,mc_gagg_ee,mc_gagg_ee,GAGG,GAGG,True,1,2,0,17
67,3,4,0,1,1,-18.9,-14.7,-13.0,323,odd,even,mc_gagg_oe,mc_gagg_oe,GAGG,GAGG,True,1,2,0,17
68,4,4,0,0,0,-14.7,-14.7,-15.0,68,even,even,mc_gagg_ee,mc_gagg_ee,GAGG,GAGG,True,2,2,0,18
69,5,4,0,1,1,-10.5,-14.7,-13.0,325,odd,even,mc_gagg_oe,mc_gagg_oe,GAGG,GAGG,True,2,2,0,18
70,6,4,0,0,0,-6.3,-14.7,-15.0,70,even,even,mc_gagg_ee,mc_gagg_ee,GAGG,GAGG,True,3,2,0,19
71,7,4,0,1,1,-2.1,-14.7,-13.0,327,odd,even,mc_gagg_oe,mc_gagg_oe,GAGG,GAGG,True,3,2,0,19
72,8,4,0,0,0,2.1,-14.7,-15.0,72,even,even,mc_gagg_ee,mc_gagg_ee,GAGG,GAGG,True,4,2,0,20
73,9,4,0,1,1,6.3,-14.7,-13.0,329,odd,even,mc_gagg_oe,mc_gagg_oe,GAGG,GAGG,True,4,2,0,20
74,10,4,0,0,0,10.5,-14.7,-15.0,74,even,even,mc_gagg_ee,mc_gagg_ee,GAGG,GAGG,True,5,2,0,21
75,11,4,0,1,1,14.7,-14.7,-13.0,331,odd,even,mc_gagg_oe,mc_gagg_oe,GAGG,GAGG,True,5,2,0,21
76,12,4,0,0,0,18.9,-14.7,-15.0,76,even,even,mc_gagg_ee,mc_gagg_ee,GAGG,GAGG,True,6,2,0,22
77,13,4,0,1,1,23.1,-14.7,-13.0,333,odd,even,mc_gagg_oe,mc_gagg_oe,GAGG,GAGG,True,6,2,0,22
78,14,4,0,0,0,27.3,-14.7,-15.0,78,even,even,mc_gagg_ee,mc_gagg_ee,GAGG,GAGG,True,7,2,0,23
79,15,4,0,1,1,31.5,-14.7,-13.0,335,odd,even,mc_gagg_oe,mc_gagg_oe,GAGG,GAGG,True,7,2,0,23
80,0,5,0,1,1,-31.5,-10.5,-13.0,336,even,odd,mc_gagg_eo,mc_gagg_eo,GAGG,GAGG,True,0,2,0,16
81,1,5,0,0,0,-27.3,-10.5,-15.0,81,odd,odd,mc_gagg_oo,mc_gagg_oo,GAGG,GAGG,True,0,2,0,16
82,2,5,0,1,1,-23.1,-10.5,-13.0,338,even,odd,mc_gagg_eo,mc_gagg_eo,GAGG,GAGG,True,1,2,0,17
83,3,5,0,0,0,-18.9,-10.5,-15.0,83,odd,odd,mc_gagg_oo,mc_gagg_oo,GAGG,GAGG,True,1,2,0,17
84,4,5,0,1,1,-14.7,-10.5,-13.0,340,even,odd,mc_gagg_eo,mc_gagg_eo,GAGG,GAGG,True,2,2,0,18
85,5,5,0,0,0,-10.5,-10.5,-15.0,85,odd,odd,mc_gagg_oo,mc_gagg_oo,GAGG,GAGG,True,2,2,0,18
86,6,5,0,1,1,-6.3,-10.5,-13.0,342,even,odd,mc_gagg_eo,mc_gagg_eo,GAGG,GAGG,True,3,2,0,19
87,7,5,0,0,0,-2.1,-10.5,-15.0,87,odd,odd,mc_gagg_oo,mc_gagg_oo,GAGG,GAGG,True,3,2,0,19
88,8,5,0,1,1,2.1,-10.5,-13.0,344,even,odd,mc_gagg_eo,mc_gagg_eo,GAGG,GAGG,True,4,2,0,20
89,9,5,0,0,0,6.3,-10.5,-15.0,89,odd,odd,mc_gagg_oo,mc_gagg_oo,GAGG,GAGG,True,4,2,0,20
90,10,5,0,1,1,10.5,-10.5,-13.0,346,even,odd,mc_gagg_eo,mc_gagg_eo,GAGG,GAGG,True,5,2,0,21
91,11,5,0,0,0,14.7,-10.5,-15.0,91,odd,odd,mc_gagg_oo,mc_gagg_oo,GAGG,GAGG,True,5,2,0,21
92,12,5,0,1,1,18.9,-10.5,-13.0,348,even,odd,mc_gagg_eo,mc_gagg_eo,GAGG,GAGG,True,6,2,0,22
93,13,5,0,0,0,23.1,-10.5,-15.0,93,odd,odd,mc_gagg_oo,mc_gagg_oo,GAGG,GAGG,True,6,2,0,22
94,14,5,0,1,1,27.3,-10.5,-13.0,350,even,odd,mc_gagg_eo,mc_gagg_eo,GAGG,GAGG,True,7,2,0,23
95,15,5,0,0,0,31.5,-10.5,-15.0,95,odd,odd,mc_gagg_oo,mc_gagg_oo,GAGG,GAGG,True,7,2,0,23
96,0,6,0,0,0,-31.5,-6.3,-15.0,96,even,even,mc_gagg_ee,mc_gagg_ee,GAGG,GAGG,True,0,3,0,24
97,1,6,0,1,1,-27.3,-6.3,-13.0,353,odd,even,mc_gagg_oe,mc_gagg_oe,GAGG,GAGG,True,0,3,0,24
98,2,6,0,0,0,-23.1,-6.3,-15.0,98,even,even,mc_gagg_ee,mc_gagg_ee,GAGG,GAGG,True,1,3,0,25
99,3,6,0,1,1,-18.9,-6.3,-13.0,355,odd,even,mc_gagg_oe,mc_gagg_oe,GAGG,GAGG,True,1,3,0,25
100,4,6,0,0,0,-14.7,-6.3,-15.0,100,even,even,mc_gagg_ee,mc_gagg_ee,GAGG,GAGG,True,2,3,0,26
101,5,6,0,1,1,-10.5,-6.3,-13.0,357,odd,even,mc_gagg_oe,mc_gagg_oe,GAGG,GAGG,True,2,3,0,26
102,6,6,0,0,0,-6.3,-6.3,-15.0,102,even,even,mc_gagg_ee,mc_gagg_ee,GAGG,GAGG,True,3,3,0,27
103,7,6,0,1,1,-2.1,-6.3,-13.0,359,odd,even,mc_gagg_oe,mc_gagg_oe,GAGG,GAGG,True,3,3,0,27
104,8,6,0,0,0,2.1,-6.3,-15.0,104,even,even,mc_gagg_ee,mc_gagg_ee,GAGG,GAGG,True,4,3,0,28
105,9,6,0,1,1,6.3,-6.3,-13.0,361,odd,even,mc_gagg_oe,mc_gagg_oe,GAGG,GAGG,True,4,3,0,28
106,10,6,0,0,0,10.5,-6.3,-15.0,106,even,even,mc_gagg_ee,mc_gagg_ee,GAGG,GAGG,True,5,3,0,29
107,11,6,0,1,1,14.7,-6.3,-13.0,363,odd,even,mc_gagg_oe,mc_gagg_oe,GAGG,GAGG,True,5,3,0,29
108,12,6,0,0,0,18.9,-6.3,-15.0,108,even,even,mc_gagg_ee,mc_gagg_ee,GAGG,GAGG,True,6,3,0,30
109,13,6,0,1,1,23.1,-6.3,-13.0,365,odd,even,mc_gagg_oe,mc_gagg_oe,GAGG,GAGG,True,6,3,0,30
110,14,6,0,0,0,27.3,-6.3,-15.0,110,even,even,mc_gagg_ee,mc_gagg_ee,GAGG,GAGG,True,7,3,0,31
111,15,6,0,1,1,31.5,-6.3,-13.0,367,odd,even,mc_gagg_oe,mc_gagg_oe,GAGG,GAGG,True,7,3,0,31
112,0,7,0,1,1,-31.5,-2.1,-13.0,368,even,odd,mc_gagg_eo,mc_gagg_eo,GAGG,GAGG,True,0,3,0,24
113,1,7,0,0,0,-27.3,-2.1,-15.0,113,odd,odd,mc_gagg_oo,mc_gagg_oo,GAGG,GAGG,True,0,3,0,24
114,2,7,0,1,1,-23.1,-2.1,-13.0,370,even,odd,mc_gagg_eo,mc_gagg_eo,GAGG,GAGG,True,1,3,0,25
115,3,7,0,0,0,-18.9,-2.1,-15.0,115,odd,odd,mc_gagg_oo,mc_gagg_oo,GAGG,GAGG,True,1,3,0,25
116,4,7,0,1,1,-14.7,-2.1,-13.0,372,even,odd,mc_gagg_eo,mc_gagg_eo,GAGG,GAGG,True,2,3,0,26
117,5,7,0,0,0,-10.5,-2.1,-15.0,117,odd,odd,mc_gagg_oo,mc_gagg_oo,GAGG,GAGG,True,2,3,0,26
118,6,7,0,1,1,-6.3,-2.1,-13.0,374,even,odd,mc_gagg_eo,mc_gagg_eo,GAGG,GAGG,True,3,3,0,27
119,7,7,0,0,0,-2.1,-2.1,-15.0,119,odd,odd,mc_gagg_oo,mc_gagg_oo,GAGG,GAGG,True,3,3,0,27
120,8,7,0,1,1,2.1,-2.1,-13.0,376,even,odd,mc_gagg_eo,mc_gagg_eo,GAGG,GAGG,True,4,3,0,28
121,9,7,0,0,0,6.3,-2.1,-15.0,121,odd,odd,mc_gagg_oo,mc_gagg_oo,GAGG,GAGG,True,4,3,0,28
122,10,7,0,1,1,10.5,-2.1,-13.0,378,even,odd,mc_gagg_eo,mc_gagg_eo,GAGG,GAGG,True,5,3,0,29
123,11,7,0,0,0,14.7,-2.1,-15.0,123,odd,odd,mc_gagg_oo,mc_gagg_oo,GAGG,GAGG,True,5,3,0,29
124,12,7,0,1,1,18.9,-2.1,-13.0,380,even,odd,mc_gagg_eo,mc_gagg_eo,GAGG,GAGG,True,6,3,0,30
125,13,7,0,0,0,23.1,-2.1,-15.0,125,odd,odd,mc_gagg_oo,mc_gagg_oo,GAGG,GAGG,True,6,3,0,30
126,14,7,0,1,1,27.3,-2.1,-13.0,382,even,odd,mc_gagg_eo,mc_gagg_eo,GAGG,GAGG,True,7,3,0,31
127,15,7,0,0,0,31.5,-2.1,-15.0,127,odd,odd,mc_gagg_oo,mc_gagg_oo,GAGG,GAGG,True,7,3,0,31
128,0,8,0,0,0,-31.5,2.1,-15.0,128,even,even,mc_gagg_ee,mc_gagg_ee,GAGG,GAGG,True,0,4,0,32
129,1,8,0,1,1,-27.3,2.1,-13.0,385,odd,even,mc_gagg_oe,mc_gagg_oe,GAGG,GAGG,True,0,4,0,32
130,2,8,0,0,0,-23.1,2.1,-15.0,130,even,even,mc_gagg_ee,mc_gagg_ee,GAGG,GAGG,True,1,4,0,33
131,3,8,0,1,1,-18.9,2.1,-13.0,387,odd,even,mc_gagg_oe,mc_gagg_oe,GAGG,GAGG,True,1,4,0,33
132,4,8,0,0,0,-14.7,2.1,-15.0,132,even,even,mc_gagg_ee,mc_gagg_ee,GAGG,GAGG,True,2,4,0,34
133,5,8,0,1,1,-10.5,2.1,-13.0,389,odd,even,mc_gagg_oe,mc_gagg_oe,GAGG,GAGG,True,2,4,0,34
134,6,8,0,0,0,-6.3,2.1,-15.0,134,even,even,mc_gagg_ee,mc_gagg_ee,GAGG,GAGG,True,3,4,0,35
135,7,8,0,1,1,-2.1,2.1,-13.0,391,odd,even,mc_gagg_oe,mc_gagg_oe,GAGG,GAGG,True,3,4,0,35
136,8,8,0,0,0,2.1,2.1,-15.0,136,even,even,mc_gagg_ee,mc_gagg_ee,GAGG,GAGG,True,4,4,0,36
137,9,8,0,1,1,6.3,2.1,-13.0,393,odd,even,mc_gagg_oe,mc_gagg_oe,GAGG,GAGG,True,4,4,0,36
138,10,8,0,0,0,10.5,2.1,-15.0,138,even,even,mc_gagg_ee,mc_gagg_ee,GAGG,GAGG,True,5,4,0,37
139,11,8,0,1,1,14.7,2.1,-13.0,395,odd,even,mc_gagg_oe,mc_gagg_oe,GAGG,GAGG,True,5,4,0,37
140,12,8,0,0,0,18.9,2.1,-15.0,140,even,even,mc_gagg_ee,mc_gagg_ee,GAGG,GAGG,True,6,4,0,38
141,13,8,0,1,1,23.1,2.1,-13.0,397,odd,even,mc_gagg_oe,mc_gagg_oe,GAGG,GAGG,True,6,4,0,38
142,14,8,0,0,0,27.3,2.1,-15.0,142,even,even,mc_gagg_ee,mc_gagg_ee,GAGG,GAGG,True,7,4,0,39
143,15,8,0,1,1,31.5,2.1,-13.0,399,odd,even,mc_gagg_oe,mc_gagg_oe,GAGG,GAGG,True,7,4,0,39
144,0,9,0,1,1,-31.5,6.3,-13.0,400,even,odd,mc_gagg_eo,mc_gagg_eo,GAGG,GAGG,True,0,4,0,32
145,1,9,0,0,0,-27.3,6.3,-15.0,145,odd,odd,mc_gagg_oo,mc_gagg_oo,GAGG,GAGG,True,0,4,0,32
146,2,9,0,1,1,-23.1,6.3,-13.0,402,even,odd,mc_gagg_eo,mc_gagg_eo,GAGG,GAGG,True,1,4,0,33
147,3,9,0,0,0,-18.9,6.3,-15.0,147,odd,odd,mc_gagg_oo,mc_gagg_oo,GAGG,GAGG,True,1,4,0,33
148,4,9,0,1,1,-14.7,6.3,-13.0,404,even,odd,mc_gagg_eo,mc_gagg_eo,GAGG,GAGG,True,2,4,0,34
149,5,9,0,0,0,-10.5,6.3,-15.0,149,odd,odd,mc_gagg_oo,mc_gagg_oo,GAGG,GAGG,True,2,4,0,34
150,6,9,0,1,1,-6.3,6.3,-13.0,406,even,odd,mc_gagg_eo,mc_gagg_eo,GAGG,GAGG,True,3,4,0,35
151,7,9,0,0,0,-2.1,6.3,-15.0,151,odd,odd,mc_gagg_oo,mc_gagg_oo,GAGG,GAGG,True,3,4,0,35
152,8,9,0,1,1,2.1,6.3,-13.0,408,even,odd,mc_gagg_eo,mc_gagg_eo,GAGG,GAGG,True,4,4,0,36
153,9,9,0,0,0,6.3,6.3,-15.0,153,odd,odd,mc_gagg_oo,mc_gagg_oo,GAGG,GAGG,True,4,4,0,36
154,10,9,0,1,1,10.5,6.3,-13.0,410,even,odd,mc_gagg_eo,mc_gagg_eo,GAGG,GAGG,True,5,4,0,37
155,11,9,0,0,0,14.7,6.3,-15.0,155,odd,odd,mc_gagg_oo,mc_gagg_oo,GAGG,GAGG,True,5,4,0,37
156,12,9,0,1,1,18.9,6.3,-13.0,412,even,odd,mc_gagg_eo,mc_gagg_eo,GAGG,GAGG,True,6,4,0,38
157,13,9,0,0,0,23.1,6.3,-15.0,157,odd,odd,mc_gagg_oo,mc_gagg_oo,GAGG,GAGG,True,6,4,0,38
158,14,9,0,1,1,27.3,6.3,-13.0,414,even,odd,mc_gagg_eo,mc_gagg_eo,GAGG,GAGG,True,7,4,0,39
159,15,9,0,0,0,31.5,6.3,-15.0,159,odd,odd,mc_gagg_oo,mc_gagg_oo,GAGG,GAGG,True,7,4,0,39
160,0,10,0,0,0,-31.5,10.5,-15.0,160,even,even,mc_gagg_ee,mc_gagg_ee,GAGG,GAGG,True,0,5,0,40
161,1,10,0,1,1,-27.3,10.5,-13.0,417,odd,even,mc_gagg_oe,mc_gagg_oe,GAGG,GAGG,True,0,5,0,40
162,2,10,0,0,0,-23.1,10.5,-15.0,162,even,even,mc_gagg_ee,mc_gagg_ee,GAGG,GAGG,True,1,5,0,41
163,3,10,0,1,1,-18.9,10.5,-13.0,419,odd,even,mc_gagg_oe,mc_gagg_oe,GAGG,GAGG,True,1,5,0,41
164,4,10,0,0,0,-14.7,10.5,-15.0,164,even,even,mc_gagg_ee,mc_gagg_ee,GAGG,GAGG,True,2,5,0,42
165,5,10,0,1,1,-10.5,10.5,-13.0,421,odd,even,mc_gagg_oe,mc_gagg_oe,GAGG,GAGG,True,2,5,0,42
166,6,10,0,0,0,-6.3,10.5,-15.0,166,even,even,mc_gagg_ee,mc_gagg_ee,GAGG,GAGG,True,3,5,0,43
167,7,10,0,1,1,-2.1,10.5,-13.0,423,odd,even,mc_gagg_oe,mc_gagg_oe,GAGG,GAGG,True,3,5,0,43
168,8,10,0,0,0,2.1,10.5,-15.0,168,even,even,mc_gagg_ee,mc_gagg_ee,GAGG,GAGG,True,4,5,0,44
169,9,10,0,1,1,6.3,10.5,-13.0,425,odd,even,mc_gagg_oe,mc_gagg_oe,GAGG,GAGG,True,4,5,0,44
170,10,10,0,0,0,10.5,10.5,-15.0,170,even,even,mc_gagg_ee,mc_gagg_ee,GAGG,GAGG,True,5,5,0,45
171,11,10,0,1,1,14.7,10.5,-13.0,427,odd,even,mc_gagg_oe,mc_gagg_oe,GAGG,GAGG,True,5,5,0,45
172,12,10,0,0,0,18.9,10.5,-15.0,172,even,even,mc_gagg_ee,mc_gagg_ee,GAGG,GAGG,True,6,5,0,46
173,13,10,0,1,1,23.1,10.5,-13.0,429,odd,even,mc_gagg_oe,mc_gagg_oe,GAGG,GAGG,True,6,5,0,46
174,14,10,0,0,0,27.3,10.5,-15.0,174,even,even,mc_gagg_ee,mc_gagg_ee,GAGG,GAGG,True,7,5,0,47
175,15,10,0,1,1,31.5,10.5,-13.0,431,odd,even,mc_gagg_oe,mc_gagg_oe,GAGG,GAGG,True,7,5,0,47
176,0,11,0,1,1,-31.5,14.7,-13.0,432,even,odd,mc_gagg_eo,mc_gagg_eo,GAGG,GAGG,True,0,5,0,40
177,1,11,0,0,0,-27.3,14.7,-15.0,177,odd,odd,mc_gagg_oo,mc_gagg_oo,GAGG,GAGG,True,0,5,0,40
178,2,11,0,1,1,-23.1,14.7,-13.0,434,even,odd,mc_gagg_eo,mc_gagg_eo,GAGG,GAGG,True,1,5,0,41
179,3,11,0,0,0,-18.9,14.7,-15.0,179,odd,odd,mc_gagg_oo,mc_gagg_oo,GAGG,GAGG,True,1,5,0,41
180,4,11,0,1,1,-14.7,14.7,-13.0,436,even,odd,mc_gagg_eo,mc_gagg_eo,GAGG,GAGG,True,2,5,0,42
181,5,11,0,0,0,-10.5,14.7,-15.0,181,odd,odd,mc_gagg_oo,mc_gagg_oo,GAGG,GAGG,True,2,5,0,42
182,6,11,0,1,1,-6.3,14.7,-13.0,438,even,odd,mc_gagg_eo,mc_gagg_eo,GAGG,GAGG,True,3,5,0,43
183,7,11,0,0,0,-2.1,14.7,-15.0,183,odd,odd,mc_gagg_oo,mc_gagg_oo,GAGG,GAGG,True,3,5,0,43
184,8,11,0,1,1,2.1,14.7,-13.0,440,even,odd,mc_gagg_eo,mc_gagg_eo,GAGG,GAGG,True,4,5,0,44
185,9,11,0,0,0,6.3,14.7,-15.0,185,odd,odd,mc_gagg_oo,mc_gagg_oo,GAGG,GAGG,True,4,5,0,44
186,10,11,0,1,1,10.5,14.7,-13.0,442,even,odd,mc_gagg_eo,mc_gagg_eo,GAGG,GAGG,True,5,5,0,45
187,11,11,0,0,0,14.7,14.7,-15.0,187,odd,odd,mc_gagg_oo,mc_gagg_oo,GAGG,GAGG,True,5,5,0,45
188,12,11,0,1,1,18.9,14.7,-13.0,444,even,odd,mc_gagg_eo,mc_gagg_eo,GAGG,GAGG,True,6,5,0,46
189,13,11,0,0,0,23.1,14.7,-15.0,189,odd,odd,mc_gagg_oo,mc_gagg_oo,GAGG,GAGG,True,6,5,0,46
190,14,11,0,1,1,27.3,14.7,-13.0,446,even,odd,mc_gagg_eo,mc_gagg_eo,GAGG,GAGG,True,7,5,0,47
191,15,11,0,0,0,31.5,14.7,-15.0,191,odd,odd,mc_gagg_oo,mc_gagg_oo,GAGG,GAGG,True,7,5,0,47
192,0,12,0,0,0,-31.5,18.9,-15.0,192,even,even,mc_gagg_ee,mc_gagg_ee,GAGG,GAGG,True,0,6,0,48
193,1,12,0,1,1,-27.3,18.9,-13.0,449,odd,even,mc_gagg_oe,mc_gagg_oe,GAGG,GAGG,True,0,6,0,48
194,2,12,0,0,0,-23.1,18.9,-15.0,194,even,even,mc_gagg_ee,mc_gagg_ee,GAGG,GAGG,True,1,6,0,49
195,3,12,0,1,1,-18.9,18.9,-13.0,451,odd,even,mc_gagg_oe,mc_gagg_oe,GAGG,GAGG,True,1,6,0,49
196,4,12,0,0,0,-14.7,18.9,-15.0,196,even,even,mc_gagg_ee,mc_gagg_ee,GAGG,GAGG,True,2,6,0,50
197,5,12,0,1,1,-10.5,18.9,-13.0,453,odd,even,mc_gagg_oe,mc_gagg_oe,GAGG,GAGG,True,2,6,0,50
198,6,12,0,0,0,-6.3,18.9,-15.0,198,even,even,mc_gagg_ee,mc_gagg_ee,GAGG,GAGG,True,3,6,0,51
199,7,12,0,1,1,-2.1,18.9,-13.0,455,odd,even,mc_gagg_oe,mc_gagg_oe,GAGG,GAGG,True,3,6,0,51
200,8,12,0,0,0,2.1,18.9,-15.0,200,even,even,mc_gagg_ee,mc_gagg_ee,GAGG,GAGG,True,4,6,0,52
201,9,12,0,1,1,6.3,18.9,-13.0,457,odd,even,mc_gagg_oe,mc_gagg_oe,GAGG,GAGG,True,4,6,0,52
202,10,12,0,0,0,10.5,18.9,-15.0,202,even,even,mc_gagg_ee,mc_gagg_ee,GAGG,GAGG,True,5,6,0,53
203,11,12,0,1,1,14.7,18.9,-13.0,459,odd,even,mc_gagg_oe,mc_gagg_oe,GAGG,GAGG,True,5,6,0,53
204,12,12,0,0,0,18.9,18.9,-15.0,204,even,even,mc_gagg_ee,mc_gagg_ee,GAGG,GAGG,True,6,6,0,54
205,13,12,0,1,1,23.1,18.9,-13.0,461,odd,even,mc_gagg_oe,mc_gagg_oe,GAGG,GAGG,True,6,6,0,54
206,14,12,0,0,0,27.3,18.9,-15.0,206,even,even,mc_gagg_ee,mc_gagg_ee,GAGG,GAGG,True,7,6,0,55
207,15,12,0,1,1,31.5,18.9,-13.0,463,odd,even,mc_gagg_oe,mc_gagg_oe,GAGG,GAGG,True,7,6,0,55
208,0,13,0,1,1,-31.5,23.1,-13.0,464,even,odd,mc_gagg_eo,mc_gagg_eo,GAGG,GAGG,True,0,6,0,48
209,1,13,0,0,0,-27.3,23.1,-15.0,209,odd,odd,mc_gagg_oo,mc_gagg_oo,GAGG,GAGG,True,0,6,0,48
210,2,13,0,1,1,-23.1,23.1,-13.0,466,even,odd,mc_gagg_eo,mc_gagg_eo,GAGG,GAGG,True,1,6,0,49
211,3,13,0,0,0,-18.9,23.1,-15.0,211,odd,odd,mc_gagg_oo,mc_gagg_oo,GAGG,GAGG,True,1,6,0,49
212,4,13,0,1,1,-14.7,23.1,-13.0,468,even,odd,mc_gagg_eo,mc_gagg_eo,GAGG,GAGG,True,2,6,0,50
213,5,13,0,0,0,-10.5,23.1,-15.0,213,odd,odd,mc_gagg_oo,mc_gagg_oo,GAGG,GAGG,True,2,6,0,50
214,6,13,0,1,1,-6.3,23.1,-13.0,470,even,odd,mc_gagg_eo,mc_gagg_eo,GAGG,GAGG,True,3,6,0,51
215,7,13,0,0,0,-2.1,23.1,-15.0,215,odd,odd,mc_gagg_oo,mc_gagg_oo,GAGG,GAGG,True,3,6,0,51
216,8,13,0,1,1,2.1,23.1,-13.0,472,even,odd,mc_gagg_eo,mc_gagg_eo,GAGG,GAGG,True,4,6,0,52
217,9,13,0,0,0,6.3,23.1,-15.0,217,odd,odd,mc_gagg_oo,mc_gagg_oo,GAGG,GAGG,True,4,6,0,52
218,10,13,0,1,1,10.5,23.1,-13.0,474,even,odd,mc_gagg_eo,mc_gagg_eo,GAGG,GAGG,True,5,6,0,53
219,11,13,0,0,0,14.7,23.1,-15.0,219,odd,odd,mc_gagg_oo,mc_gagg_oo,GAGG,GAGG,True,5,6,0,53
220,12,13,0,1,1,18.9,23.1,-13.0,476,even,odd,mc_gagg_eo,mc_gagg_eo,GAGG,GAGG,True,6,6,0,54
221,13,13,0,0,0,23.1,23.1,-15.0,221,odd,odd,mc_gagg_oo,mc_gagg_oo,GAGG,GAGG,True,6,6,0,54
222,14,13,0,1,1,27.3,23.1,-13.0,478,even,odd,mc_gagg_eo,mc_gagg_eo,GAGG,GAGG,True,7,6,0,55
223,15,13,0,0,0,31.5,23.1,-15.0,223,odd,odd,mc_gagg_oo,mc_gagg_oo,GAGG,GAGG,True,7,6,0,55
224,0,14,0,0,0,-31.5,27.3,-15.0,224,even,even,mc_gagg_ee,mc_gagg_ee,GAGG,GAGG,True,0,7,0,56
225,1,14,0,1,1,-27.3,27.3,-13.0,481,odd,even,mc_gagg_oe,mc_gagg_oe,GAGG,GAGG,True,0,7,0,56
226,2,14,0,0,0,-23.1,27.3,-15.0,226,even,even,mc_gagg_ee,mc_gagg_ee,GAGG,GAGG,True,1,7,0,57
227,3,14,0,1,1,-18.9,27.3,-13.0,483,odd,even,mc_gagg_oe,mc_gagg_oe,GAGG,GAGG,True,1,7,0,57
228,4,14,0,0,0,-14.7,27.3,-15.0,228,even,even,mc_gagg_ee,mc_gagg_ee,GAGG,GAGG,True,2,7,0,58
229,5,14,0,1,1,-10.5,27.3,-13.0,485,odd,even,mc_gagg_oe,mc_gagg_oe,GAGG,GAGG,True,2,7,0,58
230,6,14,0,0,0,-6.3,27.3,-15.0,230,even,even,mc_gagg_ee,mc_gagg_ee,GAGG,GAGG,True,3,7,0,59
231,7,14,0,1,1,-2.1,27.3,-13.0,487,odd,even,mc_gagg_oe,mc_gagg_oe,GAGG,GAGG,True,3,7,0,59
232,8,14,0,0,0,2.1,27.3,-15.0,232,even,even,mc_gagg_ee,mc_gagg_ee,GAGG,GAGG,True,4,7,0,60
233,9,14,0,1,1,6.3,27.3,-13.0,489,odd,even,mc_gagg_oe,mc_gagg_oe,GAGG,GAGG,True,4,7,0,60
234,10,14,0,0,0,10.5,27.3,-15.0,234,even,even,mc_gagg_ee,mc_gagg_ee,GAGG,GAGG,True,5,7,0,61
235,11,14,0,1,1,14.7,27.3,-13.0,491,odd,even,mc_gagg_oe,mc_gagg_oe,GAGG,GAGG,True,5,7,0,61
236,12,14,0,0,0,18.9,27.3,-15.0,236,even,even,mc_gagg_ee,mc_gagg_ee,GAGG,GAGG,True,6,7,0,62
237,13,14,0,1,1,23.1,27.3,-13.0,493,odd,even,mc_gagg_oe,mc_gagg_oe,GAGG,GAGG,True,6,7,0,62
238,14,14,0,0,0,27.3,27.3,-15.0,238,even,even,mc_gagg_ee,mc_gagg_ee,GAGG,GAGG,True,7,7,0,63
239,15,14,0,1,1,31.5,27.3,-13.0,495,odd,even,mc_gagg_oe,mc_gagg_oe,GAGG,GAGG,True,7,7,0,63
240,0,15,0,1,1,-31.5,31.5,-13.0,496,even,odd,mc_gagg_eo,mc_gagg_eo,GAGG,GAGG,True,0,7,0,56
241,1,15,0,0,0,-27.3,31.5,-15.0,241,odd,odd,mc_gagg_oo,mc_gagg_oo,GAGG,GAGG,True,0,7,0,56
242,2,15,0,1,1,-23.1,31.5,-13.0,498,even,odd,mc_gagg_eo,mc_gagg_eo,GAGG,GAGG,True,1,7,0,57
243,3,15,0,0,0,-18.9,31.5,-15.0,243,odd,odd,mc_gagg_oo,mc_gagg_oo,GAGG,GAGG,True,1,7,0,57
244,4,15,0,1,1,-14.7,31.5,-13.0,500,even,odd,mc_gagg_eo,mc_gagg_eo,GAGG,GAGG,True,2,7,0,58
245,5,15,0,0,0,-10.5,31.5,-15.0,245,odd,odd,mc_gagg_oo,mc_gagg_oo,GAGG,GAGG,True,2,7,0,58
246,6,15,0,1,1,-6.3,31.5,-13.0,502,even,odd,mc_gagg_eo,mc_gagg_eo,GAGG,GAGG,True,3,7,0,59
247,7,15,0,0,0,-2.1,31.5,-15.0,247,odd,odd,mc_gagg_oo,mc_gagg_oo,GAGG,GAGG,True,3,7,0,59
248,8,15,0,1,1,2.1,31.5,-13.0,504,even,odd,mc_gagg_eo,mc_gagg_eo,GAGG,GAGG,True,4,7,0,60
249,9,15,0,0,0,6.3,31.5,-15.0,249,odd,odd,mc_gagg_oo,mc_gagg_oo,GAGG,GAGG,True,4,7,0,60
250,10,15,0,1,1,10.5,31.5,-13.0,506,even,odd,mc_gagg_eo,mc_gagg_eo,GAGG,GAGG,True,5,7,0,61
251,11,15,0,0,0,14.7,31.5,-15.0,251,odd,odd,mc_gagg_oo,mc_gagg_oo,GAGG,GAGG,True,5,7,0,61
252,12,15,0,1,1,18.9,31.5,-13.0,508,even,odd,mc_gagg_eo,mc_gagg_eo,GAGG,GAGG,True,6,7,0,62
253,13,15,0,0,0,23.1,31.5,-15.0,253,odd,odd,mc_gagg_oo,mc_gagg_oo,GAGG,GAGG,True,6,7,0,62
254,14,15,0,1,1,27.3,31.5,-13.0,510,even,odd,mc_gagg_eo,mc_gagg_eo,GAGG,GAGG,True,7,7,0,63
255,15,15,0,0,0,31.5,31.5,-15.0,255,odd,odd,mc_gagg_oo,mc_gagg_oo,GAGG,GAGG,True,7,7,0,63
256,0,0,1,2,2,-31.5,-31.5,-11.0,512,even,even,mc_gagg_ee,mc_gagg_ee,GAGG,GAGG,True,0,0,1,64
257,1,0,1,3,3,-27.3,-31.5,-9.0,769,odd,even,mc_gagg_oe,mc_gagg_oe,GAGG,GAGG,True,0,0,1,64
258,2,0,1,2,2,-23.1,-31.5,-11.0,514,even,even,mc_gagg_ee,mc_gagg_ee,GAGG,GAGG,True,1,0,1,65
259,3,0,1,3,3,-18.9,-31.5,-9.0,771,odd,even,mc_gagg_oe,mc_gagg_oe,GAGG,GAGG,True,1,0,1,65
260,4,0,1,2,2,-14.7,-31.5,-11.0,516,even,even,mc_gagg_ee,mc_gagg_ee,GAGG,GAGG,True,2,0,1,66
261,5,0,1,3,3,-10.5,-31.5,-9.0,773,odd,even,mc_gagg_oe,mc_gagg_oe,GAGG,GAGG,True,2,0,1,66
262,6,0,1,2,2,-6.3,-31.5,-11.0,518,even,even,mc_gagg_ee,mc_gagg_ee,GAGG,GAGG,True,3,0,1,67
263,7,0,1,3,3,-2.1,-31.5,-9.0,775,odd,even,mc_gagg_oe,mc_gagg_oe,GAGG,GAGG,True,3,0,1,67
264,8,0,1,2,2,2.1,-31.5,-11.0,520,even,even,mc_gagg_ee,mc_gagg_ee,GAGG,GAGG,True,4,0,1,68
265,9,0,1,3,3,6.3,-31.5,-9.0,777,odd,even,mc_gagg_oe,mc_gagg_oe,GAGG,GAGG,True,4,0,1,68
266,10,0,1,2,2,10.5,-31.5,-11.0,522,even,even,mc_gagg_ee,mc_gagg_ee,GAGG,GAGG,True,5,0,1,69
267,11,0,1,3,3,14.7,-31.5,-9.0,779,odd,even,mc_gagg_oe,mc_gagg_oe,GAGG,GAGG,True,5,0,1,69
268,12,0,1,2,2,18.9,-31.5,-11.0,524,even,even,mc_gagg_ee,mc_gagg_ee,GAGG,GAGG,True,6,0,1,70
269,13,0,1,3,3,23.1,-31.5,-9.0,781,odd,even,mc_gagg_oe,mc_gagg_oe,GAGG,GAGG,True,6,0,1,70
270,14,0,1,2,2,27.3,-31.5,-11.0,526,even,even,mc_gagg_ee,mc_gagg_ee,GAGG,GAGG,True,7,0,1,71
271,15,0,1,3,3,31.5,-31.5,-9.0,783,odd,even,mc_gagg_oe,mc_gagg_oe,GAGG,GAGG,True,7,0,1,71
272,0,1,1,3,3,-31.5,-27.3,-9.0,784,even,odd,mc_gagg_eo,mc_gagg_eo,GAGG,GAGG,True,0,0,1,64
273,1,1,1,2,2,-27.3,-27.3,-11.0,529,odd,odd,mc_gagg_oo,mc_gagg_oo,GAGG,GAGG,True,0,0,1,64
274,2,1,1,3,3,-23.1,-27.3,-9.0,786,even,odd,mc_gagg_eo,mc_gagg_eo,GAGG,GAGG,True,1,0,1,65
275,3,1,1,2,2,-18.9,-27.3,-11.0,531,odd,odd,mc_gagg_oo,mc_gagg_oo,GAGG,GAGG,True,1,0,1,65
276,4,1,1,3,3,-14.7,-27.3,-9.0,788,even,odd,mc_gagg_eo,mc_gagg_eo,GAGG,GAGG,True,2,0,1,66
277,5,1,1,2,2,-10.5,-27.3,-11.0,533,odd,odd,mc_gagg_oo,mc_gagg_oo,GAGG,GAGG,True,2,0,1,66
278,6,1,1,3,3,-6.3,-27.3,-9.0,790,even,odd,mc_gagg_eo,mc_gagg_eo,GAGG,GAGG,True,3,0,1,67
279,7,1,1,2,2,-2.1,-27.3,-11.0,535,odd,odd,mc_gagg_oo,mc_gagg_oo,GAGG,GAGG,True,3,0,1,67
280,8,1,1,3,3,2.1,-27.3,-9.0,792,even,odd,mc_gagg_eo,mc_gagg_eo,GAGG,GAGG,True,4,0,1,68
281,9,1,1,2,2,6.3,-27.3,-11.0,537,odd,odd,mc_gagg_oo,mc_gagg_oo,GAGG,GAGG,True,4,0,1,68
282,10,1,1,3,3,10.5,-27.3,-9.0,794,even,odd,mc_gagg_eo,mc_gagg_eo,GAGG,GAGG,True,5,0,1,69
283,11,1,1,2,2,14.7,-27.3,-11.0,539,odd,odd,mc_gagg_oo,mc_gagg_oo,GAGG,GAGG,True,5,0,1,69
284,12,1,1,3,3,18.9,-27.3,-9.0,796,even,odd,mc_gagg_eo,mc_gagg_eo,GAGG,GAGG,True,6,0,1,70
285,13,1,1,2,2,23.1,-27.3,-11.0,541,odd,odd,mc_gagg_oo,mc_gagg_oo,GAGG,GAGG,True,6,0,1,70
286,14,1,1,3,3,27.3,-27.3,-9.0,798,even,odd,mc_gagg_eo,mc_gagg_eo,GAGG,GAGG,True,7,0,1,71
287,15,1,1,2,2,31.5,-27.3,-11.0,543,odd,odd,mc_gagg_oo,mc_gagg_oo,GAGG,GAGG,True,7,0,1,71
288,0,2,1,2,2,-31.5,-23.1,-11.0,544,even,even,mc_gagg_ee,mc_gagg_ee,GAGG,GAGG,True,0,1,1,72
289,1,2,1,3,3,-27.3,-23.1,-9.0,801,odd,even,mc_gagg_oe,mc_gagg_oe,GAGG,GAGG,True,0,1,1,72
290,2,2,1,2,2,-23.1,-23.1,-11.0,546,even,even,mc_gagg_ee,mc_gagg_ee,GAGG,GAGG,True,1,1,1,73
291,3,2,1,3,3,-18.9,-23.1,-9.0,803,odd,even,mc_gagg_oe,mc_gagg_oe,GAGG,GAGG,True,1,1,1,73
292,4,2,1,2,2,-14.7,-23.1,-11.0,548,even,even,mc_gagg_ee,mc_gagg_ee,GAGG,GAGG,True,2,1,1,74
293,5,2,1,3,3,-10.5,-23.1,-9.0,805,odd,even,mc_gagg_oe,mc_gagg_oe,GAGG,GAGG,True,2,1,1,74
294,6,2,1,2,2,-6.3,-23.1,-11.0,550,even,even,mc_gagg_ee,mc_gagg_ee,GAGG,GAGG,True,3,1,1,75
295,7,2,1,3,3,-2.1,-23.1,-9.0,807,odd,even,mc_gagg_oe,mc_gagg_oe,GAGG,GAGG,True,3,1,1,75
296,8,2,1,2,2,2.1,-23.1,-11.0,552,even,even,mc_gagg_ee,mc_gagg_ee,GAGG,GAGG,True,4,1,1,76
297,9,2,1,3,3,6.3,-23.1,-9.0,809,odd,even,mc_gagg_oe,mc_gagg_oe,GAGG,GAGG,True,4,1,1,76
298,10,2,1,2,2,10.5,-23.1,-11.0,554,even,even,mc_gagg_ee,mc_gagg_ee,GAGG,GAGG,True,5,1,1,77
299,11,2,1,3,3,14.7,-23.1,-9.0,811,odd,even,mc_gagg_oe,mc_gagg_oe,GAGG,GAGG,True,5,1,1,77
300,12,2,1,2,2,18.9,-23.1,-11.0,556,even,even,mc_gagg_ee,mc_gagg_ee,GAGG,GAGG,True,6,1,1,78
301,13,2,1,3,3,23.1,-23.1,-9.0,813,odd,even,mc_gagg_oe,mc_gagg_oe,GAGG,GAGG,True,6,1,1,78
302,14,2,1,2,2,27.3,-23.1,-11.0,558,even,even,mc_gagg_ee,mc_gagg_ee,GAGG,GAGG,True,7,1,1,79
303,15,2,1,3,3,31.5,-23.1,-9.0,815,odd,even,mc_gagg_oe,mc_gagg_oe,GAGG,GAGG,True,7,1,1,79
304,0,3,1,3,3,-31.5,-18.9,-9.0,816,even,odd,mc_gagg_eo,mc_gagg_eo,GAGG,GAGG,True,0,1,1,72
305,1,3,1,2,2,-27.3,-18.9,-11.0,561,odd,odd,mc_gagg_oo,mc_gagg_oo,GAGG,GAGG,True,0,1,1,72
306,2,3,1,3,3,-23.1,-18.9,-9.0,818,even,odd,mc_gagg_eo,mc_gagg_eo,GAGG,GAGG,True,1,1,1,73
307,3,3,1,2,2,-18.9,-18.9,-11.0,563,odd,odd,mc_gagg_oo,mc_gagg_oo,GAGG,GAGG,True,1,1,1,73
308,4,3,1,3,3,-14.7,-18.9,-9.0,820,even,odd,mc_gagg_eo,mc_gagg_eo,GAGG,GAGG,True,2,1,1,74
309,5,3,1,2,2,-10.5,-18.9,-11.0,565,odd,odd,mc_gagg_oo,mc_gagg_oo,GAGG,GAGG,True,2,1,1,74
310,6,3,1,3,3,-6.3,-18.9,-9.0,822,even,odd,mc_gagg_eo,mc_gagg_eo,GAGG,GAGG,True,3,1,1,75
311,7,3,1,2,2,-2.1,-18.9,-11.0,567,odd,odd,mc_gagg_oo,mc_gagg_oo,GAGG,GAGG,True,3,1,1,75
312,8,3,1,3,3,2.1,-18.9,-9.0,824,even,odd,mc_gagg_eo,mc_gagg_eo,GAGG,GAGG,True,4,1,1,76
313,9,3,1,2,2,6.3,-18.9,-11.0,569,odd,odd,mc_gagg_oo,mc_gagg_oo,GAGG,GAGG,True,4,1,1,76
314,10,3,1,3,3,10.5,-18.9,-9.0,826,even,odd,mc_gagg_eo,mc_gagg_eo,GAGG,GAGG,True,5,1,1,77
315,11,3,1,2,2,14.7,-18.9,-11.0,571,odd,odd,mc_gagg_oo,mc_gagg_oo,GAGG,GAGG,True,5,1,1,77
316,12,3,1,3,3,18.9,-18.9,-9.0,828,even,odd,mc_gagg_eo,mc_gagg_eo,GAGG,GAGG,True,6,1,1,78
317,13,3,1,2,2,23.1,-18.9,-11.0,573,odd,odd,mc_gagg_oo,mc_gagg_oo,GAGG,GAGG,True,6,1,1,78
318,14,3,1,3,3,27.3,-18.9,-9.0,830,even,odd,mc_gagg_eo,mc_gagg_eo,GAGG,GAGG,True,7,1,1,79
319,15,3,1,2,2,31.5,-18.9,-11.0,575,odd,odd,mc_gagg_oo,mc_gagg_oo,GAGG,GAGG,True,7,1,1,79
320,0,4,1,2,2,-31.5,-14.7,-11.0,576,even,even,mc_gagg_ee,mc_gagg_ee,GAGG,GAGG,True,0,2,1,80
321,1,4,1,3,3,-27.3,-14.7,-9.0,833,odd,even,mc_gagg_oe,mc_gagg_oe,GAGG,GAGG,True,0,2,1,80
322,2,4,1,2,2,-23.1,-14.7,-11.0,578,even,even,mc_gagg_ee,mc_gagg_ee,GAGG,GAGG,True,1,2,1,81
323,3,4,1,3,3,-18.9,-14.7,-9.0,835,odd,even,mc_gagg_oe,mc_gagg_oe,GAGG,GAGG,True,1,2,1,81
324,4,4,1,2,2,-14.7,-14.7,-11.0,580,even,even,mc_gagg_ee,mc_gagg_ee,GAGG,GAGG,True,2,2,1,82
325,5,4,1,3,3,-10.5,-14.7,-9.0,837,odd,even,mc_gagg_oe,mc_gagg_oe,GAGG,GAGG,True,2,2,1,82
326,6,4,1,2,2,-6.3,-14.7,-11.0,582,even,even,mc_gagg_ee,mc_gagg_ee,GAGG,GAGG,True,3,2,1,83
327,7,4,1,3,3,-2.1,-14.7,-9.0,839,odd,even,mc_gagg_oe,mc_gagg_oe,GAGG,GAGG,True,3,2,1,83
328,8,4,1,2,2,2.1,-14.7,-11.0,584,even,even,mc_gagg_ee,mc_gagg_ee,GAGG,GAGG,True,4,2,1,84
329,9,4,1,3,3,6.3,-14.7,-9.0,841,odd,even,mc_gagg_oe,mc_gagg_oe,GAGG,GAGG,True,4,2,1,84
330,10,4,1,2,2,10.5,-14.7,-11.0,586,even,even,mc_gagg_ee,mc_gagg_ee,GAGG,GAGG,True,5,2,1,85
331,11,4,1,3,3,14.7,-14.7,-9.0,843,odd,even,mc_gagg_oe,mc_gagg_oe,GAGG,GAGG,True,5,2,1,85
332,12,4,1,2,2,18.9,-14.7,-11.0,588,even,even,mc_gagg_ee,mc_gagg_ee,GAGG,GAGG,True,6,2,1,86
333,13,4,1,3,3,23.1,-14.7,-9.0,845,odd,even,mc_gagg_oe,mc_gagg_oe,GAGG,GAGG,True,6,2,1,86
334,14,4,1,2,2,27.3,-14.7,-11.0,590,even,even,mc_gagg_ee,mc_gagg_ee,GAGG,GAGG,True,7,2,1,87
335,15,4,1,3,3,31.5,-14.7,-9.0,847,odd,even,mc_gagg_oe,mc_gagg_oe,GAGG,GAGG,True,7,2,1,87
336,0,5,1,3,3,-31.5,-10.5,-9.0,848,even,odd,mc_gagg_eo,mc_gagg_eo,GAGG,GAGG,True,0,2,1,80
337,1,5,1,2,2,-27.3,-10.5,-11.0,593,odd,odd,mc_gagg_oo,mc_gagg_oo,GAGG,GAGG,True,0,2,1,80
338,2,5,1,3,3,-23.1,-10.5,-9.0,850,even,odd,mc_gagg_eo,mc_gagg_eo,GAGG,GAGG,True,1,2,1,81
339,3,5,1,2,2,-18.9,-10.5,-11.0,595,odd,odd,mc_gagg_oo,mc_gagg_oo,GAGG,GAGG,True,1,2,1,81
340,4,5,1,3,3,-14.7,-10.5,-9.0,852,even,odd,mc_gagg_eo,mc_gagg_eo,GAGG,GAGG,True,2,2,1,82
341,5,5,1,2,2,-10.5,-10.5,-11.0,597,odd,odd,mc_gagg_oo,mc_gagg_oo,GAGG,GAGG,True,2,2,1,82
342,6,5,1,3,3,-6.3,-10.5,-9.0,854,even,odd,mc_gagg_eo,mc_gagg_eo,GAGG,GAGG,True,3,2,1,83
343,7,5,1,2,2,-2.1,-10.5,-11.0,599,odd,odd,mc_gagg_oo,mc_gagg_oo,GAGG,GAGG,True,3,2,1,83
344,8,5,1,3,3,2.1,-10.5,-9.0,856,even,odd,mc_gagg_eo,mc_gagg_eo,GAGG,GAGG,True,4,2,1,84
345,9,5,1,2,2,6.3,-10.5,-11.0,601,odd,odd,mc_gagg_oo,mc_gagg_oo,GAGG,GAGG,True,4,2,1,84
346,10,5,1,3,3,10.5,-10.5,-9.0,858,even,odd,mc_gagg_eo,mc_gagg_eo,GAGG,GAGG,True,5,2,1,85
347,11,5,1,2,2,14.7,-10.5,-11.0,603,odd,odd,mc_gagg_oo,mc_gagg_oo,GAGG,GAGG,True,5,2,1,85
348,12,5,1,3,3,18.9,-10.5,-9.0,860,even,odd,mc_gagg_eo,mc_gagg_eo,GAGG,GAGG,True,6,2,1,86
349,13,5,1,2,2,23.1,-10.5,-11.0,605,odd,odd,mc_gagg_oo,mc_gagg_oo,GAGG,GAGG,True,6,2,1,86
350,14,5,1,3,3,27.3,-10.5,-9.0,862,even,odd,mc_gagg_eo,mc_gagg_eo,GAGG,GAGG,True,7,2,1,87
351,15,5,1,2,2,31.5,-10.5,-11.0,607,odd,odd,mc_gagg_oo,mc_gagg_oo,GAGG,GAGG,True,7,2,1,87
352,0,6,1,2,2,-31.5,-6.3,-11.0,608,even,even,mc_gagg_ee,mc_gagg_ee,GAGG,GAGG,True,0,3,1,88
353,1,6,1,3,3,-27.3,-6.3,-9.0,865,odd,even,mc_gagg_oe,mc_gagg_oe,GAGG,GAGG,True,0,3,1,88
354,2,6,1,2,2,-23.1,-6.3,-11.0,610,even,even,mc_gagg_ee,mc_gagg_ee,GAGG,GAGG,True,1,3,1,89
355,3,6,1,3,3,-18.9,-6.3,-9.0,867,odd,even,mc_gagg_oe,mc_gagg_oe,GAGG,GAGG,True,1,3,1,89
356,4,6,1,2,2,-14.7,-6.3,-11.0,612,even,even,mc_gagg_ee,mc_gagg_ee,GAGG,GAGG,True,2,3,1,90
357,5,6,1,3,3,-10.5,-6.3,-9.0,869,odd,even,mc_gagg_oe,mc_gagg_oe,GAGG,GAGG,True,2,3,1,90
358,6,6,1,2,2,-6.3,-6.3,-11.0,614,even,even,mc_gagg_ee,mc_gagg_ee,GAGG,GAGG,True,3,3,1,91
359,7,6,1,3,3,-2.1,-6.3,-9.0,871,odd,even,mc_gagg_oe,mc_gagg_oe,GAGG,GAGG,True,3,3,1,91
360,8,6,1,2,2,2.1,-6.3,-11.0,616,even,even,mc_gagg_ee,mc_gagg_ee,GAGG,GAGG,True,4,3,1,92
361,9,6,1,3,3,6.3,-6.3,-9.0,873,odd,even,mc_gagg_oe,mc_gagg_oe,GAGG,GAGG,True,4,3,1,92
362,10,6,1,2,2,10.5,-6.3,-11.0,618,even,even,mc_gagg_ee,mc_gagg_ee,GAGG,GAGG,True,5,3,1,93
363,11,6,1,3,3,14.7,-6.3,-9.0,875,odd,even,mc_gagg_oe,mc_gagg_oe,GAGG,GAGG,True,5,3,1,93
364,12,6,1,2,2,18.9,-6.3,-11.0,620,even,even,mc_gagg_ee,mc_gagg_ee,GAGG,GAGG,True,6,3,1,94
365,13,6,1,3,3,23.1,-6.3,-9.0,877,odd,even,mc_gagg_oe,mc_gagg_oe,GAGG,GAGG,True,6,3,1,94
366,14,6,1,2,2,27.3,-6.3,-11.0,622,even,even,mc_gagg_ee,mc_gagg_ee,GAGG,GAGG,True,7,3,1,95
367,15,6,1,3,3,31.5,-6.3,-9.0,879,odd,even,mc_gagg_oe,mc_gagg_oe,GAGG,GAGG,True,7,3,1,95
368,0,7,1,3,3,-31.5,-2.1,-9.0,880,even,odd,mc_gagg_eo,mc_gagg_eo,GAGG,GAGG,True,0,3,1,88
369,1,7,1,2,2,-27.3,-2.1,-11.0,625,odd,odd,mc_gagg_oo,mc_gagg_oo,GAGG,GAGG,True,0,3,1,88
370,2,7,1,3,3,-23.1,-2.1,-9.0,882,even,odd,mc_gagg_eo,mc_gagg_eo,GAGG,GAGG,True,1,3,1,89
371,3,7,1,2,2,-18.9,-2.1,-11.0,627,odd,odd,mc_gagg_oo,mc_gagg_oo,GAGG,GAGG,True,1,3,1,89
372,4,7,1,3,3,-14.7,-2.1,-9.0,884,even,odd,mc_gagg_eo,mc_gagg_eo,GAGG,GAGG,True,2,3,1,90
373,5,7,1,2,2,-10.5,-2.1,-11.0,629,odd,odd,mc_gagg_oo,mc_gagg_oo,GAGG,GAGG,True,2,3,1,90
374,6,7,1,3,3,-6.3,-2.1,-9.0,886,even,odd,mc_gagg_eo,mc_gagg_eo,GAGG,GAGG,True,3,3,1,91
375,7,7,1,2,2,-2.1,-2.1,-11.0,631,odd,odd,mc_gagg_oo,mc_gagg_oo,GAGG,GAGG,True,3,3,1,91
376,8,7,1,3,3,2.1,-2.1,-9.0,888,even,odd,mc_gagg_eo,mc_gagg_eo,GAGG,GAGG,True,4,3,1,92
377,9,7,1,2,2,6.3,-2.1,-11.0,633,odd,odd,mc_gagg_oo,mc_gagg_oo,GAGG,GAGG,True,4,3,1,92
378,10,7,1,3,3,10.5,-2.1,-9.0,890,even,odd,mc_gagg_eo,mc_gagg_eo,GAGG,GAGG,True,5,3,1,93
379,11,7,1,2,2,14.7,-2.1,-11.0,635,odd,odd,mc_gagg_oo,mc_gagg_oo,GAGG,GAGG,True,5,3,1,93
380,12,7,1,3,3,18.9,-2.1,-9.0,892,even,odd,mc_gagg_eo,mc_gagg_eo,GAGG,GAGG,True,6,3,1,94
381,13,7,1,2,2,23.1,-2.1,-11.0,637,odd,odd,mc_gagg_oo,mc_gagg_oo,GAGG,GAGG,True,6,3,1,94
382,14,7,1,3,3,27.3,-2.1,-9.0,894,even,odd,mc_gagg_eo,mc_gagg_eo,GAGG,GAGG,True,7,3,1,95
383,15,7,1,2,2,31.5,-2.1,-11.0,639,odd,odd,mc_gagg_oo,mc_gagg_oo,GAGG,GAGG,True,7,3,1,95
384,0,8,1,2,2,-31.5,2.1,-11.0,640,even,even,mc_gagg_ee,mc_gagg_ee,GAGG,GAGG,True,0,4,1,96
385,1,8,1,3,3,-27.3,2.1,-9.0,897,odd,even,mc_gagg_oe,mc_gagg_oe,GAGG,GAGG,True,0,4,1,96
386,2,8,1,2,2,-23.1,2.1,-11.0,642,even,even,mc_gagg_ee,mc_gagg_ee,GAGG,GAGG,True,1,4,1,97
387,3,8,1,3,3,-18.9,2.1,-9.0,899,odd,even,mc_gagg_oe,mc_gagg_oe,GAGG,GAGG,True,1,4,1,97
388,4,8,1,2,2,-14.7,2.1,-11.0,644,even,even,mc_gagg_ee,mc_gagg_ee,GAGG,GAGG,True,2,4,1,98
389,5,8,1,3,3,-10.5,2.1,-9.0,901,odd,even,mc_gagg_oe,mc_gagg_oe,GAGG,GAGG,True,2,4,1,98
390,6,8,1,2,2,-6.3,2.1,-11.0,646,even,even,mc_gagg_ee,mc_gagg_ee,GAGG,GAGG,True,3,4,1,99
391,7,8,1,3,3,-2.1,2.1,-9.0,903,odd,even,mc_gagg_oe,mc_gagg_oe,GAGG,GAGG,True,3,4,1,99
392,8,8,1,2,2,2.1,2.1,-11.0,648,even,even,mc_gagg_ee,mc_gagg_ee,GAGG,GAGG,True,4,4,1,100
393,9,8,1,3,3,6.3,2.1,-9.0,905,odd,even,mc_gagg_oe,mc_gagg_oe,GAGG,GAGG,True,4,4,1,100
394,10,8,1,2,2,10.5,2.1,-11.0,650,even,even,mc_gagg_ee,mc_gagg_ee,GAGG,GAGG,True,5,4,1,101
395,11,8,1,3,3,14.7,2.1,-9.0,907,odd,even,mc_gagg_oe,mc_gagg_oe,GAGG,GAGG,True,5,4,1,101
396,12,8,1,2,2,18.9,2.1,-11.0,652,even,even,mc_gagg_ee,mc_gagg_ee,GAGG,GAGG,True,6,4,1,102
397,13,8,1,3,3,23.1,2.1,-9.0,909,odd,even,mc_gagg_oe,mc_gagg_oe,GAGG,GAGG,True,6,4,1,102
398,14,8,1,2,2,27.3,2.1,-11.0,654,even,even,mc_gagg_ee,mc_gagg_ee,GAGG,GAGG,True,7,4,1,103
399,15,8,1,3,3,31.5,2.1,-9.0,911,odd,even,mc_gagg_oe,mc_gagg_oe,GAGG,GAGG,True,7,4,1,103
400,0,9,1,3,3,-31.5,6.3,-9.0,912,even,odd,mc_gagg_eo,mc_gagg_eo,GAGG,GAGG,True,0,4,1,96
401,1,9,1,2,2,-27.3,6.3,-11.0,657,odd,odd,mc_gagg_oo,mc_gagg_oo,GAGG,GAGG,True,0,4,1,96
402,2,9,1,3,3,-23.1,6.3,-9.0,914,even,odd,mc_gagg_eo,mc_gagg_eo,GAGG,GAGG,True,1,4,1,97
403,3,9,1,2,2,-18.9,6.3,-11.0,659,odd,odd,mc_gagg_oo,mc_gagg_oo,GAGG,GAGG,True,1,4,1,97
404,4,9,1,3,3,-14.7,6.3,-9.0,916,even,odd,mc_gagg_eo,mc_gagg_eo,GAGG,GAGG,True,2,4,1,98
405,5,9,1,2,2,-10.5,6.3,-11.0,661,odd,odd,mc_gagg_oo,mc_gagg_oo,GAGG,GAGG,True,2,4,1,98
406,6,9,1,3,3,-6.3,6.3,-9.0,918,even,odd,mc_gagg_eo,mc_gagg_eo,GAGG,GAGG,True,3,4,1,99
407,7,9,1,2,2,-2.1,6.3,-11.0,663,odd,odd,mc_gagg_oo,mc_gagg_oo,GAGG,GAGG,True,3,4,1,99
408,8,9,1,3,3,2.1,6.3,-9.0,920,even,odd,mc_gagg_eo,mc_gagg_eo,GAGG,GAGG,True,4,4,1,100
409,9,9,1,2,2,6.3,6.3,-11.0,665,odd,odd,mc_gagg_oo,mc_gagg_oo,GAGG,GAGG,True,4,4,1,100
410,10,9,1,3,3,10.5,6.3,-9.0,922,even,odd,mc_gagg_eo,mc_gagg_eo,GAGG,GAGG,True,5,4,1,101
411,11,9,1,2,2,14.7,6.3,-11.0,667,odd,odd,mc_gagg_oo,mc_gagg_oo,GAGG,GAGG,True,5,4,1,101
412,12,9,1,3,3,18.9,6.3,-9.0,924,even,odd,mc_gagg_eo,mc_gagg_eo,GAGG,GAGG,True,6,4,1,102
413,13,9,1,2,2,23.1,6.3,-11.0,669,odd,odd,mc_gagg_oo,mc_gagg_oo,GAGG,GAGG,True,6,4,1,102
414,14,9,1,3,3,27.3,6.3,-9.0,926,even,odd,mc_gagg_eo,mc_gagg_eo,GAGG,GAGG,True,7,4,1,103
415,15,9,1,2,2,31.5,6.3,-11.0,671,odd,odd,mc_gagg_oo,mc_gagg_oo,GAGG,GAGG,True,7,4,1,103
416,0,10,1,2,2,-31.5,10.5,-11.0,672,even,even,mc_gagg_ee,mc_gagg_ee,GAGG,GAGG,True,0,5,1,104
417,1,10,1,3,3,-27.3,10.5,-9.0,929,odd,even,mc_gagg_oe,mc_gagg_oe,GAGG,GAGG,True,0,5,1,104
418,2,10,1,2,2,-23.1,10.5,-11.0,674,even,even,mc_gagg_ee,mc_gagg_ee,GAGG,GAGG,True,1,5,1,105
419,3,10,1,3,3,-18.9,10.5,-9.0,931,odd,even,mc_gagg_oe,mc_gagg_oe,GAGG,GAGG,True,1,5,1,105
420,4,10,1,2,2,-14.7,10.5,-11.0,676,even,even,mc_gagg_ee,mc_gagg_ee,GAGG,GAGG,True,2,5,1,106
421,5,10,1,3,3,-10.5,10.5,-9.0,933,odd,even,mc_gagg_oe,mc_gagg_oe,GAGG,GAGG,True,2,5,1,106
422,6,10,1,2,2,-6.3,10.5,-11.0,678,even,even,mc_gagg_ee,mc_gagg_ee,GAGG,GAGG,True,3,5,1,107
423,7,10,1,3,3,-2.1,10.5,-9.0,935,odd,even,mc_gagg_oe,mc_gagg_oe,GAGG,GAGG,True,3,5,1,107
424,8,10,1,2,2,2.1,10.5,-11.0,680,even,even,mc_gagg_ee,mc_gagg_ee,GAGG,GAGG,True,4,5,1,108
425,9,10,1,3,3,6.3,10.5,-9.0,937,odd,even,mc_gagg_oe,mc_gagg_oe,GAGG,GAGG,True,4,5,1,108
426,10,10,1,2,2,10.5,10.5,-11.0,682,even,even,mc_gagg_ee,mc_gagg_ee,GAGG,GAGG,True,5,5,1,109
427,11,10,1,3,3,14.7,10.5,-9.0,939,odd,even,mc_gagg_oe,mc_gagg_oe,GAGG,GAGG,True,5,5,1,109
428,12,10,1,2,2,18.9,10.5,-11.0,684,even,even,mc_gagg_ee,mc_gagg_ee,GAGG,GAGG,True,6,5,1,110
429,13,10,1,3,3,23.1,10.5,-9.0,941,odd,even,mc_gagg_oe,mc_gagg_oe,GAGG,GAGG,True,6,5,1,110
430,14,10,1,2,2,27.3,10.5,-11.0,686,even,even,mc_gagg_ee,mc_gagg_ee,GAGG,GAGG,True,7,5,1,111
431,15,10,1,3,3,31.5,10.5,-9.0,943,odd,even,mc_gagg_oe,mc_gagg_oe,GAGG,GAGG,True,7,5,1,111
432,0,11,1,3,3,-31.5,14.7,-9.0,944,even,odd,mc_gagg_eo,mc_gagg_eo,GAGG,GAGG,True,0,5,1,104
433,1,11,1,2,2,-27.3,14.7,-11.0,689,odd,odd,mc_gagg_oo,mc_gagg_oo,GAGG,GAGG,True,0,5,1,104
434,2,11,1,3,3,-23.1,14.7,-9.0,946,even,odd,mc_gagg_eo,mc_gagg_eo,GAGG,GAGG,True,1,5,1,105
435,3,11,1,2,2,-18.9,14.7,-11.0,691,odd,odd,mc_gagg_oo,mc_gagg_oo,GAGG,GAGG,True,1,5,1,105
436,4,11,1,3,3,-14.7,14.7,-9.0,948,even,odd,mc_gagg_eo,mc_gagg_eo,GAGG,GAGG,True,2,5,1,106
437,5,11,1,2,2,-10.5,14.7,-11.0,693,odd,odd,mc_gagg_oo,mc_gagg_oo,GAGG,GAGG,True,2,5,1,106
438,6,11,1,3,3,-6.3,14.7,-9.0,950,even,odd,mc_gagg_eo,mc_gagg_eo,GAGG,GAGG,True,3,5,1,107
439,7,11,1,2,2,-2.1,14.7,-11.0,695,odd,odd,mc_gagg_oo,mc_gagg_oo,GAGG,GAGG,True,3,5,1,107
440,8,11,1,3,3,2.1,14.7,-9.0,952,even,odd,mc_gagg_eo,mc_gagg_eo,GAGG,GAGG,True,4,5,1,108
441,9,11,1,2,2,6.3,14.7,-11.0,697,odd,odd,mc_gagg_oo,mc_gagg_oo,GAGG,GAGG,True,4,5,1,108
442,10,11,1,3,3,10.5,14.7,-9.0,954,even,odd,mc_gagg_eo,mc_gagg_eo,GAGG,GAGG,True,5,5,1,109
443,11,11,1,2,2,14.7,14.7,-11.0,699,odd,odd,mc_gagg_oo,mc_gagg_oo,GAGG,GAGG,True,5,5,1,109
444,12,11,1,3,3,18.9,14.7,-9.0,956,even,odd,mc_gagg_eo,mc_gagg_eo,GAGG,GAGG,True,6,5,1,110
445,13,11,1,2,2,23.1,14.7,-11.0,701,odd,odd,mc_gagg_oo,mc_gagg_oo,GAGG,GAGG,True,6,5,1,110
446,14,11,1,3,3,27.3,14.7,-9.0,958,even,odd,mc_gagg_eo,mc_gagg_eo,GAGG,GAGG,True,7,5,1,111
447,15,11,1,2,2,31.5,14.7,-11.0,703,odd,odd,mc_gagg_oo,mc_gagg_oo,GAGG,GAGG,True,7,5,1,111
448,0,12,1,2,2,-31.5,18.9,-11.0,704,even,even,mc_gagg_ee,mc_gagg_ee,GAGG,GAGG,True,0,6,1,112
449,1,12,1,3,3,-27.3,18.9,-9.0,961,odd,even,mc_gagg_oe,mc_gagg_oe,GAGG,GAGG,True,0,6,1,112
450,2,12,1,2,2,-23.1,18.9,-11.0,706,even,even,mc_gagg_ee,mc_gagg_ee,GAGG,GAGG,True,1,6,1,113
451,3,12,1,3,3,-18.9,18.9,-9.0,963,odd,even,mc_gagg_oe,mc_gagg_oe,GAGG,GAGG,True,1,6,1,113
452,4,12,1,2,2,-14.7,18.9,-11.0,708,even,even,mc_gagg_ee,mc_gagg_ee,GAGG,GAGG,True,2,6,1,114
453,5,12,1,3,3,-10.5,18.9,-9.0,965,odd,even,mc_gagg_oe,mc_gagg_oe,GAGG,GAGG,True,2,6,1,114
454,6,12,1,2,2,-6.3,18.9,-11.0,710,even,even,mc_gagg_ee,mc_gagg_ee,GAGG,GAGG,True,3,6,1,115
455,7,12,1,3,3,-2.1,18.9,-9.0,967,odd,even,mc_gagg_oe,mc_gagg_oe,GAGG,GAGG,True,3,6,1,115
456,8,12,1,2,2,2.1,18.9,-11.0,712,even,even,mc_gagg_ee,mc_gagg_ee,GAGG,GAGG,True,4,6,1,116
457,9,12,1,3,3,6.3,18.9,-9.0,969,odd,even,mc_gagg_oe,mc_gagg_oe,GAGG,GAGG,True,4,6,1,116
458,10,12,1,2,2,10.5,18.9,-11.0,714,even,even,mc_gagg_ee,mc_gagg_ee,GAGG,GAGG,True,5,6,1,117
459,11,12,1,3,3,14.7,18.9,-9.0,971,odd,even,mc_gagg_oe,mc_gagg_oe,GAGG,GAGG,True,5,6,1,117
460,12,12,1,2,2,18.9,18.9,-11.0,716,even,even,mc_gagg_ee,mc_gagg_ee,GAGG,GAGG,True,6,6,1,118
461,13,12,1,3,3,23.1,18.9,-9.0,973,odd,even,mc_gagg_oe,mc_gagg_oe,GAGG,GAGG,True,6,6,1,118
462,14,12,1,2,2,27.3,18.9,-11.0,718,even,even,mc_gagg_ee,mc_gagg_ee,GAGG,GAGG,True,7,6,1,119
463,15,12,1,3,3,31.5,18.9,-9.0,975,odd,even,mc_gagg_oe,mc_gagg_oe,GAGG,GAGG,True,7,6,1,119
464,0,13,1,3,3,-31.5,23.1,-9.0,976,even,odd,mc_gagg_eo,mc_gagg_eo,GAGG,GAGG,True,0,6,1,112
465,1,13,1,2,2,-27.3,23.1,-11.0,721,odd,odd,mc_gagg_oo,mc_gagg_oo,GAGG,GAGG,True,0,6,1,112
466,2,13,1,3,3,-23.1,23.1,-9.0,978,even,odd,mc_gagg_eo,mc_gagg_eo,GAGG,GAGG,True,1,6,1,113
467,3,13,1,2,2,-18.9,23.1,-11.0,723,odd,odd,mc_gagg_oo,mc_gagg_oo,GAGG,GAGG,True,1,6,1,113
468,4,13,1,3,3,-14.7,23.1,-9.0,980,even,odd,mc_gagg_eo,mc_gagg_eo,GAGG,GAGG,True,2,6,1,114
469,5,13,1,2,2,-10.5,23.1,-11.0,725,odd,odd,mc_gagg_oo,mc_gagg_oo,GAGG,GAGG,True,2,6,1,114
470,6,13,1,3,3,-6.3,23.1,-9.0,982,even,odd,mc_gagg_eo,mc_gagg_eo,GAGG,GAGG,True,3,6,1,115
471,7,13,1,2,2,-2.1,23.1,-11.0,727,odd,odd,mc_gagg_oo,mc_gagg_oo,GAGG,GAGG,True,3,6,1,115
472,8,13,1,3,3,2.1,23.1,-9.0,984,even,odd,mc_gagg_eo,mc_gagg_eo,GAGG,GAGG,True,4,6,1,116
473,9,13,1,2,2,6.3,23.1,-11.0,729,odd,odd,mc_gagg_oo,mc_gagg_oo,GAGG,GAGG,True,4,6,1,116
474,10,13,1,3,3,10.5,23.1,-9.0,986,even,odd,mc_gagg_eo,mc_gagg_eo,GAGG,GAGG,True,5,6,1,117
475,11,13,1,2,2,14.7,23.1,-11.0,731,odd,odd,mc_gagg_oo,mc_gagg_oo,GAGG,GAGG,True,5,6,1,117
476,12,13,1,3,3,18.9,23.1,-9.0,988,even,odd,mc_gagg_eo,mc_gagg_eo,GAGG,GAGG,True,6,6,1,118
477,13,13,1,2,2,23.1,23.1,-11.0,733,odd,odd,mc_gagg_oo,mc_gagg_oo,GAGG,GAGG,True,6,6,1,118
478,14,13,1,3,3,27.3,23.1,-9.0,990,even,odd,mc_gagg_eo,mc_gagg_eo,GAGG,GAGG,True,7,6,1,119
479,15,13,1,2,2,31.5,23.1,-11.0,735,odd,odd,mc_gagg_oo,mc_gagg_oo,GAGG,GAGG,True,7,6,1,119
480,0,14,1,2,2,-31.5,27.3,-11.0,736,even,even,mc_gagg_ee,mc_gagg_ee,GAGG,GAGG,True,0,7,1,120
481,1,14,1,3,3,-27.3,27.3,-9.0,993,odd,even,mc_gagg_oe,mc_gagg_oe,GAGG,GAGG,True,0,7,1,120
482,2,14,1,2,2,-23.1,27.3,-11.0,738,even,even,mc_gagg_ee,mc_gagg_ee,GAGG,GAGG,True,1,7,1,121
483,3,14,1,3,3,-18.9,27.3,-9.0,995,odd,even,mc_gagg_oe,mc_gagg_oe,GAGG,GAGG,True,1,7,1,121
484,4,14,1,2,2,-14.7,27.3,-11.0,740,even,even,mc_gagg_ee,mc_gagg_ee,GAGG,GAGG,True,2,7,1,122
485,5,14,1,3,3,-10.5,27.3,-9.0,997,odd,even,mc_gagg_oe,mc_gagg_oe,GAGG,GAGG,True,2,7,1,122
486,6,14,1,2,2,-6.3,27.3,-11.0,742,even,even,mc_gagg_ee,mc_gagg_ee,GAGG,GAGG,True,3,7,1,123
487,7,14,1,3,3,-2.1,27.3,-9.0,999,odd,even,mc_gagg_oe,mc_gagg_oe,GAGG,GAGG,True,3,7,1,123
488,8,14,1,2,2,2.1,27.3,-11.0,744,even,even,mc_gagg_ee,mc_gagg_ee,GAGG,GAGG,True,4,7,1,124
489,9,14,1,3,3,6.3,27.3,-9.0,1001,odd,even,mc_gagg_oe,mc_gagg_oe,GAGG,GAGG,True,4,7,1,124
490,10,14,1,2,2,10.5,27.3,-11.0,746,even,even,mc_gagg_ee,mc_gagg_ee,GAGG,GAGG,True,5,7,1,125
491,11,14,1,3,3,14.7,27.3,-9.0,1003,odd,even,mc_gagg_oe,mc_gagg_oe,GAGG,GAGG,True,5,7,1,125
492,12,14,1,2,2,18.9,27.3,-11.0,748,even,even,mc_gagg_ee,mc_gagg_ee,GAGG,GAGG,True,6,7,1,126
493,13,14,1,3,3,23.1,27.3,-9.0,1005,odd,even,mc_gagg_oe,mc_gagg_oe,GAGG,GAGG,True,6,7,1,126
494,14,14,1,2,2,27.3,27.3,-11.0,750,even,even,mc_gagg_ee,mc_gagg_ee,GAGG,GAGG,True,7,7,1,127
495,15,14,1,3,3,31.5,27.3,-9.0,1007,odd,even,mc_gagg_oe,mc_gagg_oe,GAGG,GAGG,True,7,7,1,127
496,0,15,1,3,3,-31.5,31.5,-9.0,1008,even,odd,mc_gagg_eo,mc_gagg_eo,GAGG,GAGG,True,0,7,1,120
497,1,15,1,2,2,-27.3,31.5,-11.0,753,odd,odd,mc_gagg_oo,mc_gagg_oo,GAGG,GAGG,True,0,7,1,120
498,2,15,1,3,3,-23.1,31.5,-9.0,1010,even,odd,mc_gagg_eo,mc_gagg_eo,GAGG,GAGG,True,1,7,1,121
499,3,15,1,2,2,-18.9,31.5,-11.0,755,odd,odd,mc_gagg_oo,mc_gagg_oo,GAGG,GAGG,True,1,7,1,121
500,4,15,1,3,3,-14.7,31.5,-9.0,1012,even,odd,mc_gagg_eo,mc_gagg_eo,GAGG,GAGG,True,2,7,1,122
501,5,15,1,2,2,-10.5,31.5,-11.0,757,odd,odd,mc_gagg_oo,mc_gagg_oo,GAGG,GAGG,True,2,7,1,122
502,6,15,1,3,3,-6.3,31.5,-9.0,1014,even,odd,mc_gagg_eo,mc_gagg_eo,GAGG,GAGG,True,3,7,1,123
503,7,15,1,2,2,-2.1,31.5,-11.0,759,odd,odd,mc_gagg_oo,mc_gagg_oo,GAGG,GAGG,True,3,7,1,123
504,8,15,1,3,3,2.1,31.5,-9.0,1016,even,odd,mc_gagg_eo,mc_gagg_eo,GAGG,GAGG,True,4,7,1,124
505,9,15,1,2,2,6.3,31.5,-11.0,761,odd,odd,mc_gagg_oo,mc_gagg_oo,GAGG,GAGG,True,4,7,1,124
506,10,15,1,3,3,10.5,31.5,-9.0,1018,even,odd,mc_gagg_eo,mc_gagg_eo,GAGG,GAGG,True,5,7,1,125
507,11,15,1,2,2,14.7,31.5,-11.0,763,odd,odd,mc_gagg_oo,mc_gagg_oo,GAGG,GAGG,True,5,7,1,125
508,12,15,1,3,3,18.9,31.5,-9.0,1020,even,odd,mc_gagg_eo,mc_gagg_eo,GAGG,GAGG,True,6,7,1,126
509,13,15,1,2,2,23.1,31.5,-11.0,765,odd,odd,mc_gagg_oo,mc_gagg_oo,GAGG,GAGG,True,6,7,1,126
510,14,15,1,3,3,27.3,31.5,-9.0,1022,even,odd,mc_gagg_eo,mc_gagg_eo,GAGG,GAGG,True,7,7,1,127
511,15,15,1,2,2,31.5,31.5,-11.0,767,odd,odd,mc_gagg_oo,mc_gagg_oo,GAGG,GAGG,True,7,7,1,127
512,0,0,2,4,4,-31.5,-31.5,-7.0,1024,even,even,mc_gagg_ee,mc_gagg_ee,GAGG,GAGG,True,0,0,2,128
513,1,0,2,5,5,-27.3,-31.5,-5.0,1281,odd,even,mc_gagg_oe,mc_gagg_oe,GAGG,GAGG,True,0,0,2,128
514,2,0,2,4,4,-23.1,-31.5,-7.0,1026,even,even,mc_gagg_ee,mc_gagg_ee,GAGG,GAGG,True,1,0,2,129
515,3,0,2,5,5,-18.9,-31.5,-5.0,1283,odd,even,mc_gagg_oe,mc_gagg_oe,GAGG,GAGG,True,1,0,2,129
516,4,0,2,4,4,-14.7,-31.5,-7.0,1028,even,even,mc_gagg_ee,mc_gagg_ee,GAGG,GAGG,True,2,0,2,130
517,5,0,2,5,5,-10.5,-31.5,-5.0,1285,odd,even,mc_gagg_oe,mc_gagg_oe,GAGG,GAGG,True,2,0,2,130
518,6,0,2,4,4,-6.3,-31.5,-7.0,1030,even,even,mc_gagg_ee,mc_gagg_ee,GAGG,GAGG,True,3,0,2,131
519,7,0,2,5,5,-2.1,-31.5,-5.0,1287,odd,even,mc_gagg_oe,mc_gagg_oe,GAGG,GAGG,True,3,0,2,131
520,8,0,2,4,4,2.1,-31.5,-7.0,1032,even,even,mc_gagg_ee,mc_gagg_ee,GAGG,GAGG,True,4,0,2,132
521,9,0,2,5,5,6.3,-31.5,-5.0,1289,odd,even,mc_gagg_oe,mc_gagg_oe,GAGG,GAGG,True,4,0,2,132
522,10,0,2,4,4,10.5,-31.5,-7.0,1034,even,even,mc_gagg_ee,mc_gagg_ee,GAGG,GAGG,True,5,0,2,133
523,11,0,2,5,5,14.7,-31.5,-5.0,1291,odd,even,mc_gagg_oe,mc_gagg_oe,GAGG,GAGG,True,5,0,2,133
524,12,0,2,4,4,18.9,-31.5,-7.0,1036,even,even,mc_gagg_ee,mc_gagg_ee,GAGG,GAGG,True,6,0,2,134
525,13,0,2,5,5,23.1,-31.5,-5.0,1293,odd,even,mc_gagg_oe,mc_gagg_oe,GAGG,GAGG,True,6,0,2,134
526,14,0,2,4,4,27.3,-31.5,-7.0,1038,even,even,mc_gagg_ee,mc_gagg_ee,GAGG,GAGG,True,7,0,2,135
527,15,0,2,5,5,31.5,-31.5,-5.0,1295,odd,even,mc_gagg_oe,mc_gagg_oe,GAGG,GAGG,True,7,0,2,135
528,0,1,2,5,5,-31.5,-27.3,-5.0,1296,even,odd,mc_gagg_eo,mc_gagg_eo,GAGG,GAGG,True,0,0,2,128
529,1,1,2,4,4,-27.3,-27.3,-7.0,1041,odd,odd,mc_gagg_oo,mc_gagg_oo,GAGG,GAGG,True,0,0,2,128
530,2,1,2,5,5,-23.1,-27.3,-5.0,1298,even,odd,mc_gagg_eo,mc_gagg_eo,GAGG,GAGG,True,1,0,2,129
531,3,1,2,4,4,-18.9,-27.3,-7.0,1043,odd,odd,mc_gagg_oo,mc_gagg_oo,GAGG,GAGG,True,1,0,2,129
532,4,1,2,5,5,-14.7,-27.3,-5.0,1300,even,odd,mc_gagg_eo,mc_gagg_eo,GAGG,GAGG,True,2,0,2,130
533,5,1,2,4,4,-10.5,-27.3,-7.0,1045,odd,odd,mc_gagg_oo,mc_gagg_oo,GAGG,GAGG,True,2,0,2,130
534,6,1,2,5,5,-6.3,-27.3,-5.0,1302,even,odd,mc_gagg_eo,mc_gagg_eo,GAGG,GAGG,True,3,0,2,131
535,7,1,2,4,4,-2.1,-27.3,-7.0,1047,odd,odd,mc_gagg_oo,mc_gagg_oo,GAGG,GAGG,True,3,0,2,131
536,8,1,2,5,5,2.1,-27.3,-5.0,1304,even,odd,mc_gagg_eo,mc_gagg_eo,GAGG,GAGG,True,4,0,2,132
537,9,1,2,4,4,6.3,-27.3,-7.0,1049,odd,odd,mc_gagg_oo,mc_gagg_oo,GAGG,GAGG,True,4,0,2,132
538,10,1,2,5,5,10.5,-27.3,-5.0,1306,even,odd,mc_gagg_eo,mc_gagg_eo,GAGG,GAGG,True,5,0,2,133
539,11,1,2,4,4,14.7,-27.3,-7.0,1051,odd,odd,mc_gagg_oo,mc_gagg_oo,GAGG,GAGG,True,5,0,2,133
540,12,1,2,5,5,18.9,-27.3,-5.0,1308,even,odd,mc_gagg_eo,mc_gagg_eo,GAGG,GAGG,True,6,0,2,134
541,13,1,2,4,4,23.1,-27.3,-7.0,1053,odd,odd,mc_gagg_oo,mc_gagg_oo,GAGG,GAGG,True,6,0,2,134
542,14,1,2,5,5,27.3,-27.3,-5.0,1310,even,odd,mc_gagg_eo,mc_gagg_eo,GAGG,GAGG,True,7,0,2,135
543,15,1,2,4,4,31.5,-27.3,-7.0,1055,odd,odd,mc_gagg_oo,mc_gagg_oo,GAGG,GAGG,True,7,0,2,135
544,0,2,2,4,4,-31.5,-23.1,-7.0,1056,even,even,mc_gagg_ee,mc_gagg_ee,GAGG,GAGG,True,0,1,2,136
545,1,2,2,5,5,-27.3,-23.1,-5.0,1313,odd,even,mc_gagg_oe,mc_gagg_oe,GAGG,GAGG,True,0,1,2,136
546,2,2,2,4,4,-23.1,-23.1,-7.0,1058,even,even,mc_gagg_ee,mc_gagg_ee,GAGG,GAGG,True,1,1,2,137
547,3,2,2,5,5,-18.9,-23.1,-5.0,1315,odd,even,mc_gagg_oe,mc_gagg_oe,GAGG,GAGG,True,1,1,2,137
548,4,2,2,4,4,-14.7,-23.1,-7.0,1060,even,even,mc_gagg_ee,mc_gagg_ee,GAGG,GAGG,True,2,1,2,138
549,5,2,2,5,5,-10.5,-23.1,-5.0,1317,odd,even,mc_gagg_oe,mc_gagg_oe,GAGG,GAGG,True,2,1,2,138
550,6,2,2,4,4,-6.3,-23.1,-7.0,1062,even,even,mc_gagg_ee,mc_gagg_ee,GAGG,GAGG,True,3,1,2,139
551,7,2,2,5,5,-2.1,-23.1,-5.0,1319,odd,even,mc_gagg_oe,mc_gagg_oe,GAGG,GAGG,True,3,1,2,139
552,8,2,2,4,4,2.1,-23.1,-7.0,1064,even,even,mc_gagg_ee,mc_gagg_ee,GAGG,GAGG,True,4,1,2,140
553,9,2,2,5,5,6.3,-23.1,-5.0,1321,odd,even,mc_gagg_oe,mc_gagg_oe,GAGG,GAGG,True,4,1,2,140
554,10,2,2,4,4,10.5,-23.1,-7.0,1066,even,even,mc_gagg_ee,mc_gagg_ee,GAGG,GAGG,True,5,1,2,141
555,11,2,2,5,5,14.7,-23.1,-5.0,1323,odd,even,mc_gagg_oe,mc_gagg_oe,GAGG,GAGG,True,5,1,2,141
556,12,2,2,4,4,18.9,-23.1,-7.0,1068,even,even,mc_gagg_ee,mc_gagg_ee,GAGG,GAGG,True,6,1,2,142
557,13,2,2,5,5,23.1,-23.1,-5.0,1325,odd,even,mc_gagg_oe,mc_gagg_oe,GAGG,GAGG,True,6,1,2,142
558,14,2,2,4,4,27.3,-23.1,-7.0,1070,even,even,mc_gagg_ee,mc_gagg_ee,GAGG,GAGG,True,7,1,2,143
559,15,2,2,5,5,31.5,-23.1,-5.0,1327,odd,even,mc_gagg_oe,mc_gagg_oe,GAGG,GAGG,True,7,1,2,143
560,0,3,2,5,5,-31.5,-18.9,-5.0,1328,even,odd,mc_gagg_eo,mc_gagg_eo,GAGG,GAGG,True,0,1,2,136
561,1,3,2,4,4,-27.3,-18.9,-7.0,1073,odd,odd,mc_gagg_oo,mc_gagg_oo,GAGG,GAGG,True,0,1,2,136
562,2,3,2,5,5,-23.1,-18.9,-5.0,1330,even,odd,mc_gagg_eo,mc_gagg_eo,GAGG,GAGG,True,1,1,2,137
563,3,3,2,4,4,-18.9,-18.9,-7.0,1075,odd,odd,mc_gagg_oo,mc_gagg_oo,GAGG,GAGG,True,1,1,2,137
564,4,3,2,5,5,-14.7,-18.9,-5.0,1332,even,odd,mc_gagg_eo,mc_gagg_eo,GAGG,GAGG,True,2,1,2,138
565,5,3,2,4,4,-10.5,-18.9,-7.0,1077,odd,odd,mc_gagg_oo,mc_gagg_oo,GAGG,GAGG,True,2,1,2,138
566,6,3,2,5,5,-6.3,-18.9,-5.0,1334,even,odd,mc_gagg_eo,mc_gagg_eo,GAGG,GAGG,True,3,1,2,139
567,7,3,2,4,4,-2.1,-18.9,-7.0,1079,odd,odd,mc_gagg_oo,mc_gagg_oo,GAGG,GAGG,True,3,1,2,139
568,8,3,2,5,5,2.1,-18.9,-5.0,1336,even,odd,mc_gagg_eo,mc_gagg_eo,GAGG,GAGG,True,4,1,2,140
569,9,3,2,4,4,6.3,-18.9,-7.0,1081,odd,odd,mc_gagg_oo,mc_gagg_oo,GAGG,GAGG,True,4,1,2,140
570,10,3,2,5,5,10.5,-18.9,-5.0,1338,even,odd,mc_gagg_eo,mc_gagg_eo,GAGG,GAGG,True,5,1,2,141
571,11,3,2,4,4,14.7,-18.9,-7.0,1083,odd,odd,mc_gagg_oo,mc_gagg_oo,GAGG,GAGG,True,5,1,2,141
572,12,3,2,5,5,18.9,-18.9,-5.0,1340,even,odd,mc_gagg_eo,mc_gagg_eo,GAGG,GAGG,True,6,1,2,142
573,13,3,2,4,4,23.1,-18.9,-7.0,1085,odd,odd,mc_gagg_oo,mc_gagg_oo,GAGG,GAGG,True,6,1,2,142
574,14,3,2,5,5,27.3,-18.9,-5.0,1342,even,odd,mc_gagg_eo,mc_gagg_eo,GAGG,GAGG,True,7,1,2,143
575,15,3,2,4,4,31.5,-18.9,-7.0,1087,odd,odd,mc_gagg_oo,mc_gagg_oo,GAGG,GAGG,True,7,1,2,143
576,0,4,2,4,4,-31.5,-14.7,-7.0,1088,even,even,mc_gagg_ee,mc_gagg_ee,GAGG,GAGG,True,0,2,2,144
577,1,4,2,5,5,-27.3,-14.7,-5.0,1345,odd,even,mc_gagg_oe,mc_gagg_oe,GAGG,GAGG,True,0,2,2,144
578,2,4,2,4,4,-23.1,-14.7,-7.0,1090,even,even,mc_gagg_ee,mc_gagg_ee,GAGG,GAGG,True,1,2,2,145
579,3,4,2,5,5,-18.9,-14.7,-5.0,1347,odd,even,mc_gagg_oe,mc_gagg_oe,GAGG,GAGG,True,1,2,2,145
580,4,4,2,4,4,-14.7,-14.7,-7.0,1092,even,even,mc_gagg_ee,mc_gagg_ee,GAGG,GAGG,True,2,2,2,146
581,5,4,2,5,5,-10.5,-14.7,-5.0,1349,odd,even,mc_gagg_oe,mc_gagg_oe,GAGG,GAGG,True,2,2,2,146
582,6,4,2,4,4,-6.3,-14.7,-7.0,1094,even,even,mc_gagg_ee,mc_gagg_ee,GAGG,GAGG,True,3,2,2,147
583,7,4,2,5,5,-2.1,-14.7,-5.0,1351,odd,even,mc_gagg_oe,mc_gagg_oe,GAGG,GAGG,True,3,2,2,147
584,8,4,2,4,4,2.1,-14.7,-7.0,1096,even,even,mc_gagg_ee,mc_gagg_ee,GAGG,GAGG,True,4,2,2,148
585,9,4,2,5,5,6.3,-14.7,-5.0,1353,odd,even,mc_gagg_oe,mc_gagg_oe,GAGG,GAGG,True,4,2,2,148
586,10,4,2,4,4,10.5,-14.7,-7.0,1098,even,even,mc_gagg_ee,mc_gagg_ee,GAGG,GAGG,True,5,2,2,149
587,11,4,2,5,5,14.7,-14.7,-5.0,1355,odd,even,mc_gagg_oe,mc_gagg_oe,GAGG,GAGG,True,5,2,2,149
588,12,4,2,4,4,18.9,-14.7,-7.0,1100,even,even,mc_gagg_ee,mc_gagg_ee,GAGG,GAGG,True,6,2,2,150
589,13,4,2,5,5,23.1,-14.7,-5.0,1357,odd,even,mc_gagg_oe,mc_gagg_oe,GAGG,GAGG,True,6,2,2,150
590,14,4,2,4,4,27.3,-14.7,-7.0,1102,even,even,mc_gagg_ee,mc_gagg_ee,GAGG,GAGG,True,7,2,2,151
591,15,4,2,5,5,31.5,-14.7,-5.0,1359,odd,even,mc_gagg_oe,mc_gagg_oe,GAGG,GAGG,True,7,2,2,151
592,0,5,2,5,5,-31.5,-10.5,-5.0,1360,even,odd,mc_gagg_eo,mc_gagg_eo,GAGG,GAGG,True,0,2,2,144
593,1,5,2,4,4,-27.3,-10.5,-7.0,1105,odd,odd,mc_gagg_oo,mc_gagg_oo,GAGG,GAGG,True,0,2,2,144
594,2,5,2,5,5,-23.1,-10.5,-5.0,1362,even,odd,mc_gagg_eo,mc_gagg_eo,GAGG,GAGG,True,1,2,2,145
595,3,5,2,4,4,-18.9,-10.5,-7.0,1107,odd,odd,mc_gagg_oo,mc_gagg_oo,GAGG,GAGG,True,1,2,2,145
596,4,5,2,5,5,-14.7,-10.5,-5.0,1364,even,odd,mc_gagg_eo,mc_gagg_eo,GAGG,GAGG,True,2,2,2,146
597,5,5,2,4,4,-10.5,-10.5,-7.0,1109,odd,odd,mc_gagg_oo,mc_gagg_oo,GAGG,GAGG,True,2,2,2,146
598,6,5,2,5,5,-6.3,-10.5,-5.0,1366,even,odd,mc_gagg_eo,mc_gagg_eo,GAGG,GAGG,True,3,2,2,147
599,7,5,2,4,4,-2.1,-10.5,-7.0,1111,odd,odd,mc_gagg_oo,mc_gagg_oo,GAGG,GAGG,True,3,2,2,147
600,8,5,2,5,5,2.1,-10.5,-5.0,1368,even,odd,mc_gagg_eo,mc_gagg_eo,GAGG,GAGG,True,4,2,2,148
601,9,5,2,4,4,6.3,-10.5,-7.0,1113,odd,odd,mc_gagg_oo,mc_gagg_oo,GAGG,GAGG,True,4,2,2,148
602,10,5,2,5,5,10.5,-10.5,-5.0,1370,even,odd,mc_gagg_eo,mc_gagg_eo,GAGG,GAGG,True,5,2,2,149
603,11,5,2,4,4,14.7,-10.5,-7.0,1115,odd,odd,mc_gagg_oo,mc_gagg_oo,GAGG,GAGG,True,5,2,2,149
604,12,5,2,5,5,18.9,-10.5,-5.0,1372,even,odd,mc_gagg_eo,mc_gagg_eo,GAGG,GAGG,True,6,2,2,150
605,13,5,2,4,4,23.1,-10.5,-7.0,1117,odd,odd,mc_gagg_oo,mc_gagg_oo,GAGG,GAGG,True,6,2,2,150
606,14,5,2,5,5,27.3,-10.5,-5.0,1374,even,odd,mc_gagg_eo,mc_gagg_eo,GAGG,GAGG,True,7,2,2,151
607,15,5,2,4,4,31.5,-10.5,-7.0,1119,odd,odd,mc_gagg_oo,mc_gagg_oo,GAGG,GAGG,True,7,2,2,151
608,0,6,2,4,4,-31.5,-6.3,-7.0,1120,even,even,mc_gagg_ee,mc_gagg_ee,GAGG,GAGG,True,0,3,2,152
609,1,6,2,5,5,-27.3,-6.3,-5.0,1377,odd,even,mc_gagg_oe,mc_gagg_oe,GAGG,GAGG,True,0,3,2,152
610,2,6,2,4,4,-23.1,-6.3,-7.0,1122,even,even,mc_gagg_ee,mc_gagg_ee,GAGG,GAGG,True,1,3,2,153
611,3,6,2,5,5,-18.9,-6.3,-5.0,1379,odd,even,mc_gagg_oe,mc_gagg_oe,GAGG,GAGG,True,1,3,2,153
612,4,6,2,4,4,-14.7,-6.3,-7.0,1124,even,even,mc_gagg_ee,mc_gagg_ee,GAGG,GAGG,True,2,3,2,154
613,5,6,2,5,5,-10.5,-6.3,-5.0,1381,odd,even,mc_gagg_oe,mc_gagg_oe,GAGG,GAGG,True,2,3,2,154
614,6,6,2,4,4,-6.3,-6.3,-7.0,1126,even,even,mc_gagg_ee,mc_gagg_ee,GAGG,GAGG,True,3,3,2,155
615,7,6,2,5,5,-2.1,-6.3,-5.0,1383,odd,even,mc_gagg_oe,mc_gagg_oe,GAGG,GAGG,True,3,3,2,155
616,8,6,2,4,4,2.1,-6.3,-7.0,1128,even,even,mc_gagg_ee,mc_gagg_ee,GAGG,GAGG,True,4,3,2,156
617,9,6,2,5,5,6.3,-6.3,-5.0,1385,odd,even,mc_gagg_oe,mc_gagg_oe,GAGG,GAGG,True,4,3,2,156
618,10,6,2,4,4,10.5,-6.3,-7.0,1130,even,even,mc_gagg_ee,mc_gagg_ee,GAGG,GAGG,True,5,3,2,157
619,11,6,2,5,5,14.7,-6.3,-5.0,1387,odd,even,mc_gagg_oe,mc_gagg_oe,GAGG,GAGG,True,5,3,2,157
620,12,6,2,4,4,18.9,-6.3,-7.0,1132,even,even,mc_gagg_ee,mc_gagg_ee,GAGG,GAGG,True,6,3,2,158
621,13,6,2,5,5,23.1,-6.3,-5.0,1389,odd,even,mc_gagg_oe,mc_gagg_oe,GAGG,GAGG,True,6,3,2,158
622,14,6,2,4,4,27.3,-6.3,-7.0,1134,even,even,mc_gagg_ee,mc_gagg_ee,GAGG,GAGG,True,7,3,2,159
623,15,6,2,5,5,31.5,-6.3,-5.0,1391,odd,even,mc_gagg_oe,mc_gagg_oe,GAGG,GAGG,True,7,3,2,159
624,0,7,2,5,5,-31.5,-2.1,-5.0,1392,even,odd,mc_gagg_eo,mc_gagg_eo,GAGG,GAGG,True,0,3,2,152
625,1,7,2,4,4,-27.3,-2.1,-7.0,1137,odd,odd,mc_gagg_oo,mc_gagg_oo,GAGG,GAGG,True,0,3,2,152
626,2,7,2,5,5,-23.1,-2.1,-5.0,1394,even,odd,mc_gagg_eo,mc_gagg_eo,GAGG,GAGG,True,1,3,2,153
627,3,7,2,4,4,-18.9,-2.1,-7.0,1139,odd,odd,mc_gagg_oo,mc_gagg_oo,GAGG,GAGG,True,1,3,2,153
628,4,7,2,5,5,-14.7,-2.1,-5.0,1396,even,odd,mc_gagg_eo,mc_gagg_eo,GAGG,GAGG,True,2,3,2,154
629,5,7,2,4,4,-10.5,-2.1,-7.0,1141,odd,odd,mc_gagg_oo,mc_gagg_oo,GAGG,GAGG,True,2,3,2,154
630,6,7,2,5,5,-6.3,-2.1,-5.0,1398,even,odd,mc_gagg_eo,mc_gagg_eo,GAGG,GAGG,True,3,3,2,155
631,7,7,2,4,4,-2.1,-2.1,-7.0,1143,odd,odd,mc_gagg_oo,mc_gagg_oo,GAGG,GAGG,True,3,3,2,155
632,8,7,2,5,5,2.1,-2.1,-5.0,1400,even,odd,mc_gagg_eo,mc_gagg_eo,GAGG,GAGG,True,4,3,2,156
633,9,7,2,4,4,6.3,-2.1,-7.0,1145,odd,odd,mc_gagg_oo,mc_gagg_oo,GAGG,GAGG,True,4,3,2,156
634,10,7,2,5,5,10.5,-2.1,-5.0,1402,even,odd,mc_gagg_eo,mc_gagg_eo,GAGG,GAGG,True,5,3,2,157
635,11,7,2,4,4,14.7,-2.1,-7.0,1147,odd,odd,mc_gagg_oo,mc_gagg_oo,GAGG,GAGG,True,5,3,2,157
636,12,7,2,5,5,18.9,-2.1,-5.0,1404,even,odd,mc_gagg_eo,mc_gagg_eo,GAGG,GAGG,True,6,3,2,158
637,13,7,2,4,4,23.1,-2.1,-7.0,1149,odd,odd,mc_gagg_oo,mc_gagg_oo,GAGG,GAGG,True,6,3,2,158
638,14,7,2,5,5,27.3,-2.1,-5.0,1406,even,odd,mc_gagg_eo,mc_gagg_eo,GAGG,GAGG,True,7,3,2,159
639,15,7,2,4,4,31.5,-2.1,-7.0,1151,odd,odd,mc_gagg_oo,mc_gagg_oo,GAGG,GAGG,True,7,3,2,159
640,0,8,2,4,4,-31.5,2.1,-7.0,1152,even,even,mc_gagg_ee,mc_gagg_ee,GAGG,GAGG,True,0,4,2,160
641,1,8,2,5,5,-27.3,2.1,-5.0,1409,odd,even,mc_gagg_oe,mc_gagg_oe,GAGG,GAGG,True,0,4,2,160
642,2,8,2,4,4,-23.1,2.1,-7.0,1154,even,even,mc_gagg_ee,mc_gagg_ee,GAGG,GAGG,True,1,4,2,161
643,3,8,2,5,5,-18.9,2.1,-5.0,1411,odd,even,mc_gagg_oe,mc_gagg_oe,GAGG,GAGG,True,1,4,2,161
644,4,8,2,4,4,-14.7,2.1,-7.0,1156,even,even,mc_gagg_ee,mc_gagg_ee,GAGG,GAGG,True,2,4,2,162
645,5,8,2,5,5,-10.5,2.1,-5.0,1413,odd,even,mc_gagg_oe,mc_gagg_oe,GAGG,GAGG,True,2,4,2,162
646,6,8,2,4,4,-6.3,2.1,-7.0,1158,even,even,mc_gagg_ee,mc_gagg_ee,GAGG,GAGG,True,3,4,2,163
647,7,8,2,5,5,-2.1,2.1,-5.0,1415,odd,even,mc_gagg_oe,mc_gagg_oe,GAGG,GAGG,True,3,4,2,163
648,8,8,2,4,4,2.1,2.1,-7.0,1160,even,even,mc_gagg_ee,mc_gagg_ee,GAGG,GAGG,True,4,4,2,164
649,9,8,2,5,5,6.3,2.1,-5.0,1417,odd,even,mc_gagg_oe,mc_gagg_oe,GAGG,GAGG,True,4,4,2,164
650,10,8,2,4,4,10.5,2.1,-7.0,1162,even,even,mc_gagg_ee,mc_gagg_ee,GAGG,GAGG,True,5,4,2,165
651,11,8,2,5,5,14.7,2.1,-5.0,1419,odd,even,mc_gagg_oe,mc_gagg_oe,GAGG,GAGG,True,5,4,2,165
652,12,8,2,4,4,18.9,2.1,-7.0,1164,even,even,mc_gagg_ee,mc_gagg_ee,GAGG,GAGG,True,6,4,2,166
653,13,8,2,5,5,23.1,2.1,-5.0,1421,odd,even,mc_gagg_oe,mc_gagg_oe,GAGG,GAGG,True,6,4,2,166
654,14,8,2,4,4,27.3,2.1,-7.0,1166,even,even,mc_gagg_ee,mc_gagg_ee,GAGG,GAGG,True,7,4,2,167
655,15,8,2,5,5,31.5,2.1,-5.0,1423,odd,even,mc_gagg_oe,mc_gagg_oe,GAGG,GAGG,True,7,4,2,167
656,0,9,2,5,5,-31.5,6.3,-5.0,1424,even,odd,mc_gagg_eo,mc_gagg_eo,GAGG,GAGG,True,0,4,2,160
657,1,9,2,4,4,-27.3,6.3,-7.0,1169,odd,odd,mc_gagg_oo,mc_gagg_oo,GAGG,GAGG,True,0,4,2,160
658,2,9,2,5,5,-23.1,6.3,-5.0,1426,even,odd,mc_gagg_eo,mc_gagg_eo,GAGG,GAGG,True,1,4,2,161
659,3,9,2,4,4,-18.9,6.3,-7.0,1171,odd,odd,mc_gagg_oo,mc_gagg_oo,GAGG,GAGG,True,1,4,2,161
660,4,9,2,5,5,-14.7,6.3,-5.0,1428,even,odd,mc_gagg_eo,mc_gagg_eo,GAGG,GAGG,True,2,4,2,162
661,5,9,2,4,4,-10.5,6.3,-7.0,1173,odd,odd,mc_gagg_oo,mc_gagg_oo,GAGG,GAGG,True,2,4,2,162
662,6,9,2,5,5,-6.3,6.3,-5.0,1430,even,odd,mc_gagg_eo,mc_gagg_eo,GAGG,GAGG,True,3,4,2,163
663,7,9,2,4,4,-2.1,6.3,-7.0,1175,odd,odd,mc_gagg_oo,mc_gagg_oo,GAGG,GAGG,True,3,4,2,163
664,8,9,2,5,5,2.1,6.3,-5.0,1432,even,odd,mc_gagg_eo,mc_gagg_eo,GAGG,GAGG,True,4,4,2,164
665,9,9,2,4,4,6.3,6.3,-7.0,1177,odd,odd,mc_gagg_oo,mc_gagg_oo,GAGG,GAGG,True,4,4,2,164
666,10,9,2,5,5,10.5,6.3,-5.0,1434,even,odd,mc_gagg_eo,mc_gagg_eo,GAGG,GAGG,True,5,4,2,165
667,11,9,2,4,4,14.7,6.3,-7.0,1179,odd,odd,mc_gagg_oo,mc_gagg_oo,GAGG,GAGG,True,5,4,2,165
668,12,9,2,5,5,18.9,6.3,-5.0,1436,even,odd,mc_gagg_eo,mc_gagg_eo,GAGG,GAGG,True,6,4,2,166
669,13,9,2,4,4,23.1,6.3,-7.0,1181,odd,odd,mc_gagg_oo,mc_gagg_oo,GAGG,GAGG,True,6,4,2,166
670,14,9,2,5,5,27.3,6.3,-5.0,1438,even,odd,mc_gagg_eo,mc_gagg_eo,GAGG,GAGG,True,7,4,2,167
671,15,9,2,4,4,31.5,6.3,-7.0,1183,odd,odd,mc_gagg_oo,mc_gagg_oo,GAGG,GAGG,True,7,4,2,167
672,0,10,2,4,4,-31.5,10.5,-7.0,1184,even,even,mc_gagg_ee,mc_gagg_ee,GAGG,GAGG,True,0,5,2,168
673,1,10,2,5,5,-27.3,10.5,-5.0,1441,odd,even,mc_gagg_oe,mc_gagg_oe,GAGG,GAGG,True,0,5,2,168
674,2,10,2,4,4,-23.1,10.5,-7.0,1186,even,even,mc_gagg_ee,mc_gagg_ee,GAGG,GAGG,True,1,5,2,169
675,3,10,2,5,5,-18.9,10.5,-5.0,1443,odd,even,mc_gagg_oe,mc_gagg_oe,GAGG,GAGG,True,1,5,2,169
676,4,10,2,4,4,-14.7,10.5,-7.0,1188,even,even,mc_gagg_ee,mc_gagg_ee,GAGG,GAGG,True,2,5,2,170
677,5,10,2,5,5,-10.5,10.5,-5.0,1445,odd,even,mc_gagg_oe,mc_gagg_oe,GAGG,GAGG,True,2,5,2,170
678,6,10,2,4,4,-6.3,10.5,-7.0,1190,even,even,mc_gagg_ee,mc_gagg_ee,GAGG,GAGG,True,3,5,2,171
679,7,10,2,5,5,-2.1,10.5,-5.0,1447,odd,even,mc_gagg_oe,mc_gagg_oe,GAGG,GAGG,True,3,5,2,171
680,8,10,2,4,4,2.1,10.5,-7.0,1192,even,even,mc_gagg_ee,mc_gagg_ee,GAGG,GAGG,True,4,5,2,172
681,9,10,2,5,5,6.3,10.5,-5.0,1449,odd,even,mc_gagg_oe,mc_gagg_oe,GAGG,GAGG,True,4,5,2,172
682,10,10,2,4,4,10.5,10.5,-7.0,1194,even,even,mc_gagg_ee,mc_gagg_ee,GAGG,GAGG,True,5,5,2,173
683,11,10,2,5,5,14.7,10.5,-5.0,1451,odd,even,mc_gagg_oe,mc_gagg_oe,GAGG,GAGG,True,5,5,2,173
684,12,10,2,4,4,18.9,10.5,-7.0,1196,even,even,mc_gagg_ee,mc_gagg_ee,GAGG,GAGG,True,6,5,2,174
685,13,10,2,5,5,23.1,10.5,-5.0,1453,odd,even,mc_gagg_oe,mc_gagg_oe,GAGG,GAGG,True,6,5,2,174
686,14,10,2,4,4,27.3,10.5,-7.0,1198,even,even,mc_gagg_ee,mc_gagg_ee,GAGG,GAGG,True,7,5,2,175
687,15,10,2,5,5,31.5,10.5,-5.0,1455,odd,even,mc_gagg_oe,mc_gagg_oe,GAGG,GAGG,True,7,5,2,175
688,0,11,2,5,5,-31.5,14.7,-5.0,1456,even,odd,mc_gagg_eo,mc_gagg_eo,GAGG,GAGG,True,0,5,2,168
689,1,11,2,4,4,-27.3,14.7,-7.0,1201,odd,odd,mc_gagg_oo,mc_gagg_oo,GAGG,GAGG,True,0,5,2,168
690,2,11,2,5,5,-23.1,14.7,-5.0,1458,even,odd,mc_gagg_eo,mc_gagg_eo,GAGG,GAGG,True,1,5,2,169
691,3,11,2,4,4,-18.9,14.7,-7.0,1203,odd,odd,mc_gagg_oo,mc_gagg_oo,GAGG,GAGG,True,1,5,2,169
692,4,11,2,5,5,-14.7,14.7,-5.0,1460,even,odd,mc_gagg_eo,mc_gagg_eo,GAGG,GAGG,True,2,5,2,170
693,5,11,2,4,4,-10.5,14.7,-7.0,1205,odd,odd,mc_gagg_oo,mc_gagg_oo,GAGG,GAGG,True,2,5,2,170
694,6,11,2,5,5,-6.3,14.7,-5.0,1462,even,odd,mc_gagg_eo,mc_gagg_eo,GAGG,GAGG,True,3,5,2,171
695,7,11,2,4,4,-2.1,14.7,-7.0,1207,odd,odd,mc_gagg_oo,mc_gagg_oo,GAGG,GAGG,True,3,5,2,171
696,8,11,2,5,5,2.1,14.7,-5.0,1464,even,odd,mc_gagg_eo,mc_gagg_eo,GAGG,GAGG,True,4,5,2,172
697,9,11,2,4,4,6.3,14.7,-7.0,1209,odd,odd,mc_gagg_oo,mc_gagg_oo,GAGG,GAGG,True,4,5,2,172
698,10,11,2,5,5,10.5,14.7,-5.0,1466,even,odd,mc_gagg_eo,mc_gagg_eo,GAGG,GAGG,True,5,5,2,173
699,11,11,2,4,4,14.7,14.7,-7.0,1211,odd,odd,mc_gagg_oo,mc_gagg_oo,GAGG,GAGG,True,5,5,2,173
700,12,11,2,5,5,18.9,14.7,-5.0,1468,even,odd,mc_gagg_eo,mc_gagg_eo,GAGG,GAGG,True,6,5,2,174
701,13,11,2,4,4,23.1,14.7,-7.0,1213,odd,odd,mc_gagg_oo,mc_gagg_oo,GAGG,GAGG,True,6,5,2,174
702,14,11,2,5,5,27.3,14.7,-5.0,1470,even,odd,mc_gagg_eo,mc_gagg_eo,GAGG,GAGG,True,7,5,2,175
703,15,11,2,4,4,31.5,14.7,-7.0,1215,odd,odd,mc_gagg_oo,mc_gagg_oo,GAGG,GAGG,True,7,5,2,175
704,0,12,2,4,4,-31.5,18.9,-7.0,1216,even,even,mc_gagg_ee,mc_gagg_ee,GAGG,GAGG,True,0,6,2,176
705,1,12,2,5,5,-27.3,18.9,-5.0,1473,odd,even,mc_gagg_oe,mc_gagg_oe,GAGG,GAGG,True,0,6,2,176
706,2,12,2,4,4,-23.1,18.9,-7.0,1218,even,even,mc_gagg_ee,mc_gagg_ee,GAGG,GAGG,True,1,6,2,177
707,3,12,2,5,5,-18.9,18.9,-5.0,1475,odd,even,mc_gagg_oe,mc_gagg_oe,GAGG,GAGG,True,1,6,2,177
708,4,12,2,4,4,-14.7,18.9,-7.0,1220,even,even,mc_gagg_ee,mc_gagg_ee,GAGG,GAGG,True,2,6,2,178
709,5,12,2,5,5,-10.5,18.9,-5.0,1477,odd,even,mc_gagg_oe,mc_gagg_oe,GAGG,GAGG,True,2,6,2,178
710,6,12,2,4,4,-6.3,18.9,-7.0,1222,even,even,mc_gagg_ee,mc_gagg_ee,GAGG,GAGG,True,3,6,2,179
711,7,12,2,5,5,-2.1,18.9,-5.0,1479,odd,even,mc_gagg_oe,mc_gagg_oe,GAGG,GAGG,True,3,6,2,179
712,8,12,2,4,4,2.1,18.9,-7.0,1224,even,even,mc_gagg_ee,mc_gagg_ee,GAGG,GAGG,True,4,6,2,180
713,9,12,2,5,5,6.3,18.9,-5.0,1481,odd,even,mc_gagg_oe,mc_gagg_oe,GAGG,GAGG,True,4,6,2,180
714,10,12,2,4,4,10.5,18.9,-7.0,1226,even,even,mc_gagg_ee,mc_gagg_ee,GAGG,GAGG,True,5,6,2,181
715,11,12,2,5,5,14.7,18.9,-5.0,1483,odd,even,mc_gagg_oe,mc_gagg_oe,GAGG,GAGG,True,5,6,2,181
716,12,12,2,4,4,18.9,18.9,-7.0,1228,even,even,mc_gagg_ee,mc_gagg_ee,GAGG,GAGG,True,6,6,2,182
717,13,12,2,5,5,23.1,18.9,-5.0,1485,odd,even,mc_gagg_oe,mc_gagg_oe,GAGG,GAGG,True,6,6,2,182
718,14,12,2,4,4,27.3,18.9,-7.0,1230,even,even,mc_gagg_ee,mc_gagg_ee,GAGG,GAGG,True,7,6,2,183
719,15,12,2,5,5,31.5,18.9,-5.0,1487,odd,even,mc_gagg_oe,mc_gagg_oe,GAGG,GAGG,True,7,6,2,183
720,0,13,2,5,5,-31.5,23.1,-5.0,1488,even,odd,mc_gagg_eo,mc_gagg_eo,GAGG,GAGG,True,0,6,2,176
721,1,13,2,4,4,-27.3,23.1,-7.0,1233,odd,odd,mc_gagg_oo,mc_gagg_oo,GAGG,GAGG,True,0,6,2,176
722,2,13,2,5,5,-23.1,23.1,-5.0,1490,even,odd,mc_gagg_eo,mc_gagg_eo,GAGG,GAGG,True,1,6,2,177
723,3,13,2,4,4,-18.9,23.1,-7.0,1235,odd,odd,mc_gagg_oo,mc_gagg_oo,GAGG,GAGG,True,1,6,2,177
724,4,13,2,5,5,-14.7,23.1,-5.0,1492,even,odd,mc_gagg_eo,mc_gagg_eo,GAGG,GAGG,True,2,6,2,178
725,5,13,2,4,4,-10.5,23.1,-7.0,1237,odd,odd,mc_gagg_oo,mc_gagg_oo,GAGG,GAGG,True,2,6,2,178
726,6,13,2,5,5,-6.3,23.1,-5.0,1494,even,odd,mc_gagg_eo,mc_gagg_eo,GAGG,GAGG,True,3,6,2,179
727,7,13,2,4,4,-2.1,23.1,-7.0,1239,odd,odd,mc_gagg_oo,mc_gagg_oo,GAGG,GAGG,True,3,6,2,179
728,8,13,2,5,5,2.1,23.1,-5.0,1496,even,odd,mc_gagg_eo,mc_gagg_eo,GAGG,GAGG,True,4,6,2,180
729,9,13,2,4,4,6.3,23.1,-7.0,1241,odd,odd,mc_gagg_oo,mc_gagg_oo,GAGG,GAGG,True,4,6,2,180
730,10,13,2,5,5,10.5,23.1,-5.0,1498,even,odd,mc_gagg_eo,mc_gagg_eo,GAGG,GAGG,True,5,6,2,181
731,11,13,2,4,4,14.7,23.1,-7.0,1243,odd,odd,mc_gagg_oo,mc_gagg_oo,GAGG,GAGG,True,5,6,2,181
732,12,13,2,5,5,18.9,23.1,-5.0,1500,even,odd,mc_gagg_eo,mc_gagg_eo,GAGG,GAGG,True,6,6,2,182
733,13,13,2,4,4,23.1,23.1,-7.0,1245,odd,odd,mc_gagg_oo,mc_gagg_oo,GAGG,GAGG,True,6,6,2,182
734,14,13,2,5,5,27.3,23.1,-5.0,1502,even,odd,mc_gagg_eo,mc_gagg_eo,GAGG,GAGG,True,7,6,2,183
735,15,13,2,4,4,31.5,23.1,-7.0,1247,odd,odd,mc_gagg_oo,mc_gagg_oo,GAGG,GAGG,True,7,6,2,183
736,0,14,2,4,4,-31.5,27.3,-7.0,1248,even,even,mc_gagg_ee,mc_gagg_ee,GAGG,GAGG,True,0,7,2,184
737,1,14,2,5,5,-27.3,27.3,-5.0,1505,odd,even,mc_gagg_oe,mc_gagg_oe,GAGG,GAGG,True,0,7,2,184
738,2,14,2,4,4,-23.1,27.3,-7.0,1250,even,even,mc_gagg_ee,mc_gagg_ee,GAGG,GAGG,True,1,7,2,185
739,3,14,2,5,5,-18.9,27.3,-5.0,1507,odd,even,mc_gagg_oe,mc_gagg_oe,GAGG,GAGG,True,1,7,2,185
740,4,14,2,4,4,-14.7,27.3,-7.0,1252,even,even,mc_gagg_ee,mc_gagg_ee,GAGG,GAGG,True,2,7,2,186
741,5,14,2,5,5,-10.5,27.3,-5.0,1509,odd,even,mc_gagg_oe,mc_gagg_oe,GAGG,GAGG,True,2,7,2,186
742,6,14,2,4,4,-6.3,27.3,-7.0,1254,even,even,mc_gagg_ee,mc_gagg_ee,GAGG,GAGG,True,3,7,2,187
743,7,14,2,5,5,-2.1,27.3,-5.0,1511,odd,even,mc_gagg_oe,mc_gagg_oe,GAGG,GAGG,True,3,7,2,187
744,8,14,2,4,4,2.1,27.3,-7.0,1256,even,even,mc_gagg_ee,mc_gagg_ee,GAGG,GAGG,True,4,7,2,188
745,9,14,2,5,5,6.3,27.3,-5.0,1513,odd,even,mc_gagg_oe,mc_gagg_oe,GAGG,GAGG,True,4,7,2,188
746,10,14,2,4,4,10.5,27.3,-7.0,1258,even,even,mc_gagg_ee,mc_gagg_ee,GAGG,GAGG,True,5,7,2,189
747,11,14,2,5,5,14.7,27.3,-5.0,1515,odd,even,mc_gagg_oe,mc_gagg_oe,GAGG,GAGG,True,5,7,2,189
748,12,14,2,4,4,18.9,27.3,-7.0,1260,even,even,mc_gagg_ee,mc_gagg_ee,GAGG,GAGG,True,6,7,2,190
749,13,14,2,5,5,23.1,27.3,-5.0,1517,odd,even,mc_gagg_oe,mc_gagg_oe,GAGG,GAGG,True,6,7,2,190
750,14,14,2,4,4,27.3,27.3,-7.0,1262,even,even,mc_gagg_ee,mc_gagg_ee,GAGG,GAGG,True,7,7,2,191
751,15,14,2,5,5,31.5,27.3,-5.0,1519,odd,even,mc_gagg_oe,mc_gagg_oe,GAGG,GAGG,True,7,7,2,191
752,0,15,2,5,5,-31.5,31.5,-5.0,1520,even,odd,mc_gagg_eo,mc_gagg_eo,GAGG,GAGG,True,0,7,2,184
753,1,15,2,4,4,-27.3,31.5,-7.0,1265,odd,odd,mc_gagg_oo,mc_gagg_oo,GAGG,GAGG,True,0,7,2,184
754,2,15,2,5,5,-23.1,31.5,-5.0,1522,even,odd,mc_gagg_eo,mc_gagg_eo,GAGG,GAGG,True,1,7,2,185
755,3,15,2,4,4,-18.9,31.5,-7.0,1267,odd,odd,mc_gagg_oo,mc_gagg_oo,GAGG,GAGG,True,1,7,2,185
756,4,15,2,5,5,-14.7,31.5,-5.0,1524,even,odd,mc_gagg_eo,mc_gagg_eo,GAGG,GAGG,True,2,7,2,186
757,5,15,2,4,4,-10.5,31.5,-7.0,1269,odd,odd,mc_gagg_oo,mc_gagg_oo,GAGG,GAGG,True,2,7,2,186
758,6,15,2,5,5,-6.3,31.5,-5.0,1526,even,odd,mc_gagg_eo,mc_gagg_eo,GAGG,GAGG,True,3,7,2,187
759,7,15,2,4,4,-2.1,31.5,-7.0,1271,odd,odd,mc_gagg_oo,mc_gagg_oo,GAGG,GAGG,True,3,7,2,187
760,8,15,2,5,5,2.1,31.5,-5.0,1528,even,odd,mc_gagg_eo,mc_gagg_eo,GAGG,GAGG,True,4,7,2,188
761,9,15,2,4,4,6.3,31.5,-7.0,1273,odd,odd,mc_gagg_oo,mc_gagg_oo,GAGG,GAGG,True,4,7,2,188
762,10,15,2,5,5,10.5,31.5,-5.0,1530,even,odd,mc_gagg_eo,mc_gagg_eo,GAGG,GAGG,True,5,7,2,189
763,11,15,2,4,4,14.7,31.5,-7.0,1275,odd,odd,mc_gagg_oo,mc_gagg_oo,GAGG,GAGG,True,5,7,2,189
764,12,15,2,5,5,18.9,31.5,-5.0,1532,even,odd,mc_gagg_eo,mc_gagg_eo,GAGG,GAGG,True,6,7,2,190
765,13,15,2,4,4,23.1,31.5,-7.0,1277,odd,odd,mc_gagg_oo,mc_gagg_oo,GAGG,GAGG,True,6,7,2,190
766,14,15,2,5,5,27.3,31.5,-5.0,1534,even,odd,mc_gagg_eo,mc_gagg_eo,GAGG,GAGG,True,7,7,2,191
767,15,15,2,4,4,31.5,31.5,-7.0,1279,odd,odd,mc_gagg_oo,mc_gagg_oo,GAGG,GAGG,True,7,7,2,191
768,0,0,3,6,6,-31.5,-31.5,-3.0,1536,even,even,mc_gagg_ee,mc_gagg_ee,GAGG,GAGG,True,0,0,3,192
769,1,0,3,7,7,-27.3,-31.5,-1.0,1793,odd,even,mc_gagg_oe,mc_gagg_oe,GAGG,GAGG,True,0,0,3,192
770,2,0,3,6,6,-23.1,-31.5,-3.0,1538,even,even,mc_gagg_ee,mc_gagg_ee,GAGG,GAGG,True,1,0,3,193
771,3,0,3,7,7,-18.9,-31.5,-1.0,1795,odd,even,mc_gagg_oe,mc_gagg_oe,GAGG,GAGG,True,1,0,3,193
772,4,0,3,6,6,-14.7,-31.5,-3.0,1540,even,even,mc_gagg_ee,mc_gagg_ee,GAGG,GAGG,True,2,0,3,194
773,5,0,3,7,7,-10.5,-31.5,-1.0,1797,odd,even,mc_gagg_oe,mc_gagg_oe,GAGG,GAGG,True,2,0,3,194
774,6,0,3,6,6,-6.3,-31.5,-3.0,1542,even,even,mc_gagg_ee,mc_gagg_ee,GAGG,GAGG,True,3,0,3,195
775,7,0,3,7,7,-2.1,-31.5,-1.0,1799,odd,even,mc_gagg_oe,mc_gagg_oe,GAGG,GAGG,True,3,0,3,195
776,8,0,3,6,6,2.1,-31.5,-3.0,1544,even,even,mc_gagg_ee,mc_gagg_ee,GAGG,GAGG,True,4,0,3,196
777,9,0,3,7,7,6.3,-31.5,-1.0,1801,odd,even,mc_gagg_oe,mc_gagg_oe,GAGG,GAGG,True,4,0,3,196
778,10,0,3,6,6,10.5,-31.5,-3.0,1546,even,even,mc_gagg_ee,mc_gagg_ee,GAGG,GAGG,True,5,0,3,197
779,11,0,3,7,7,14.7,-31.5,-1.0,1803,odd,even,mc_gagg_oe,mc_gagg_oe,GAGG,GAGG,True,5,0,3,197
780,12,0,3,6,6,18.9,-31.5,-3.0,1548,even,even,mc_gagg_ee,mc_gagg_ee,GAGG,GAGG,True,6,0,3,198
781,13,0,3,7,7,23.1,-31.5,-1.0,1805,odd,even,mc_gagg_oe,mc_gagg_oe,GAGG,GAGG,True,6,0,3,198
782,14,0,3,6,6,27.3,-31.5,-3.0,1550,even,even,mc_gagg_ee,mc_gagg_ee,GAGG,GAGG,True,7,0,3,199
783,15,0,3,7,7,31.5,-31.5,-1.0,1807,odd,even,mc_gagg_oe,mc_gagg_oe,GAGG,GAGG,True,7,0,3,199
784,0,1,3,7,7,-31.5,-27.3,-1.0,1808,even,odd,mc_gagg_eo,mc_gagg_eo,GAGG,GAGG,True,0,0,3,192
785,1,1,3,6,6,-27.3,-27.3,-3.0,1553,odd,odd,mc_gagg_oo,mc_gagg_oo,GAGG,GAGG,True,0,0,3,192
786,2,1,3,7,7,-23.1,-27.3,-1.0,1810,even,odd,mc_gagg_eo,mc_gagg_eo,GAGG,GAGG,True,1,0,3,193
787,3,1,3,6,6,-18.9,-27.3,-3.0,1555,odd,odd,mc_gagg_oo,mc_gagg_oo,GAGG,GAGG,True,1,0,3,193
788,4,1,3,7,7,-14.7,-27.3,-1.0,1812,even,odd,mc_gagg_eo,mc_gagg_eo,GAGG,GAGG,True,2,0,3,194
789,5,1,3,6,6,-10.5,-27.3,-3.0,1557,odd,odd,mc_gagg_oo,mc_gagg_oo,GAGG,GAGG,True,2,0,3,194
790,6,1,3,7,7,-6.3,-27.3,-1.0,1814,even,odd,mc_gagg_eo,mc_gagg_eo,GAGG,GAGG,True,3,0,3,195
791,7,1,3,6,6,-2.1,-27.3,-3.0,1559,odd,odd,mc_gagg_oo,mc_gagg_oo,GAGG,GAGG,True,3,0,3,195
792,8,1,3,7,7,2.1,-27.3,-1.0,1816,even,odd,mc_gagg_eo,mc_gagg_eo,GAGG,GAGG,True,4,0,3,196
793,9,1,3,6,6,6.3,-27.3,-3.0,1561,odd,odd,mc_gagg_oo,mc_gagg_oo,GAGG,GAGG,True,4,0,3,196
794,10,1,3,7,7,10.5,-27.3,-1.0,1818,even,odd,mc_gagg_eo,mc_gagg_eo,GAGG,GAGG,True,5,0,3,197
795,11,1,3,6,6,14.7,-27.3,-3.0,1563,odd,odd,mc_gagg_oo,mc_gagg_oo,GAGG,GAGG,True,5,0,3,197
796,12,1,3,7,7,18.9,-27.3,-1.0,1820,even,odd,mc_gagg_eo,mc_gagg_eo,GAGG,GAGG,True,6,0,3,198
797,13,1,3,6,6,23.1,-27.3,-3.0,1565,odd,odd,mc_gagg_oo,mc_gagg_oo,GAGG,GAGG,True,6,0,3,198
798,14,1,3,7,7,27.3,-27.3,-1.0,1822,even,odd,mc_gagg_eo,mc_gagg_eo,GAGG,GAGG,True,7,0,3,199
799,15,1,3,6,6,31.5,-27.3,-3.0,1567,odd,odd,mc_gagg_oo,mc_gagg_oo,GAGG,GAGG,True,7,0,3,199
800,0,2,3,6,6,-31.5,-23.1,-3.0,1568,even,even,mc_gagg_ee,mc_gagg_ee,GAGG,GAGG,True,0,1,3,200
801,1,2,3,7,7,-27.3,-23.1,-1.0,1825,odd,even,mc_gagg_oe,mc_gagg_oe,GAGG,GAGG,True,0,1,3,200
802,2,2,3,6,6,-23.1,-23.1,-3.0,1570,even,even,mc_gagg_ee,mc_gagg_ee,GAGG,GAGG,True,1,1,3,201
803,3,2,3,7,7,-18.9,-23.1,-1.0,1827,odd,even,mc_gagg_oe,mc_gagg_oe,GAGG,GAGG,True,1,1,3,201
804,4,2,3,6,6,-14.7,-23.1,-3.0,1572,even,even,mc_gagg_ee,mc_gagg_ee,GAGG,GAGG,True,2,1,3,202
805,5,2,3,7,7,-10.5,-23.1,-1.0,1829,odd,even,mc_gagg_oe,mc_gagg_oe,GAGG,GAGG,True,2,1,3,202
806,6,2,3,6,6,-6.3,-23.1,-3.0,1574,even,even,mc_gagg_ee,mc_gagg_ee,GAGG,GAGG,True,3,1,3,203
807,7,2,3,7,7,-2.1,-23.1,-1.0,1831,odd,even,mc_gagg_oe,mc_gagg_oe,GAGG,GAGG,True,3,1,3,203
808,8,2,3,6,6,2.1,-23.1,-3.0,1576,even,even,mc_gagg_ee,mc_gagg_ee,GAGG,GAGG,True,4,1,3,204
809,9,2,3,7,7,6.3,-23.1,-1.0,1833,odd,even,mc_gagg_oe,mc_gagg_oe,GAGG,GAGG,True,4,1,3,204
810,10,2,3,6,6,10.5,-23.1,-3.0,1578,even,even,mc_gagg_ee,mc_gagg_ee,GAGG,GAGG,True,5,1,3,205
811,11,2,3,7,7,14.7,-23.1,-1.0,1835,odd,even,mc_gagg_oe,mc_gagg_oe,GAGG,GAGG,True,5,1,3,205
812,12,2,3,6,6,18.9,-23.1,-3.0,1580,even,even,mc_gagg_ee,mc_gagg_ee,GAGG,GAGG,True,6,1,3,206
813,13,2,3,7,7,23.1,-23.1,-1.0,1837,odd,even,mc_gagg_oe,mc_gagg_oe,GAGG,GAGG,True,6,1,3,206
814,14,2,3,6,6,27.3,-23.1,-3.0,1582,even,even,mc_gagg_ee,mc_gagg_ee,GAGG,GAGG,True,7,1,3,207
815,15,2,3,7,7,31.5,-23.1,-1.0,1839,odd,even,mc_gagg_oe,mc_gagg_oe,GAGG,GAGG,True,7,1,3,207
816,0,3,3,7,7,-31.5,-18.9,-1.0,1840,even,odd,mc_gagg_eo,mc_gagg_eo,GAGG,GAGG,True,0,1,3,200
817,1,3,3,6,6,-27.3,-18.9,-3.0,1585,odd,odd,mc_gagg_oo,mc_gagg_oo,GAGG,GAGG,True,0,1,3,200
818,2,3,3,7,7,-23.1,-18.9,-1.0,1842,even,odd,mc_gagg_eo,mc_gagg_eo,GAGG,GAGG,True,1,1,3,201
819,3,3,3,6,6,-18.9,-18.9,-3.0,1587,odd,odd,mc_gagg_oo,mc_gagg_oo,GAGG,GAGG,True,1,1,3,201
820,4,3,3,7,7,-14.7,-18.9,-1.0,1844,even,odd,mc_gagg_eo,mc_gagg_eo,GAGG,GAGG,True,2,1,3,202
821,5,3,3,6,6,-10.5,-18.9,-3.0,1589,odd,odd,mc_gagg_oo,mc_gagg_oo,GAGG,GAGG,True,2,1,3,202
822,6,3,3,7,7,-6.3,-18.9,-1.0,1846,even,odd,mc_gagg_eo,mc_gagg_eo,GAGG,GAGG,True,3,1,3,203
823,7,3,3,6,6,-2.1,-18.9,-3.0,1591,odd,odd,mc_gagg_oo,mc_gagg_oo,GAGG,GAGG,True,3,1,3,203
824,8,3,3,7,7,2.1,-18.9,-1.0,1848,even,odd,mc_gagg_eo,mc_gagg_eo,GAGG,GAGG,True,4,1,3,204
825,9,3,3,6,6,6.3,-18.9,-3.0,1593,odd,odd,mc_gagg_oo,mc_gagg_oo,GAGG,GAGG,True,4,1,3,204
826,10,3,3,7,7,10.5,-18.9,-1.0,1850,even,odd,mc_gagg_eo,mc_gagg_eo,GAGG,GAGG,True,5,1,3,205
827,11,3,3,6,6,14.7,-18.9,-3.0,1595,odd,odd,mc_gagg_oo,mc_gagg_oo,GAGG,GAGG,True,5,1,3,205
828,12,3,3,7,7,18.9,-18.9,-1.0,1852,even,odd,mc_gagg_eo,mc_gagg_eo,GAGG,GAGG,True,6,1,3,206
829,13,3,3,6,6,23.1,-18.9,-3.0,1597,odd,odd,mc_gagg_oo,mc_gagg_oo,GAGG,GAGG,True,6,1,3,206
830,14,3,3,7,7,27.3,-18.9,-1.0,1854,even,odd,mc_gagg_eo,mc_gagg_eo,GAGG,GAGG,True,7,1,3,207
831,15,3,3,6,6,31.5,-18.9,-3.0,1599,odd,odd,mc_gagg_oo,mc_gagg_oo,GAGG,GAGG,True,7,1,3,207
832,0,4,3,6,6,-31.5,-14.7,-3.0,1600,even,even,mc_gagg_ee,mc_gagg_ee,GAGG,GAGG,True,0,2,3,208
833,1,4,3,7,7,-27.3,-14.7,-1.0,1857,odd,even,mc_gagg_oe,mc_gagg_oe,GAGG,GAGG,True,0,2,3,208
834,2,4,3,6,6,-23.1,-14.7,-3.0,1602,even,even,mc_gagg_ee,mc_gagg_ee,GAGG,GAGG,True,1,2,3,209
835,3,4,3,7,7,-18.9,-14.7,-1.0,1859,odd,even,mc_gagg_oe,mc_gagg_oe,GAGG,GAGG,True,1,2,3,209
836,4,4,3,6,6,-14.7,-14.7,-3.0,1604,even,even,mc_gagg_ee,mc_gagg_ee,GAGG,GAGG,True,2,2,3,210
837,5,4,3,7,7,-10.5,-14.7,-1.0,1861,odd,even,mc_gagg_oe,mc_gagg_oe,GAGG,GAGG,True,2,2,3,210
838,6,4,3,6,6,-6.3,-14.7,-3.0,1606,even,even,mc_gagg_ee,mc_gagg_ee,GAGG,GAGG,True,3,2,3,211
839,7,4,3,7,7,-2.1,-14.7,-1.0,1863,odd,even,mc_gagg_oe,mc_gagg_oe,GAGG,GAGG,True,3,2,3,211
840,8,4,3,6,6,2.1,-14.7,-3.0,1608,even,even,mc_gagg_ee,mc_gagg_ee,GAGG,GAGG,True,4,2,3,212
841,9,4,3,7,7,6.3,-14.7,-1.0,1865,odd,even,mc_gagg_oe,mc_gagg_oe,GAGG,GAGG,True,4,2,3,212
842,10,4,3,6,6,10.5,-14.7,-3.0,1610,even,even,mc_gagg_ee,mc_gagg_ee,GAGG,GAGG,True,5,2,3,213
843,11,4,3,7,7,14.7,-14.7,-1.0,1867,odd,even,mc_gagg_oe,mc_gagg_oe,GAGG,GAGG,True,5,2,3,213
844,12,4,3,6,6,18.9,-14.7,-3.0,1612,even,even,mc_gagg_ee,mc_gagg_ee,GAGG,GAGG,True,6,2,3,214
845,13,4,3,7,7,23.1,-14.7,-1.0,1869,odd,even,mc_gagg_oe,mc_gagg_oe,GAGG,GAGG,True,6,2,3,214
846,14,4,3,6,6,27.3,-14.7,-3.0,1614,even,even,mc_gagg_ee,mc_gagg_ee,GAGG,GAGG,True,7,2,3,215
847,15,4,3,7,7,31.5,-14.7,-1.0,1871,odd,even,mc_gagg_oe,mc_gagg_oe,GAGG,GAGG,True,7,2,3,215
848,0,5,3,7,7,-31.5,-10.5,-1.0,1872,even,odd,mc_gagg_eo,mc_gagg_eo,GAGG,GAGG,True,0,2,3,208
849,1,5,3,6,6,-27.3,-10.5,-3.0,1617,odd,odd,mc_gagg_oo,mc_gagg_oo,GAGG,GAGG,True,0,2,3,208
850,2,5,3,7,7,-23.1,-10.5,-1.0,1874,even,odd,mc_gagg_eo,mc_gagg_eo,GAGG,GAGG,True,1,2,3,209
851,3,5,3,6,6,-18.9,-10.5,-3.0,1619,odd,odd,mc_gagg_oo,mc_gagg_oo,GAGG,GAGG,True,1,2,3,209
852,4,5,3,7,7,-14.7,-10.5,-1.0,1876,even,odd,mc_gagg_eo,mc_gagg_eo,GAGG,GAGG,True,2,2,3,210
853,5,5,3,6,6,-10.5,-10.5,-3.0,1621,odd,odd,mc_gagg_oo,mc_gagg_oo,GAGG,GAGG,True,2,2,3,210
854,6,5,3,7,7,-6.3,-10.5,-1.0,1878,even,odd,mc_gagg_eo,mc_gagg_eo,GAGG,GAGG,True,3,2,3,211
855,7,5,3,6,6,-2.1,-10.5,-3.0,1623,odd,odd,mc_gagg_oo,mc_gagg_oo,GAGG,GAGG,True,3,2,3,211
856,8,5,3,7,7,2.1,-10.5,-1.0,1880,even,odd,mc_gagg_eo,mc_gagg_eo,GAGG,GAGG,True,4,2,3,212
857,9,5,3,6,6,6.3,-10.5,-3.0,1625,odd,odd,mc_gagg_oo,mc_gagg_oo,GAGG,GAGG,True,4,2,3,212
858,10,5,3,7,7,10.5,-10.5,-1.0,1882,even,odd,mc_gagg_eo,mc_gagg_eo,GAGG,GAGG,True,5,2,3,213
859,11,5,3,6,6,14.7,-10.5,-3.0,1627,odd,odd,mc_gagg_oo,mc_gagg_oo,GAGG,GAGG,True,5,2,3,213
860,12,5,3,7,7,18.9,-10.5,-1.0,1884,even,odd,mc_gagg_eo,mc_gagg_eo,GAGG,GAGG,True,6,2,3,214
861,13,5,3,6,6,23.1,-10.5,-3.0,1629,odd,odd,mc_gagg_oo,mc_gagg_oo,GAGG,GAGG,True,6,2,3,214
862,14,5,3,7,7,27.3,-10.5,-1.0,1886,even,odd,mc_gagg_eo,mc_gagg_eo,GAGG,GAGG,True,7,2,3,215
863,15,5,3,6,6,31.5,-10.5,-3.0,1631,odd,odd,mc_gagg_oo,mc_gagg_oo,GAGG,GAGG,True,7,2,3,215
864,0,6,3,6,6,-31.5,-6.3,-3.0,1632,even,even,mc_gagg_ee,mc_gagg_ee,GAGG,GAGG,True,0,3,3,216
865,1,6,3,7,7,-27.3,-6.3,-1.0,1889,odd,even,mc_gagg_oe,mc_gagg_oe,GAGG,GAGG,True,0,3,3,216
866,2,6,3,6,6,-23.1,-6.3,-3.0,1634,even,even,mc_gagg_ee,mc_gagg_ee,GAGG,GAGG,True,1,3,3,217
867,3,6,3,7,7,-18.9,-6.3,-1.0,1891,odd,even,mc_gagg_oe,mc_gagg_oe,GAGG,GAGG,True,1,3,3,217
868,4,6,3,6,6,-14.7,-6.3,-3.0,1636,even,even,mc_gagg_ee,mc_gagg_ee,GAGG,GAGG,True,2,3,3,218
869,5,6,3,7,7,-10.5,-6.3,-1.0,1893,odd,even,mc_gagg_oe,mc_gagg_oe,GAGG,GAGG,True,2,3,3,218
870,6,6,3,6,6,-6.3,-6.3,-3.0,1638,even,even,mc_gagg_ee,mc_gagg_ee,GAGG,GAGG,True,3,3,3,219
871,7,6,3,7,7,-2.1,-6.3,-1.0,1895,odd,even,mc_gagg_oe,mc_gagg_oe,GAGG,GAGG,True,3,3,3,219
872,8,6,3,6,6,2.1,-6.3,-3.0,1640,even,even,mc_gagg_ee,mc_gagg_ee,GAGG,GAGG,True,4,3,3,220
873,9,6,3,7,7,6.3,-6.3,-1.0,1897,odd,even,mc_gagg_oe,mc_gagg_oe,GAGG,GAGG,True,4,3,3,220
874,10,6,3,6,6,10.5,-6.3,-3.0,1642,even,even,mc_gagg_ee,mc_gagg_ee,GAGG,GAGG,True,5,3,3,221
875,11,6,3,7,7,14.7,-6.3,-1.0,1899,odd,even,mc_gagg_oe,mc_gagg_oe,GAGG,GAGG,True,5,3,3,221
876,12,6,3,6,6,18.9,-6.3,-3.0,1644,even,even,mc_gagg_ee,mc_gagg_ee,GAGG,GAGG,True,6,3,3,222
877,13,6,3,7,7,23.1,-6.3,-1.0,1901,odd,even,mc_gagg_oe,mc_gagg_oe,GAGG,GAGG,True,6,3,3,222
878,14,6,3,6,6,27.3,-6.3,-3.0,1646,even,even,mc_gagg_ee,mc_gagg_ee,GAGG,GAGG,True,7,3,3,223
879,15,6,3,7,7,31.5,-6.3,-1.0,1903,odd,even,mc_gagg_oe,mc_gagg_oe,GAGG,GAGG,True,7,3,3,223
880,0,7,3,7,7,-31.5,-2.1,-1.0,1904,even,odd,mc_gagg_eo,mc_gagg_eo,GAGG,GAGG,True,0,3,3,216
881,1,7,3,6,6,-27.3,-2.1,-3.0,1649,odd,odd,mc_gagg_oo,mc_gagg_oo,GAGG,GAGG,True,0,3,3,216
882,2,7,3,7,7,-23.1,-2.1,-1.0,1906,even,odd,mc_gagg_eo,mc_gagg_eo,GAGG,GAGG,True,1,3,3,217
883,3,7,3,6,6,-18.9,-2.1,-3.0,1651,odd,odd,mc_gagg_oo,mc_gagg_oo,GAGG,GAGG,True,1,3,3,217
884,4,7,3,7,7,-14.7,-2.1,-1.0,1908,even,odd,mc_gagg_eo,mc_gagg_eo,GAGG,GAGG,True,2,3,3,218
885,5,7,3,6,6,-10.5,-2.1,-3.0,1653,odd,odd,mc_gagg_oo,mc_gagg_oo,GAGG,GAGG,True,2,3,3,218
886,6,7,3,7,7,-6.3,-2.1,-1.0,1910,even,odd,mc_gagg_eo,mc_gagg_eo,GAGG,GAGG,True,3,3,3,219
887,7,7,3,6,6,-2.1,-2.1,-3.0,1655,odd,odd,mc_gagg_oo,mc_gagg_oo,GAGG,GAGG,True,3,3,3,219
888,8,7,3,7,7,2.1,-2.1,-1.0,1912,even,odd,mc_gagg_eo,mc_gagg_eo,GAGG,GAGG,True,4,3,3,220
889,9,7,3,6,6,6.3,-2.1,-3.0,1657,odd,odd,mc_gagg_oo,mc_gagg_oo,GAGG,GAGG,True,4,3,3,220
890,10,7,3,7,7,10.5,-2.1,-1.0,1914,even,odd,mc_gagg_eo,mc_gagg_eo,GAGG,GAGG,True,5,3,3,221
891,11,7,3,6,6,14.7,-2.1,-3.0,1659,odd,odd,mc_gagg_oo,mc_gagg_oo,GAGG,GAGG,True,5,3,3,221
892,12,7,3,7,7,18.9,-2.1,-1.0,1916,even,odd,mc_gagg_eo,mc_gagg_eo,GAGG,GAGG,True,6,3,3,222
893,13,7,3,6,6,23.1,-2.1,-3.0,1661,odd,odd,mc_gagg_oo,mc_gagg_oo,GAGG,GAGG,True,6,3,3,222
894,14,7,3,7,7,27.3,-2.1,-1.0,1918,even,odd,mc_gagg_eo,mc_gagg_eo,GAGG,GAGG,True,7,3,3,223
895,15,7,3,6,6,31.5,-2.1,-3.0,1663,odd,odd,mc_gagg_oo,mc_gagg_oo,GAGG,GAGG,True,7,3,3,223
896,0,8,3,6,6,-31.5,2.1,-3.0,1664,even,even,mc_gagg_ee,mc_gagg_ee,GAGG,GAGG,True,0,4,3,224
897,1,8,3,7,7,-27.3,2.1,-1.0,1921,odd,even,mc_gagg_oe,mc_gagg_oe,GAGG,GAGG,True,0,4,3,224
898,2,8,3,6,6,-23.1,2.1,-3.0,1666,even,even,mc_gagg_ee,mc_gagg_ee,GAGG,GAGG,True,1,4,3,225
899,3,8,3,7,7,-18.9,2.1,-1.0,1923,odd,even,mc_gagg_oe,mc_gagg_oe,GAGG,GAGG,True,1,4,3,225
900,4,8,3,6,6,-14.7,2.1,-3.0,1668,even,even,mc_gagg_ee,mc_gagg_ee,GAGG,GAGG,True,2,4,3,226
901,5,8,3,7,7,-10.5,2.1,-1.0,1925,odd,even,mc_gagg_oe,mc_gagg_oe,GAGG,GAGG,True,2,4,3,226
902,6,8,3,6,6,-6.3,2.1,-3.0,1670,even,even,mc_gagg_ee,mc_gagg_ee,GAGG,GAGG,True,3,4,3,227
903,7,8,3,7,7,-2.1,2.1,-1.0,1927,odd,even,mc_gagg_oe,mc_gagg_oe,GAGG,GAGG,True,3,4,3,227
904,8,8,3,6,6,2.1,2.1,-3.0,1672,even,even,mc_gagg_ee,mc_gagg_ee,GAGG,GAGG,True,4,4,3,228
905,9,8,3,7,7,6.3,2.1,-1.0,1929,odd,even,mc_gagg_oe,mc_gagg_oe,GAGG,GAGG,True,4,4,3,228
906,10,8,3,6,6,10.5,2.1,-3.0,1674,even,even,mc_gagg_ee,mc_gagg_ee,GAGG,GAGG,True,5,4,3,229
907,11,8,3,7,7,14.7,2.1,-1.0,1931,odd,even,mc_gagg_oe,mc_gagg_oe,GAGG,GAGG,True,5,4,3,229
908,12,8,3,6,6,18.9,2.1,-3.0,1676,even,even,mc_gagg_ee,mc_gagg_ee,GAGG,GAGG,True,6,4,3,230
909,13,8,3,7,7,23.1,2.1,-1.0,1933,odd,even,mc_gagg_oe,mc_gagg_oe,GAGG,GAGG,True,6,4,3,230
910,14,8,3,6,6,27.3,2.1,-3.0,1678,even,even,mc_gagg_ee,mc_gagg_ee,GAGG,GAGG,True,7,4,3,231
911,15,8,3,7,7,31.5,2.1,-1.0,1935,odd,even,mc_gagg_oe,mc_gagg_oe,GAGG,GAGG,True,7,4,3,231
912,0,9,3,7,7,-31.5,6.3,-1.0,1936,even,odd,mc_gagg_eo,mc_gagg_eo,GAGG,GAGG,True,0,4,3,224
913,1,9,3,6,6,-27.3,6.3,-3.0,1681,odd,odd,mc_gagg_oo,mc_gagg_oo,GAGG,GAGG,True,0,4,3,224
914,2,9,3,7,7,-23.1,6.3,-1.0,1938,even,odd,mc_gagg_eo,mc_gagg_eo,GAGG,GAGG,True,1,4,3,225
915,3,9,3,6,6,-18.9,6.3,-3.0,1683,odd,odd,mc_gagg_oo,mc_gagg_oo,GAGG,GAGG,True,1,4,3,225
916,4,9,3,7,7,-14.7,6.3,-1.0,1940,even,odd,mc_gagg_eo,mc_gagg_eo,GAGG,GAGG,True,2,4,3,226
917,5,9,3,6,6,-10.5,6.3,-3.0,1685,odd,odd,mc_gagg_oo,mc_gagg_oo,GAGG,GAGG,True,2,4,3,226
918,6,9,3,7,7,-6.3,6.3,-1.0,1942,even,odd,mc_gagg_eo,mc_gagg_eo,GAGG,GAGG,True,3,4,3,227
919,7,9,3,6,6,-2.1,6.3,-3.0,1687,odd,odd,mc_gagg_oo,mc_gagg_oo,GAGG,GAGG,True,3,4,3,227
920,8,9,3,7,7,2.1,6.3,-1.0,1944,even,odd,mc_gagg_eo,mc_gagg_eo,GAGG,GAGG,True,4,4,3,228
921,9,9,3,6,6,6.3,6.3,-3.0,1689,odd,odd,mc_gagg_oo,mc_gagg_oo,GAGG,GAGG,True,4,4,3,228
922,10,9,3,7,7,10.5,6.3,-1.0,1946,even,odd,mc_gagg_eo,mc_gagg_eo,GAGG,GAGG,True,5,4,3,229
923,11,9,3,6,6,14.7,6.3,-3.0,1691,odd,odd,mc_gagg_oo,mc_gagg_oo,GAGG,GAGG,True,5,4,3,229
924,12,9,3,7,7,18.9,6.3,-1.0,1948,even,odd,mc_gagg_eo,mc_gagg_eo,GAGG,GAGG,True,6,4,3,230
925,13,9,3,6,6,23.1,6.3,-3.0,1693,odd,odd,mc_gagg_oo,mc_gagg_oo,GAGG,GAGG,True,6,4,3,230
926,14,9,3,7,7,27.3,6.3,-1.0,1950,even,odd,mc_gagg_eo,mc_gagg_eo,GAGG,GAGG,True,7,4,3,231
927,15,9,3,6,6,31.5,6.3,-3.0,1695,odd,odd,mc_gagg_oo,mc_gagg_oo,GAGG,GAGG,True,7,4,3,231
928,0,10,3,6,6,-31.5,10.5,-3.0,1696,even,even,mc_gagg_ee,mc_gagg_ee,GAGG,GAGG,True,0,5,3,232
929,1,10,3,7,7,-27.3,10.5,-1.0,1953,odd,even,mc_gagg_oe,mc_gagg_oe,GAGG,GAGG,True,0,5,3,232
930,2,10,3,6,6,-23.1,10.5,-3.0,1698,even,even,mc_gagg_ee,mc_gagg_ee,GAGG,GAGG,True,1,5,3,233
931,3,10,3,7,7,-18.9,10.5,-1.0,1955,odd,even,mc_gagg_oe,mc_gagg_oe,GAGG,GAGG,True,1,5,3,233
932,4,10,3,6,6,-14.7,10.5,-3.0,1700,even,even,mc_gagg_ee,mc_gagg_ee,GAGG,GAGG,True,2,5,3,234
933,5,10,3,7,7,-10.5,10.5,-1.0,1957,odd,even,mc_gagg_oe,mc_gagg_oe,GAGG,GAGG,True,2,5,3,234
934,6,10,3,6,6,-6.3,10.5,-3.0,1702,even,even,mc_gagg_ee,mc_gagg_ee,GAGG,GAGG,True,3,5,3,235
935,7,10,3,7,7,-2.1,10.5,-1.0,1959,odd,even,mc_gagg_oe,mc_gagg_oe,GAGG,GAGG,True,3,5,3,235
936,8,10,3,6,6,2.1,10.5,-3.0,1704,even,even,mc_gagg_ee,mc_gagg_ee,GAGG,GAGG,True,4,5,3,236
937,9,10,3,7,7,6.3,10.5,-1.0,1961,odd,even,mc_gagg_oe,mc_gagg_oe,GAGG,GAGG,True,4,5,3,236
938,10,10,3,6,6,10.5,10.5,-3.0,1706,even,even,mc_gagg_ee,mc_gagg_ee,GAGG,GAGG,True,5,5,3,237
939,11,10,3,7,7,14.7,10.5,-1.0,1963,odd,even,mc_gagg_oe,mc_gagg_oe,GAGG,GAGG,True,5,5,3,237
940,12,10,3,6,6,18.9,10.5,-3.0,1708,even,even,mc_gagg_ee,mc_gagg_ee,GAGG,GAGG,True,6,5,3,238
941,13,10,3,7,7,23.1,10.5,-1.0,1965,odd,even,mc_gagg_oe,mc_gagg_oe,GAGG,GAGG,True,6,5,3,238
942,14,10,3,6,6,27.3,10.5,-3.0,1710,even,even,mc_gagg_ee,mc_gagg_ee,GAGG,GAGG,True,7,5,3,239
943,15,10,3,7,7,31.5,10.5,-1.0,1967,odd,even,mc_gagg_oe,mc_gagg_oe,GAGG,GAGG,True,7,5,3,239
944,0,11,3,7,7,-31.5,14.7,-1.0,1968,even,odd,mc_gagg_eo,mc_gagg_eo,GAGG,GAGG,True,0,5,3,232
945,1,11,3,6,6,-27.3,14.7,-3.0,1713,odd,odd,mc_gagg_oo,mc_gagg_oo,GAGG,GAGG,True,0,5,3,232
946,2,11,3,7,7,-23.1,14.7,-1.0,1970,even,odd,mc_gagg_eo,mc_gagg_eo,GAGG,GAGG,True,1,5,3,233
947,3,11,3,6,6,-18.9,14.7,-3.0,1715,odd,odd,mc_gagg_oo,mc_gagg_oo,GAGG,GAGG,True,1,5,3,233
948,4,11,3,7,7,-14.7,14.7,-1.0,1972,even,odd,mc_gagg_eo,mc_gagg_eo,GAGG,GAGG,True,2,5,3,234
949,5,11,3,6,6,-10.5,14.7,-3.0,1717,odd,odd,mc_gagg_oo,mc_gagg_oo,GAGG,GAGG,True,2,5,3,234
950,6,11,3,7,7,-6.3,14.7,-1.0,1974,even,odd,mc_gagg_eo,mc_gagg_eo,GAGG,GAGG,True,3,5,3,235
951,7,11,3,6,6,-2.1,14.7,-3.0,1719,odd,odd,mc_gagg_oo,mc_gagg_oo,GAGG,GAGG,True,3,5,3,235
952,8,11,3,7,7,2.1,14.7,-1.0,1976,even,odd,mc_gagg_eo,mc_gagg_eo,GAGG,GAGG,True,4,5,3,236
953,9,11,3,6,6,6.3,14.7,-3.0,1721,odd,odd,mc_gagg_oo,mc_gagg_oo,GAGG,GAGG,True,4,5,3,236
954,10,11,3,7,7,10.5,14.7,-1.0,1978,even,odd,mc_gagg_eo,mc_gagg_eo,GAGG,GAGG,True,5,5,3,237
955,11,11,3,6,6,14.7,14.7,-3.0,1723,odd,odd,mc_gagg_oo,mc_gagg_oo,GAGG,GAGG,True,5,5,3,237
956,12,11,3,7,7,18.9,14.7,-1.0,1980,even,odd,mc_gagg_eo,mc_gagg_eo,GAGG,GAGG,True,6,5,3,238
957,13,11,3,6,6,23.1,14.7,-3.0,1725,odd,odd,mc_gagg_oo,mc_gagg_oo,GAGG,GAGG,True,6,5,3,238
958,14,11,3,7,7,27.3,14.7,-1.0,1982,even,odd,mc_gagg_eo,mc_gagg_eo,GAGG,GAGG,True,7,5,3,239
959,15,11,3,6,6,31.5,14.7,-3.0,1727,odd,odd,mc_gagg_oo,mc_gagg_oo,GAGG,GAGG,True,7,5,3,239
960,0,12,3,6,6,-31.5,18.9,-3.0,1728,even,even,mc_gagg_ee,mc_gagg_ee,GAGG,GAGG,True,0,6,3,240
961,1,12,3,7,7,-27.3,18.9,-1.0,1985,odd,even,mc_gagg_oe,mc_gagg_oe,GAGG,GAGG,True,0,6,3,240
962,2,12,3,6,6,-23.1,18.9,-3.0,1730,even,even,mc_gagg_ee,mc_gagg_ee,GAGG,GAGG,True,1,6,3,241
963,3,12,3,7,7,-18.9,18.9,-1.0,1987,odd,even,mc_gagg_oe,mc_gagg_oe,GAGG,GAGG,True,1,6,3,241
964,4,12,3,6,6,-14.7,18.9,-3.0,1732,even,even,mc_gagg_ee,mc_gagg_ee,GAGG,GAGG,True,2,6,3,242
965,5,12,3,7,7,-10.5,18.9,-1.0,1989,odd,even,mc_gagg_oe,mc_gagg_oe,GAGG,GAGG,True,2,6,3,242
966,6,12,3,6,6,-6.3,18.9,-3.0,1734,even,even,mc_gagg_ee,mc_gagg_ee,GAGG,GAGG,True,3,6,3,243
967,7,12,3,7,7,-2.1,18.9,-1.0,1991,odd,even,mc_gagg_oe,mc_gagg_oe,GAGG,GAGG,True,3,6,3,243
968,8,12,3,6,6,2.1,18.9,-3.0,1736,even,even,mc_gagg_ee,mc_gagg_ee,GAGG,GAGG,True,4,6,3,244
969,9,12,3,7,7,6.3,18.9,-1.0,1993,odd,even,mc_gagg_oe,mc_gagg_oe,GAGG,GAGG,True,4,6,3,244
970,10,12,3,6,6,10.5,18.9,-3.0,1738,even,even,mc_gagg_ee,mc_gagg_ee,GAGG,GAGG,True,5,6,3,245
971,11,12,3,7,7,14.7,18.9,-1.0,1995,odd,even,mc_gagg_oe,mc_gagg_oe,GAGG,GAGG,True,5,6,3,245
972,12,12,3,6,6,18.9,18.9,-3.0,1740,even,even,mc_gagg_ee,mc_gagg_ee,GAGG,GAGG,True,6,6,3,246
973,13,12,3,7,7,23.1,18.9,-1.0,1997,odd,even,mc_gagg_oe,mc_gagg_oe,GAGG,GAGG,True,6,6,3,246
974,14,12,3,6,6,27.3,18.9,-3.0,1742,even,even,mc_gagg_ee,mc_gagg_ee,GAGG,GAGG,True,7,6,3,247
975,15,12,3,7,7,31.5,18.9,-1.0,1999,odd,even,mc_gagg_oe,mc_gagg_oe,GAGG,GAGG,True,7,6,3,247
976,0,13,3,7,7,-31.5,23.1,-1.0,2000,even,odd,mc_gagg_eo,mc_gagg_eo,GAGG,GAGG,True,0,6,3,240
977,1,13,3,6,6,-27.3,23.1,-3.0,1745,odd,odd,mc_gagg_oo,mc_gagg_oo,GAGG,GAGG,True,0,6,3,240
978,2,13,3,7,7,-23.1,23.1,-1.0,2002,even,odd,mc_gagg_eo,mc_gagg_eo,GAGG,GAGG,True,1,6,3,241
979,3,13,3,6,6,-18.9,23.1,-3.0,1747,odd,odd,mc_gagg_oo,mc_gagg_oo,GAGG,GAGG,True,1,6,3,241
980,4,13,3,7,7,-14.7,23.1,-1.0,2004,even,odd,mc_gagg_eo,mc_gagg_eo,GAGG,GAGG,True,2,6,3,242
981,5,13,3,6,6,-10.5,23.1,-3.0,1749,odd,odd,mc_gagg_oo,mc_gagg_oo,GAGG,GAGG,True,2,6,3,242
982,6,13,3,7,7,-6.3,23.1,-1.0,2006,even,odd,mc_gagg_eo,mc_gagg_eo,GAGG,GAGG,True,3,6,3,243
983,7,13,3,6,6,-2.1,23.1,-3.0,1751,odd,odd,mc_gagg_oo,mc_gagg_oo,GAGG,GAGG,True,3,6,3,243
984,8,13,3,7,7,2.1,23.1,-1.0,2008,even,odd,mc_gagg_eo,mc_gagg_eo,GAGG,GAGG,True,4,6,3,244
985,9,13,3,6,6,6.3,23.1,-3.0,1753,odd,odd,mc_gagg_oo,mc_gagg_oo,GAGG,GAGG,True,4,6,3,244
986,10,13,3,7,7,10.5,23.1,-1.0,2010,even,odd,mc_gagg_eo,mc_gagg_eo,GAGG,GAGG,True,5,6,3,245
987,11,13,3,6,6,14.7,23.1,-3.0,1755,odd,odd,mc_gagg_oo,mc_gagg_oo,GAGG,GAGG,True,5,6,3,245
988,12,13,3,7,7,18.9,23.1,-1.0,2012,even,odd,mc_gagg_eo,mc_gagg_eo,GAGG,GAGG,True,6,6,3,246
989,13,13,3,6,6,23.1,23.1,-3.0,1757,odd,odd,mc_gagg_oo,mc_gagg_oo,GAGG,GAGG,True,6,6,3,246
990,14,13,3,7,7,27.3,23.1,-1.0,2014,even,odd,mc_gagg_eo,mc_gagg_eo,GAGG,GAGG,True,7,6,3,247
991,15,13,3,6,6,31.5,23.1,-3.0,1759,odd,odd,mc_gagg_oo,mc_gagg_oo,GAGG,GAGG,True,7,6,3,247
992,0,14,3,6,6,-31.5,27.3,-3.0,1760,even,even,mc_gagg_ee,mc_gagg_ee,GAGG,GAGG,True,0,7,3,248
993,1,14,3,7,7,-27.3,27.3,-1.0,2017,odd,even,mc_gagg_oe,mc_gagg_oe,GAGG,GAGG,True,0,7,3,248
994,2,14,3,6,6,-23.1,27.3,-3.0,1762,even,even,mc_gagg_ee,mc_gagg_ee,GAGG,GAGG,True,1,7,3,249
995,3,14,3,7,7,-18.9,27.3,-1.0,2019,odd,even,mc_gagg_oe,mc_gagg_oe,GAGG,GAGG,True,1,7,3,249
996,4,14,3,6,6,-14.7,27.3,-3.0,1764,even,even,mc_gagg_ee,mc_gagg_ee,GAGG,GAGG,True,2,7,3,250
997,5,14,3,7,7,-10.5,27.3,-1.0,2021,odd,even,mc_gagg_oe,mc_gagg_oe,GAGG,GAGG,True,2,7,3,250
998,6,14,3,6,6,-6.3,27.3,-3.0,1766,even,even,mc_gagg_ee,mc_gagg_ee,GAGG,GAGG,True,3,7,3,251
999,7,14,3,7,7,-2.1,27.3,-1.0,2023,odd,even,mc_gagg_oe,mc_gagg_oe,GAGG,GAGG,True,3,7,3,251
1000,8,14,3,6,6,2.1,27.3,-3.0,1768,even,even,mc_gagg_ee,mc_gagg_ee,GAGG,GAGG,True,4,7,3,252
1001,9,14,3,7,7,6.3,27.3,-1.0,2025,odd,even,mc_gagg_oe,mc_gagg_oe,GAGG,GAGG,True,4,7,3,252
1002,10,14,3,6,6,10.5,27.3,-3.0,1770,even,even,mc_gagg_ee,mc_gagg_ee,GAGG,GAGG,True,5,7,3,253
1003,11,14,3,7,7,14.7,27.3,-1.0,2027,odd,even,mc_gagg_oe,mc_gagg_oe,GAGG,GAGG,True,5,7,3,253
1004,12,14,3,6,6,18.9,27.3,-3.0,1772,even,even,mc_gagg_ee,mc_gagg_ee,GAGG,GAGG,True,6,7,3,254
1005,13,14,3,7,7,23.1,27.3,-1.0,2029,odd,even,mc_gagg_oe,mc_gagg_oe,GAGG,GAGG,True,6,7,3,254
1006,14,14,3,6,6,27.3,27.3,-3.0,1774,even,even,mc_gagg_ee,mc_gagg_ee,GAGG,GAGG,True,7,7,3,255
1007,15,14,3,7,7,31.5,27.3,-1.0,2031,odd,even,mc_gagg_oe,mc_gagg_oe,GAGG,GAGG,True,7,7,3,255
1008,0,15,3,7,7,-31.5,31.5,-1.0,2032,even,odd,mc_gagg_eo,mc_gagg_eo,GAGG,GAGG,True,0,7,3,248
1009,1,15,3,6,6,-27.3,31.5,-3.0,1777,odd,odd,mc_gagg_oo,mc_gagg_oo,GAGG,GAGG,True,0,7,3,248
1010,2,15,3,7,7,-23.1,31.5,-1.0,2034,even,odd,mc_gagg_eo,mc_gagg_eo,GAGG,GAGG,True,1,7,3,249
1011,3,15,3,6,6,-18.9,31.5,-3.0,1779,odd,odd,mc_gagg_oo,mc_gagg_oo,GAGG,GAGG,True,1,7,3,249
1012,4,15,3,7,7,-14.7,31.5,-1.0,2036,even,odd,mc_gagg_eo,mc_gagg_eo,GAGG,GAGG,True,2,7,3,250
1013,5,15,3,6,6,-10.5,31.5,-3.0,1781,odd,odd,mc_gagg_oo,mc_gagg_oo,GAGG,GAGG,True,2,7,3,250
1014,6,15,3,7,7,-6.3,31.5,-1.0,2038,even,odd,mc_gagg_eo,mc_gagg_eo,GAGG,GAGG,True,3,7,3,251
1015,7,15,3,6,6,-2.1,31.5,-3.0,1783,odd,odd,mc_gagg_oo,mc_gagg_oo,GAGG,GAGG,True,3,7,3,251
1016,8,15,3,7,7,2.1,31.5,-1.0,2040,even,odd,mc_gagg_eo,mc_gagg_eo,GAGG,GAGG,True,4,7,3,252
1017,9,15,3,6,6,6.3,31.5,-3.0,1785,odd,odd,mc_gagg_oo,mc_gagg_oo,GAGG,GAGG,True,4,7,3,252
1018,10,15,3,7,7,10.5,31.5,-1.0,2042,even,odd,mc_gagg_eo,mc_gagg_eo,GAGG,GAGG,True,5,7,3,253
1019,11,15,3,6,6,14.7,31.5,-3.0,1787,odd,odd,mc_gagg_oo,mc_gagg_oo,GAGG,GAGG,True,5,7,3,253
1020,12,15,3,7,7,18.9,31.5,-1.0,2044,even,odd,mc_gagg_eo,mc_gagg_eo,GAGG,GAGG,True,6,7,3,254
1021,13,15,3,6,6,23.1,31.5,-3.0,1789,odd,odd,mc_gagg_oo,mc_gagg_oo,GAGG,GAGG,True,6,7,3,254
1022,14,15,3,7,7,27.3,31.5,-1.0,2046,even,odd,mc_gagg_eo,mc_gagg_eo,GAGG,GAGG,True,7,7,3,255
1023,15,15,3,6,6,31.5,31.5,-3.0,1791,odd,odd,mc_gagg_oo,mc_gagg_oo,GAGG,GAGG,True,7,7,3,255
1024,0,0,4,8,8,-31.5,-31.5,1.0,2048,even,even,mc_gagg_ee,mc_gagg_ee,GAGG,GAGG,True,0,0,4,256
1025,1,0,4,9,9,-27.3,-31.5,3.0,2305,odd,even,mc_gagg_oe,mc_gagg_oe,GAGG,GAGG,True,0,0,4,256
1026,2,0,4,8,8,-23.1,-31.5,1.0,2050,even,even,mc_gagg_ee,mc_gagg_ee,GAGG,GAGG,True,1,0,4,257
1027,3,0,4,9,9,-18.9,-31.5,3.0,2307,odd,even,mc_gagg_oe,mc_gagg_oe,GAGG,GAGG,True,1,0,4,257
1028,4,0,4,8,8,-14.7,-31.5,1.0,2052,even,even,mc_gagg_ee,mc_gagg_ee,GAGG,GAGG,True,2,0,4,258
1029,5,0,4,9,9,-10.5,-31.5,3.0,2309,odd,even,mc_gagg_oe,mc_gagg_oe,GAGG,GAGG,True,2,0,4,258
1030,6,0,4,8,8,-6.3,-31.5,1.0,2054,even,even,mc_gagg_ee,mc_gagg_ee,GAGG,GAGG,True,3,0,4,259
1031,7,0,4,9,9,-2.1,-31.5,3.0,2311,odd,even,mc_gagg_oe,mc_gagg_oe,GAGG,GAGG,True,3,0,4,259
1032,8,0,4,8,8,2.1,-31.5,1.0,2056,even,even,mc_gagg_ee,mc_gagg_ee,GAGG,GAGG,True,4,0,4,260
1033,9,0,4,9,9,6.3,-31.5,3.0,2313,odd,even,mc_gagg_oe,mc_gagg_oe,GAGG,GAGG,True,4,0,4,260
1034,10,0,4,8,8,10.5,-31.5,1.0,2058,even,even,mc_gagg_ee,mc_gagg_ee,GAGG,GAGG,True,5,0,4,261
1035,11,0,4,9,9,14.7,-31.5,3.0,2315,odd,even,mc_gagg_oe,mc_gagg_oe,GAGG,GAGG,True,5,0,4,261
1036,12,0,4,8,8,18.9,-31.5,1.0,2060,even,even,mc_gagg_ee,mc_gagg_ee,GAGG,GAGG,True,6,0,4,262
1037,13,0,4,9,9,23.1,-31.5,3.0,2317,odd,even,mc_gagg_oe,mc_gagg_oe,GAGG,GAGG,True,6,0,4,262
1038,14,0,4,8,8,27.3,-31.5,1.0,2062,even,even,mc_gagg_ee,mc_gagg_ee,GAGG,GAGG,True,7,0,4,263
1039,15,0,4,9,9,31.5,-31.5,3.0,2319,odd,even,mc_gagg_oe,mc_gagg_oe,GAGG,GAGG,True,7,0,4,263
1040,0,1,4,9,9,-31.5,-27.3,3.0,2320,even,odd,mc_gagg_eo,mc_gagg_eo,GAGG,GAGG,True,0,0,4,256
1041,1,1,4,8,8,-27.3,-27.3,1.0,2065,odd,odd,mc_gagg_oo,mc_gagg_oo,GAGG,GAGG,True,0,0,4,256
1042,2,1,4,9,9,-23.1,-27.3,3.0,2322,even,odd,mc_gagg_eo,mc_gagg_eo,GAGG,GAGG,True,1,0,4,257
1043,3,1,4,8,8,-18.9,-27.3,1.0,2067,odd,odd,mc_gagg_oo,mc_gagg_oo,GAGG,GAGG,True,1,0,4,257
1044,4,1,4,9,9,-14.7,-27.3,3.0,2324,even,odd,mc_gagg_eo,mc_gagg_eo,GAGG,GAGG,True,2,0,4,258
1045,5,1,4,8,8,-10.5,-27.3,1.0,2069,odd,odd,mc_gagg_oo,mc_gagg_oo,GAGG,GAGG,True,2,0,4,258
1046,6,1,4,9,9,-6.3,-27.3,3.0,2326,even,odd,mc_gagg_eo,mc_gagg_eo,GAGG,GAGG,True,3,0,4,259
1047,7,1,4,8,8,-2.1,-27.3,1.0,2071,odd,odd,mc_gagg_oo,mc_gagg_oo,GAGG,GAGG,True,3,0,4,259
1048,8,1,4,9,9,2.1,-27.3,3.0,2328,even,odd,mc_gagg_eo,mc_gagg_eo,GAGG,GAGG,True,4,0,4,260
1049,9,1,4,8,8,6.3,-27.3,1.0,2073,odd,odd,mc_gagg_oo,mc_gagg_oo,GAGG,GAGG,True,4,0,4,260
1050,10,1,4,9,9,10.5,-27.3,3.0,2330,even,odd,mc_gagg_eo,mc_gagg_eo,GAGG,GAGG,True,5,0,4,261
1051,11,1,4,8,8,14.7,-27.3,1.0,2075,odd,odd,mc_gagg_oo,mc_gagg_oo,GAGG,GAGG,True,5,0,4,261
1052,12,1,4,9,9,18.9,-27.3,3.0,2332,even,odd,mc_gagg_eo,mc_gagg_eo,GAGG,GAGG,True,6,0,4,262
1053,13,1,4,8,8,23.1,-27.3,1.0,2077,odd,odd,mc_gagg_oo,mc_gagg_oo,GAGG,GAGG,True,6,0,4,262
1054,14,1,4,9,9,27.3,-27.3,3.0,2334,even,odd,mc_gagg_eo,mc_gagg_eo,GAGG,GAGG,True,7,0,4,263
1055,15,1,4,8,8,31.5,-27.3,1.0,2079,odd,odd,mc_gagg_oo,mc_gagg_oo,GAGG,GAGG,True,7,0,4,263
1056,0,2,4,8,8,-31.5,-23.1,1.0,2080,even,even,mc_gagg_ee,mc_gagg_ee,GAGG,GAGG,True,0,1,4,264
1057,1,2,4,9,9,-27.3,-23.1,3.0,2337,odd,even,mc_gagg_oe,mc_gagg_oe,GAGG,GAGG,True,0,1,4,264
1058,2,2,4,8,8,-23.1,-23.1,1.0,2082,even,even,mc_gagg_ee,mc_gagg_ee,GAGG,GAGG,True,1,1,4,265
1059,3,2,4,9,9,-18.9,-23.1,3.0,2339,odd,even,mc_gagg_oe,mc_gagg_oe,GAGG,GAGG,True,1,1,4,265
1060,4,2,4,8,8,-14.7,-23.1,1.0,2084,even,even,mc_gagg_ee,mc_gagg_ee,GAGG,GAGG,True,2,1,4,266
1061,5,2,4,9,9,-10.5,-23.1,3.0,2341,odd,even,mc_gagg_oe,mc_gagg_oe,GAGG,GAGG,True,2,1,4,266
1062,6,2,4,8,8,-6.3,-23.1,1.0,2086,even,even,mc_gagg_ee,mc_gagg_ee,GAGG,GAGG,True,3,1,4,267
1063,7,2,4,9,9,-2.1,-23.1,3.0,2343,odd,even,mc_gagg_oe,mc_gagg_oe,GAGG,GAGG,True,3,1,4,267
1064,8,2,4,8,8,2.1,-23.1,1.0,2088,even,even,mc_gagg_ee,mc_gagg_ee,GAGG,GAGG,True,4,1,4,268
1065,9,2,4,9,9,6.3,-23.1,3.0,2345,odd,even,mc_gagg_oe,mc_gagg_oe,GAGG,GAGG,True,4,1,4,268
1066,10,2,4,8,8,10.5,-23.1,1.0,2090,even,even,mc_gagg_ee,mc_gagg_ee,GAGG,GAGG,True,5,1,4,269
1067,11,2,4,9,9,14.7,-23.1,3.0,2347,odd,even,mc_gagg_oe,mc_gagg_oe,GAGG,GAGG,True,5,1,4,269
1068,12,2,4,8,8,18.9,-23.1,1.0,2092,even,even,mc_gagg_ee,mc_gagg_ee,GAGG,GAGG,True,6,1,4,270
1069,13,2,4,9,9,23.1,-23.1,3.0,2349,odd,even,mc_gagg_oe,mc_gagg_oe,GAGG,GAGG,True,6,1,4,270
1070,14,2,4,8,8,27.3,-23.1,1.0,2094,even,even,mc_gagg_ee,mc_gagg_ee,GAGG,GAGG,True,7,1,4,271
1071,15,2,4,9,9,31.5,-23.1,3.0,2351,odd,even,mc_gagg_oe,mc_gagg_oe,GAGG,GAGG,True,7,1,4,271
1072,0,3,4,9,9,-31.5,-18.9,3.0,2352,even,odd,mc_gagg_eo,mc_gagg_eo,GAGG,GAGG,True,0,1,4,264
1073,1,3,4,8,8,-27.3,-18.9,1.0,2097,odd,odd,mc_gagg_oo,mc_gagg_oo,GAGG,GAGG,True,0,1,4,264
1074,2,3,4,9,9,-23.1,-18.9,3.0,2354,even,odd,mc_gagg_eo,mc_gagg_eo,GAGG,GAGG,True,1,1,4,265
1075,3,3,4,8,8,-18.9,-18.9,1.0,2099,odd,odd,mc_gagg_oo,mc_gagg_oo,GAGG,GAGG,True,1,1,4,265
1076,4,3,4,9,9,-14.7,-18.9,3.0,2356,even,odd,mc_gagg_eo,mc_gagg_eo,GAGG,GAGG,True,2,1,4,266
1077,5,3,4,8,8,-10.5,-18.9,1.0,2101,odd,odd,mc_gagg_oo,mc_gagg_oo,GAGG,GAGG,True,2,1,4,266
1078,6,3,4,9,9,-6.3,-18.9,3.0,2358,even,odd,mc_gagg_eo,mc_gagg_eo,GAGG,GAGG,True,3,1,4,267
1079,7,3,4,8,8,-2.1,-18.9,1.0,2103,odd,odd,mc_gagg_oo,mc_gagg_oo,GAGG,GAGG,True,3,1,4,267
1080,8,3,4,9,9,2.1,-18.9,3.0,2360,even,odd,mc_gagg_eo,mc_gagg_eo,GAGG,GAGG,True,4,1,4,268
1081,9,3,4,8,8,6.3,-18.9,1.0,2105,odd,odd,mc_gagg_oo,mc_gagg_oo,GAGG,GAGG,True,4,1,4,268
1082,10,3,4,9,9,10.5,-18.9,3.0,2362,even,odd,mc_gagg_eo,mc_gagg_eo,GAGG,GAGG,True,5,1,4,269
1083,11,3,4,8,8,14.7,-18.9,1.0,2107,odd,odd,mc_gagg_oo,mc_gagg_oo,GAGG,GAGG,True,5,1,4,269
1084,12,3,4,9,9,18.9,-18.9,3.0,2364,even,odd,mc_gagg_eo,mc_gagg_eo,GAGG,GAGG,True,6,1,4,270
1085,13,3,4,8,8,23.1,-18.9,1.0,2109,odd,odd,mc_gagg_oo,mc_gagg_oo,GAGG,GAGG,True,6,1,4,270
1086,14,3,4,9,9,27.3,-18.9,3.0,2366,even,odd,mc_gagg_eo,mc_gagg_eo,GAGG,GAGG,True,7,1,4,271
1087,15,3,4,8,8,31.5,-18.9,1.0,2111,odd,odd,mc_gagg_oo,mc_gagg_oo,GAGG,GAGG,True,7,1,4,271
1088,0,4,4,8,8,-31.5,-14.7,1.0,2112,even,even,mc_gagg_ee,mc_gagg_ee,GAGG,GAGG,True,0,2,4,272
1089,1,4,4,9,9,-27.3,-14.7,3.0,2369,odd,even,mc_gagg_oe,mc_gagg_oe,GAGG,GAGG,True,0,2,4,272
1090,2,4,4,8,8,-23.1,-14.7,1.0,2114,even,even,mc_gagg_ee,mc_gagg_ee,GAGG,GAGG,True,1,2,4,273
1091,3,4,4,9,9,-18.9,-14.7,3.0,2371,odd,even,mc_gagg_oe,mc_gagg_oe,GAGG,GAGG,True,1,2,4,273
1092,4,4,4,8,8,-14.7,-14.7,1.0,2116,even,even,mc_gagg_ee,mc_gagg_ee,GAGG,GAGG,True,2,2,4,274
1093,5,4,4,9,9,-10.5,-14.7,3.0,2373,odd,even,mc_gagg_oe,mc_gagg_oe,GAGG,GAGG,True,2,2,4,274
1094,6,4,4,8,8,-6.3,-14.7,1.0,2118,even,even,mc_gagg_ee,mc_gagg_ee,GAGG,GAGG,True,3,2,4,275
1095,7,4,4,9,9,-2.1,-14.7,3.0,2375,odd,even,mc_gagg_oe,mc_gagg_oe,GAGG,GAGG,True,3,2,4,275
1096,8,4,4,8,8,2.1,-14.7,1.0,2120,even,even,mc_gagg_ee,mc_gagg_ee,GAGG,GAGG,True,4,2,4,276
1097,9,4,4,9,9,6.3,-14.7,3.0,2377,odd,even,mc_gagg_oe,mc_gagg_oe,GAGG,GAGG,True,4,2,4,276
1098,10,4,4,8,8,10.5,-14.7,1.0,2122,even,even,mc_gagg_ee,mc_gagg_ee,GAGG,GAGG,True,5,2,4,277
1099,11,4,4,9,9,14.7,-14.7,3.0,2379,odd,even,mc_gagg_oe,mc_gagg_oe,GAGG,GAGG,True,5,2,4,277
1100,12,4,4,8,8,18.9,-14.7,1.0,2124,even,even,mc_gagg_ee,mc_gagg_ee,GAGG,GAGG,True,6,2,4,278
1101,13,4,4,9,9,23.1,-14.7,3.0,2381,odd,even,mc_gagg_oe,mc_gagg_oe,GAGG,GAGG,True,6,2,4,278
1102,14,4,4,8,8,27.3,-14.7,1.0,2126,even,even,mc_gagg_ee,mc_gagg_ee,GAGG,GAGG,True,7,2,4,279
1103,15,4,4,9,9,31.5,-14.7,3.0,2383,odd,even,mc_gagg_oe,mc_gagg_oe,GAGG,GAGG,True,7,2,4,279
1104,0,5,4,9,9,-31.5,-10.5,3.0,2384,even,odd,mc_gagg_eo,mc_gagg_eo,GAGG,GAGG,True,0,2,4,272
1105,1,5,4,8,8,-27.3,-10.5,1.0,2129,odd,odd,mc_gagg_oo,mc_gagg_oo,GAGG,GAGG,True,0,2,4,272
1106,2,5,4,9,9,-23.1,-10.5,3.0,2386,even,odd,mc_gagg_eo,mc_gagg_eo,GAGG,GAGG,True,1,2,4,273
1107,3,5,4,8,8,-18.9,-10.5,1.0,2131,odd,odd,mc_gagg_oo,mc_gagg_oo,GAGG,GAGG,True,1,2,4,273
1108,4,5,4,9,9,-14.7,-10.5,3.0,2388,even,odd,mc_gagg_eo,mc_gagg_eo,GAGG,GAGG,True,2,2,4,274
1109,5,5,4,8,8,-10.5,-10.5,1.0,2133,odd,odd,mc_gagg_oo,mc_gagg_oo,GAGG,GAGG,True,2,2,4,274
1110,6,5,4,9,9,-6.3,-10.5,3.0,2390,even,odd,mc_gagg_eo,mc_gagg_eo,GAGG,GAGG,True,3,2,4,275
1111,7,5,4,8,8,-2.1,-10.5,1.0,2135,odd,odd,mc_gagg_oo,mc_gagg_oo,GAGG,GAGG,True,3,2,4,275
1112,8,5,4,9,9,2.1,-10.5,3.0,2392,even,odd,mc_gagg_eo,mc_gagg_eo,GAGG,GAGG,True,4,2,4,276
1113,9,5,4,8,8,6.3,-10.5,1.0,2137,odd,odd,mc_gagg_oo,mc_gagg_oo,GAGG,GAGG,True,4,2,4,276
1114,10,5,4,9,9,10.5,-10.5,3.0,2394,even,odd,mc_gagg_eo,mc_gagg_eo,GAGG,GAGG,True,5,2,4,277
1115,11,5,4,8,8,14.7,-10.5,1.0,2139,odd,odd,mc_gagg_oo,mc_gagg_oo,GAGG,GAGG,True,5,2,4,277
1116,12,5,4,9,9,18.9,-10.5,3.0,2396,even,odd,mc_gagg_eo,mc_gagg_eo,GAGG,GAGG,True,6,2,4,278
1117,13,5,4,8,8,23.1,-10.5,1.0,2141,odd,odd,mc_gagg_oo,mc_gagg_oo,GAGG,GAGG,True,6,2,4,278
1118,14,5,4,9,9,27.3,-10.5,3.0,2398,even,odd,mc_gagg_eo,mc_gagg_eo,GAGG,GAGG,True,7,2,4,279
1119,15,5,4,8,8,31.5,-10.5,1.0,2143,odd,odd,mc_gagg_oo,mc_gagg_oo,GAGG,GAGG,True,7,2,4,279
1120,0,6,4,8,8,-31.5,-6.3,1.0,2144,even,even,mc_gagg_ee,mc_gagg_ee,GAGG,GAGG,True,0,3,4,280
1121,1,6,4,9,9,-27.3,-6.3,3.0,2401,odd,even,mc_gagg_oe,mc_gagg_oe,GAGG,GAGG,True,0,3,4,280
1122,2,6,4,8,8,-23.1,-6.3,1.0,2146,even,even,mc_gagg_ee,mc_gagg_ee,GAGG,GAGG,True,1,3,4,281
1123,3,6,4,9,9,-18.9,-6.3,3.0,2403,odd,even,mc_gagg_oe,mc_gagg_oe,GAGG,GAGG,True,1,3,4,281
1124,4,6,4,8,8,-14.7,-6.3,1.0,2148,even,even,mc_gagg_ee,mc_gagg_ee,GAGG,GAGG,True,2,3,4,282
1125,5,6,4,9,9,-10.5,-6.3,3.0,2405,odd,even,mc_gagg_oe,mc_gagg_oe,GAGG,GAGG,True,2,3,4,282
1126,6,6,4,8,8,-6.3,-6.3,1.0,2150,even,even,mc_gagg_ee,mc_gagg_ee,GAGG,GAGG,True,3,3,4,283
1127,7,6,4,9,9,-2.1,-6.3,3.0,2407,odd,even,mc_gagg_oe,mc_gagg_oe,GAGG,GAGG,True,3,3,4,283
1128,8,6,4,8,8,2.1,-6.3,1.0,2152,even,even,mc_gagg_ee,mc_gagg_ee,GAGG,GAGG,True,4,3,4,284
1129,9,6,4,9,9,6.3,-6.3,3.0,2409,odd,even,mc_gagg_oe,mc_gagg_oe,GAGG,GAGG,True,4,3,4,284
1130,10,6,4,8,8,10.5,-6.3,1.0,2154,even,even,mc_gagg_ee,mc_gagg_ee,GAGG,GAGG,True,5,3,4,285
1131,11,6,4,9,9,14.7,-6.3,3.0,2411,odd,even,mc_gagg_oe,mc_gagg_oe,GAGG,GAGG,True,5,3,4,285
1132,12,6,4,8,8,18.9,-6.3,1.0,2156,even,even,mc_gagg_ee,mc_gagg_ee,GAGG,GAGG,True,6,3,4,286
1133,13,6,4,9,9,23.1,-6.3,3.0,2413,odd,even,mc_gagg_oe,mc_gagg_oe,GAGG,GAGG,True,6,3,4,286
1134,14,6,4,8,8,27.3,-6.3,1.0,2158,even,even,mc_gagg_ee,mc_gagg_ee,GAGG,GAGG,True,7,3,4,287
1135,15,6,4,9,9,31.5,-6.3,3.0,2415,odd,even,mc_gagg_oe,mc_gagg_oe,GAGG,GAGG,True,7,3,4,287
1136,0,7,4,9,9,-31.5,-2.1,3.0,2416,even,odd,mc_gagg_eo,mc_gagg_eo,GAGG,GAGG,True,0,3,4,280
1137,1,7,4,8,8,-27.3,-2.1,1.0,2161,odd,odd,mc_gagg_oo,mc_gagg_oo,GAGG,GAGG,True,0,3,4,280
1138,2,7,4,9,9,-23.1,-2.1,3.0,2418,even,odd,mc_gagg_eo,mc_gagg_eo,GAGG,GAGG,True,1,3,4,281
1139,3,7,4,8,8,-18.9,-2.1,1.0,2163,odd,odd,mc_gagg_oo,mc_gagg_oo,GAGG,GAGG,True,1,3,4,281
1140,4,7,4,9,9,-14.7,-2.1,3.0,2420,even,odd,mc_gagg_eo,mc_gagg_eo,GAGG,GAGG,True,2,3,4,282
1141,5,7,4,8,8,-10.5,-2.1,1.0,2165,odd,odd,mc_gagg_oo,mc_gagg_oo,GAGG,GAGG,True,2,3,4,282
1142,6,7,4,9,9,-6.3,-2.1,3.0,2422,even,odd,mc_gagg_eo,mc_gagg_eo,GAGG,GAGG,True,3,3,4,283
1143,7,7,4,8,8,-2.1,-2.1,1.0,2167,odd,odd,mc_gagg_oo,mc_gagg_oo,GAGG,GAGG,True,3,3,4,283
1144,8,7,4,9,9,2.1,-2.1,3.0,2424,even,odd,mc_gagg_eo,mc_gagg_eo,GAGG,GAGG,True,4,3,4,284
1145,9,7,4,8,8,6.3,-2.1,1.0,2169,odd,odd,mc_gagg_oo,mc_gagg_oo,GAGG,GAGG,True,4,3,4,284
1146,10,7,4,9,9,10.5,-2.1,3.0,2426,even,odd,mc_gagg_eo,mc_gagg_eo,GAGG,GAGG,True,5,3,4,285
1147,11,7,4,8,8,14.7,-2.1,1.0,2171,odd,odd,mc_gagg_oo,mc_gagg_oo,GAGG,GAGG,True,5,3,4,285
1148,12,7,4,9,9,18.9,-2.1,3.0,2428,even,odd,mc_gagg_eo,mc_gagg_eo,GAGG,GAGG,True,6,3,4,286
1149,13,7,4,8,8,23.1,-2.1,1.0,2173,odd,odd,mc_gagg_oo,mc_gagg_oo,GAGG,GAGG,True,6,3,4,286
1150,14,7,4,9,9,27.3,-2.1,3.0,2430,even,odd,mc_gagg_eo,mc_gagg_eo,GAGG,GAGG,True,7,3,4,287
1151,15,7,4,8,8,31.5,-2.1,1.0,2175,odd,odd,mc_gagg_oo,mc_gagg_oo,GAGG,GAGG,True,7,3,4,287
1152,0,8,4,8,8,-31.5,2.1,1.0,2176,even,even,mc_gagg_ee,mc_gagg_ee,GAGG,GAGG,True,0,4,4,288
1153,1,8,4,9,9,-27.3,2.1,3.0,2433,odd,even,mc_gagg_oe,mc_gagg_oe,GAGG,GAGG,True,0,4,4,288
1154,2,8,4,8,8,-23.1,2.1,1.0,2178,even,even,mc_gagg_ee,mc_gagg_ee,GAGG,GAGG,True,1,4,4,289
1155,3,8,4,9,9,-18.9,2.1,3.0,2435,odd,even,mc_gagg_oe,mc_gagg_oe,GAGG,GAGG,True,1,4,4,289
1156,4,8,4,8,8,-14.7,2.1,1.0,2180,even,even,mc_gagg_ee,mc_gagg_ee,GAGG,GAGG,True,2,4,4,290
1157,5,8,4,9,9,-10.5,2.1,3.0,2437,odd,even,mc_gagg_oe,mc_gagg_oe,GAGG,GAGG,True,2,4,4,290
1158,6,8,4,8,8,-6.3,2.1,1.0,2182,even,even,mc_gagg_ee,mc_gagg_ee,GAGG,GAGG,True,3,4,4,291
1159,7,8,4,9,9,-2.1,2.1,3.0,2439,odd,even,mc_gagg_oe,mc_gagg_oe,GAGG,GAGG,True,3,4,4,291
1160,8,8,4,8,8,2.1,2.1,1.0,2184,even,even,mc_gagg_ee,mc_gagg_ee,GAGG,GAGG,True,4,4,4,292
1161,9,8,4,9,9,6.3,2.1,3.0,2441,odd,even,mc_gagg_oe,mc_gagg_oe,GAGG,GAGG,True,4,4,4,292
1162,10,8,4,8,8,10.5,2.1,1.0,2186,even,even,mc_gagg_ee,mc_gagg_ee,GAGG,GAGG,True,5,4,4,293
1163,11,8,4,9,9,14.7,2.1,3.0,2443,odd,even,mc_gagg_oe,mc_gagg_oe,GAGG,GAGG,True,5,4,4,293
1164,12,8,4,8,8,18.9,2.1,1.0,2188,even,even,mc_gagg_ee,mc_gagg_ee,GAGG,GAGG,True,6,4,4,294
1165,13,8,4,9,9,23.1,2.1,3.0,2445,odd,even,mc_gagg_oe,mc_gagg_oe,GAGG,GAGG,True,6,4,4,294
1166,14,8,4,8,8,27.3,2.1,1.0,2190,even,even,mc_gagg_ee,mc_gagg_ee,GAGG,GAGG,True,7,4,4,295
1167,15,8,4,9,9,31.5,2.1,3.0,2447,odd,even,mc_gagg_oe,mc_gagg_oe,GAGG,GAGG,True,7,4,4,295
1168,0,9,4,9,9,-31.5,6.3,3.0,2448,even,odd,mc_gagg_eo,mc_gagg_eo,GAGG,GAGG,True,0,4,4,288
1169,1,9,4,8,8,-27.3,6.3,1.0,2193,odd,odd,mc_gagg_oo,mc_gagg_oo,GAGG,GAGG,True,0,4,4,288
1170,2,9,4,9,9,-23.1,6.3,3.0,2450,even,odd,mc_gagg_eo,mc_gagg_eo,GAGG,GAGG,True,1,4,4,289
1171,3,9,4,8,8,-18.9,6.3,1.0,2195,odd,odd,mc_gagg_oo,mc_gagg_oo,GAGG,GAGG,True,1,4,4,289
1172,4,9,4,9,9,-14.7,6.3,3.0,2452,even,odd,mc_gagg_eo,mc_gagg_eo,GAGG,GAGG,True,2,4,4,290
1173,5,9,4,8,8,-10.5,6.3,1.0,2197,odd,odd,mc_gagg_oo,mc_gagg_oo,GAGG,GAGG,True,2,4,4,290
1174,6,9,4,9,9,-6.3,6.3,3.0,2454,even,odd,mc_gagg_eo,mc_gagg_eo,GAGG,GAGG,True,3,4,4,291
1175,7,9,4,8,8,-2.1,6.3,1.0,2199,odd,odd,mc_gagg_oo,mc_gagg_oo,GAGG,GAGG,True,3,4,4,291
1176,8,9,4,9,9,2.1,6.3,3.0,2456,even,odd,mc_gagg_eo,mc_gagg_eo,GAGG,GAGG,True,4,4,4,292
1177,9,9,4,8,8,6.3,6.3,1.0,2201,odd,odd,mc_gagg_oo,mc_gagg_oo,GAGG,GAGG,True,4,4,4,292
1178,10,9,4,9,9,10.5,6.3,3.0,2458,even,odd,mc_gagg_eo,mc_gagg_eo,GAGG,GAGG,True,5,4,4,293
1179,11,9,4,8,8,14.7,6.3,1.0,2203,odd,odd,mc_gagg_oo,mc_gagg_oo,GAGG,GAGG,True,5,4,4,293
1180,12,9,4,9,9,18.9,6.3,3.0,2460,even,odd,mc_gagg_eo,mc_gagg_eo,GAGG,GAGG,True,6,4,4,294
1181,13,9,4,8,8,23.1,6.3,1.0,2205,odd,odd,mc_gagg_oo,mc_gagg_oo,GAGG,GAGG,True,6,4,4,294
1182,14,9,4,9,9,27.3,6.3,3.0,2462,even,odd,mc_gagg_eo,mc_gagg_eo,GAGG,GAGG,True,7,4,4,295
1183,15,9,4,8,8,31.5,6.3,1.0,2207,odd,odd,mc_gagg_oo,mc_gagg_oo,GAGG,GAGG,True,7,4,4,295
1184,0,10,4,8,8,-31.5,10.5,1.0,2208,even,even,mc_gagg_ee,mc_gagg_ee,GAGG,GAGG,True,0,5,4,296
1185,1,10,4,9,9,-27.3,10.5,3.0,2465,odd,even,mc_gagg_oe,mc_gagg_oe,GAGG,GAGG,True,0,5,4,296
1186,2,10,4,8,8,-23.1,10.5,1.0,2210,even,even,mc_gagg_ee,mc_gagg_ee,GAGG,GAGG,True,1,5,4,297
1187,3,10,4,9,9,-18.9,10.5,3.0,2467,odd,even,mc_gagg_oe,mc_gagg_oe,GAGG,GAGG,True,1,5,4,297
1188,4,10,4,8,8,-14.7,10.5,1.0,2212,even,even,mc_gagg_ee,mc_gagg_ee,GAGG,GAGG,True,2,5,4,298
1189,5,10,4,9,9,-10.5,10.5,3.0,2469,odd,even,mc_gagg_oe,mc_gagg_oe,GAGG,GAGG,True,2,5,4,298
1190,6,10,4,8,8,-6.3,10.5,1.0,2214,even,even,mc_gagg_ee,mc_gagg_ee,GAGG,GAGG,True,3,5,4,299
1191,7,10,4,9,9,-2.1,10.5,3.0,2471,odd,even,mc_gagg_oe,mc_gagg_oe,GAGG,GAGG,True,3,5,4,299
1192,8,10,4,8,8,2.1,10.5,1.0,2216,even,even,mc_gagg_ee,mc_gagg_ee,GAGG,GAGG,True,4,5,4,300
1193,9,10,4,9,9,6.3,10.5,3.0,2473,odd,even,mc_gagg_oe,mc_gagg_oe,GAGG,GAGG,True,4,5,4,300
1194,10,10,4,8,8,10.5,10.5,1.0,2218,even,even,mc_gagg_ee,mc_gagg_ee,GAGG,GAGG,True,5,5,4,301
1195,11,10,4,9,9,14.7,10.5,3.0,2475,odd,even,mc_gagg_oe,mc_gagg_oe,GAGG,GAGG,True,5,5,4,301
1196,12,10,4,8,8,18.9,10.5,1.0,2220,even,even,mc_gagg_ee,mc_gagg_ee,GAGG,GAGG,True,6,5,4,302
1197,13,10,4,9,9,23.1,10.5,3.0,2477,odd,even,mc_gagg_oe,mc_gagg_oe,GAGG,GAGG,True,6,5,4,302
1198,14,10,4,8,8,27.3,10.5,1.0,2222,even,even,mc_gagg_ee,mc_gagg_ee,GAGG,GAGG,True,7,5,4,303
1199,15,10,4,9,9,31.5,10.5,3.0,2479,odd,even,mc_gagg_oe,mc_gagg_oe,GAGG,GAGG,True,7,5,4,303
1200,0,11,4,9,9,-31.5,14.7,3.0,2480,even,odd,mc_gagg_eo,mc_gagg_eo,GAGG,GAGG,True,0,5,4,296
1201,1,11,4,8,8,-27.3,14.7,1.0,2225,odd,odd,mc_gagg_oo,mc_gagg_oo,GAGG,GAGG,True,0,5,4,296
1202,2,11,4,9,9,-23.1,14.7,3.0,2482,even,odd,mc_gagg_eo,mc_gagg_eo,GAGG,GAGG,True,1,5,4,297
1203,3,11,4,8,8,-18.9,14.7,1.0,2227,odd,odd,mc_gagg_oo,mc_gagg_oo,GAGG,GAGG,True,1,5,4,297
1204,4,11,4,9,9,-14.7,14.7,3.0,2484,even,odd,mc_gagg_eo,mc_gagg_eo,GAGG,GAGG,True,2,5,4,298
1205,5,11,4,8,8,-10.5,14.7,1.0,2229,odd,odd,mc_gagg_oo,mc_gagg_oo,GAGG,GAGG,True,2,5,4,298
1206,6,11,4,9,9,-6.3,14.7,3.0,2486,even,odd,mc_gagg_eo,mc_gagg_eo,GAGG,GAGG,True,3,5,4,299
1207,7,11,4,8,8,-2.1,14.7,1.0,2231,odd,odd,mc_gagg_oo,mc_gagg_oo,GAGG,GAGG,True,3,5,4,299
1208,8,11,4,9,9,2.1,14.7,3.0,2488,even,odd,mc_gagg_eo,mc_gagg_eo,GAGG,GAGG,True,4,5,4,300
1209,9,11,4,8,8,6.3,14.7,1.0,2233,odd,odd,mc_gagg_oo,mc_gagg_oo,GAGG,GAGG,True,4,5,4,300
1210,10,11,4,9,9,10.5,14.7,3.0,2490,even,odd,mc_gagg_eo,mc_gagg_eo,GAGG,GAGG,True,5,5,4,301
1211,11,11,4,8,8,14.7,14.7,1.0,2235,odd,odd,mc_gagg_oo,mc_gagg_oo,GAGG,GAGG,True,5,5,4,301
1212,12,11,4,9,9,18.9,14.7,3.0,2492,even,odd,mc_gagg_eo,mc_gagg_eo,GAGG,GAGG,True,6,5,4,302
1213,13,11,4,8,8,23.1,14.7,1.0,2237,odd,odd,mc_gagg_oo,mc_gagg_oo,GAGG,GAGG,True,6,5,4,302
1214,14,11,4,9,9,27.3,14.7,3.0,2494,even,odd,mc_gagg_eo,mc_gagg_eo,GAGG,GAGG,True,7,5,4,303
1215,15,11,4,8,8,31.5,14.7,1.0,2239,odd,odd,mc_gagg_oo,mc_gagg_oo,GAGG,GAGG,True,7,5,4,303
1216,0,12,4,8,8,-31.5,18.9,1.0,2240,even,even,mc_gagg_ee,mc_gagg_ee,GAGG,GAGG,True,0,6,4,304
1217,1,12,4,9,9,-27.3,18.9,3.0,2497,odd,even,mc_gagg_oe,mc_gagg_oe,GAGG,GAGG,True,0,6,4,304
1218,2,12,4,8,8,-23.1,18.9,1.0,2242,even,even,mc_gagg_ee,mc_gagg_ee,GAGG,GAGG,True,1,6,4,305
1219,3,12,4,9,9,-18.9,18.9,3.0,2499,odd,even,mc_gagg_oe,mc_gagg_oe,GAGG,GAGG,True,1,6,4,305
1220,4,12,4,8,8,-14.7,18.9,1.0,2244,even,even,mc_gagg_ee,mc_gagg_ee,GAGG,GAGG,True,2,6,4,306
1221,5,12,4,9,9,-10.5,18.9,3.0,2501,odd,even,mc_gagg_oe,mc_gagg_oe,GAGG,GAGG,True,2,6,4,306
1222,6,12,4,8,8,-6.3,18.9,1.0,2246,even,even,mc_gagg_ee,mc_gagg_ee,GAGG,GAGG,True,3,6,4,307
1223,7,12,4,9,9,-2.1,18.9,3.0,2503,odd,even,mc_gagg_oe,mc_gagg_oe,GAGG,GAGG,True,3,6,4,307
1224,8,12,4,8,8,2.1,18.9,1.0,2248,even,even,mc_gagg_ee,mc_gagg_ee,GAGG,GAGG,True,4,6,4,308
1225,9,12,4,9,9,6.3,18.9,3.0,2505,odd,even,mc_gagg_oe,mc_gagg_oe,GAGG,GAGG,True,4,6,4,308
1226,10,12,4,8,8,10.5,18.9,1.0,2250,even,even,mc_gagg_ee,mc_gagg_ee,GAGG,GAGG,True,5,6,4,309
1227,11,12,4,9,9,14.7,18.9,3.0,2507,odd,even,mc_gagg_oe,mc_gagg_oe,GAGG,GAGG,True,5,6,4,309
1228,12,12,4,8,8,18.9,18.9,1.0,2252,even,even,mc_gagg_ee,mc_gagg_ee,GAGG,GAGG,True,6,6,4,310
1229,13,12,4,9,9,23.1,18.9,3.0,2509,odd,even,mc_gagg_oe,mc_gagg_oe,GAGG,GAGG,True,6,6,4,310
1230,14,12,4,8,8,27.3,18.9,1.0,2254,even,even,mc_gagg_ee,mc_gagg_ee,GAGG,GAGG,True,7,6,4,311
1231,15,12,4,9,9,31.5,18.9,3.0,2511,odd,even,mc_gagg_oe,mc_gagg_oe,GAGG,GAGG,True,7,6,4,311
1232,0,13,4,9,9,-31.5,23.1,3.0,2512,even,odd,mc_gagg_eo,mc_gagg_eo,GAGG,GAGG,True,0,6,4,304
1233,1,13,4,8,8,-27.3,23.1,1.0,2257,odd,odd,mc_gagg_oo,mc_gagg_oo,GAGG,GAGG,True,0,6,4,304
1234,2,13,4,9,9,-23.1,23.1,3.0,2514,even,odd,mc_gagg_eo,mc_gagg_eo,GAGG,GAGG,True,1,6,4,305
1235,3,13,4,8,8,-18.9,23.1,1.0,2259,odd,odd,mc_gagg_oo,mc_gagg_oo,GAGG,GAGG,True,1,6,4,305
1236,4,13,4,9,9,-14.7,23.1,3.0,2516,even,odd,mc_gagg_eo,mc_gagg_eo,GAGG,GAGG,True,2,6,4,306
1237,5,13,4,8,8,-10.5,23.1,1.0,2261,odd,odd,mc_gagg_oo,mc_gagg_oo,GAGG,GAGG,True,2,6,4,306
1238,6,13,4,9,9,-6.3,23.1,3.0,2518,even,odd,mc_gagg_eo,mc_gagg_eo,GAGG,GAGG,True,3,6,4,307
1239,7,13,4,8,8,-2.1,23.1,1.0,2263,odd,odd,mc_gagg_oo,mc_gagg_oo,GAGG,GAGG,True,3,6,4,307
1240,8,13,4,9,9,2.1,23.1,3.0,2520,even,odd,mc_gagg_eo,mc_gagg_eo,GAGG,GAGG,True,4,6,4,308
1241,9,13,4,8,8,6.3,23.1,1.0,2265,odd,odd,mc_gagg_oo,mc_gagg_oo,GAGG,GAGG,True,4,6,4,308
1242,10,13,4,9,9,10.5,23.1,3.0,2522,even,odd,mc_gagg_eo,mc_gagg_eo,GAGG,GAGG,True,5,6,4,309
1243,11,13,4,8,8,14.7,23.1,1.0,2267,odd,odd,mc_gagg_oo,mc_gagg_oo,GAGG,GAGG,True,5,6,4,309
1244,12,13,4,9,9,18.9,23.1,3.0,2524,even,odd,mc_gagg_eo,mc_gagg_eo,GAGG,GAGG,True,6,6,4,310
1245,13,13,4,8,8,23.1,23.1,1.0,2269,odd,odd,mc_gagg_oo,mc_gagg_oo,GAGG,GAGG,True,6,6,4,310
1246,14,13,4,9,9,27.3,23.1,3.0,2526,even,odd,mc_gagg_eo,mc_gagg_eo,GAGG,GAGG,True,7,6,4,311
1247,15,13,4,8,8,31.5,23.1,1.0,2271,odd,odd,mc_gagg_oo,mc_gagg_oo,GAGG,GAGG,True,7,6,4,311
1248,0,14,4,8,8,-31.5,27.3,1.0,2272,even,even,mc_gagg_ee,mc_gagg_ee,GAGG,GAGG,True,0,7,4,312
1249,1,14,4,9,9,-27.3,27.3,3.0,2529,odd,even,mc_gagg_oe,mc_gagg_oe,GAGG,GAGG,True,0,7,4,312
1250,2,14,4,8,8,-23.1,27.3,1.0,2274,even,even,mc_gagg_ee,mc_gagg_ee,GAGG,GAGG,True,1,7,4,313
1251,3,14,4,9,9,-18.9,27.3,3.0,2531,odd,even,mc_gagg_oe,mc_gagg_oe,GAGG,GAGG,True,1,7,4,313
1252,4,14,4,8,8,-14.7,27.3,1.0,2276,even,even,mc_gagg_ee,mc_gagg_ee,GAGG,GAGG,True,2,7,4,314
1253,5,14,4,9,9,-10.5,27.3,3.0,2533,odd,even,mc_gagg_oe,mc_gagg_oe,GAGG,GAGG,True,2,7,4,314
1254,6,14,4,8,8,-6.3,27.3,1.0,2278,even,even,mc_gagg_ee,mc_gagg_ee,GAGG,GAGG,True,3,7,4,315
1255,7,14,4,9,9,-2.1,27.3,3.0,2535,odd,even,mc_gagg_oe,mc_gagg_oe,GAGG,GAGG,True,3,7,4,315
1256,8,14,4,8,8,2.1,27.3,1.0,2280,even,even,mc_gagg_ee,mc_gagg_ee,GAGG,GAGG,True,4,7,4,316
1257,9,14,4,9,9,6.3,27.3,3.0,2537,odd,even,mc_gagg_oe,mc_gagg_oe,GAGG,GAGG,True,4,7,4,316
1258,10,14,4,8,8,10.5,27.3,1.0,2282,even,even,mc_gagg_ee,mc_gagg_ee,GAGG,GAGG,True,5,7,4,317
1259,11,14,4,9,9,14.7,27.3,3.0,2539,odd,even,mc_gagg_oe,mc_gagg_oe,GAGG,GAGG,True,5,7,4,317
1260,12,14,4,8,8,18.9,27.3,1.0,2284,even,even,mc_gagg_ee,mc_gagg_ee,GAGG,GAGG,True,6,7,4,318
1261,13,14,4,9,9,23.1,27.3,3.0,2541,odd,even,mc_gagg_oe,mc_gagg_oe,GAGG,GAGG,True,6,7,4,318
1262,14,14,4,8,8,27.3,27.3,1.0,2286,even,even,mc_gagg_ee,mc_gagg_ee,GAGG,GAGG,True,7,7,4,319
1263,15,14,4,9,9,31.5,27.3,3.0,2543,odd,even,mc_gagg_oe,mc_gagg_oe,GAGG,GAGG,True,7,7,4,319
1264,0,15,4,9,9,-31.5,31.5,3.0,2544,even,odd,mc_gagg_eo,mc_gagg_eo,GAGG,GAGG,True,0,7,4,312
1265,1,15,4,8,8,-27.3,31.5,1.0,2289,odd,odd,mc_gagg_oo,mc_gagg_oo,GAGG,GAGG,True,0,7,4,312
1266,2,15,4,9,9,-23.1,31.5,3.0,2546,even,odd,mc_gagg_eo,mc_gagg_eo,GAGG,GAGG,True,1,7,4,313
1267,3,15,4,8,8,-18.9,31.5,1.0,2291,odd,odd,mc_gagg_oo,mc_gagg_oo,GAGG,GAGG,True,1,7,4,313
1268,4,15,4,9,9,-14.7,31.5,3.0,2548,even,odd,mc_gagg_eo,mc_gagg_eo,GAGG,GAGG,True,2,7,4,314
1269,5,15,4,8,8,-10.5,31.5,1.0,2293,odd,odd,mc_gagg_oo,mc_gagg_oo,GAGG,GAGG,True,2,7,4,314
1270,6,15,4,9,9,-6.3,31.5,3.0,2550,even,odd,mc_gagg_eo,mc_gagg_eo,GAGG,GAGG,True,3,7,4,315
1271,7,15,4,8,8,-2.1,31.5,1.0,2295,odd,odd,mc_gagg_oo,mc_gagg_oo,GAGG,GAGG,True,3,7,4,315
1272,8,15,4,9,9,2.1,31.5,3.0,2552,even,odd,mc_gagg_eo,mc_gagg_eo,GAGG,GAGG,True,4,7,4,316
1273,9,15,4,8,8,6.3,31.5,1.0,2297,odd,odd,mc_gagg_oo,mc_gagg_oo,GAGG,GAGG,True,4,7,4,316
1274,10,15,4,9,9,10.5,31.5,3.0,2554,even,odd,mc_gagg_eo,mc_gagg_eo,GAGG,GAGG,True,5,7,4,317
1275,11,15,4,8,8,14.7,31.5,1.0,2299,odd,odd,mc_gagg_oo,mc_gagg_oo,GAGG,GAGG,True,5,7,4,317
1276,12,15,4,9,9,18.9,31.5,3.0,2556,even,odd,mc_gagg_eo,mc_gagg_eo,GAGG,GAGG,True,6,7,4,318
1277,13,15,4,8,8,23.1,31.5,1.0,2301,odd,odd,mc_gagg_oo,mc_gagg_oo,GAGG,GAGG,True,6,7,4,318
1278,14,15,4,9,9,27.3,31.5,3.0,2558,even,odd,mc_gagg_eo,mc_gagg_eo,GAGG,GAGG,True,7,7,4,319
1279,15,15,4,8,8,31.5,31.5,1.0,2303,odd,odd,mc_gagg_oo,mc_gagg_oo,GAGG,GAGG,True,7,7,4,319
1280,0,0,5,10,10,-31.5,-31.5,5.0,2560,even,even,mc_gagg_ee,mc_gagg_ee,GAGG,GAGG,True,0,0,5,320
1281,1,0,5,11,11,-27.3,-31.5,7.0,2817,odd,even,mc_gagg_oe,mc_gagg_oe,GAGG,GAGG,True,0,0,5,320
1282,2,0,5,10,10,-23.1,-31.5,5.0,2562,even,even,mc_gagg_ee,mc_gagg_ee,GAGG,GAGG,True,1,0,5,321
1283,3,0,5,11,11,-18.9,-31.5,7.0,2819,odd,even,mc_gagg_oe,mc_gagg_oe,GAGG,GAGG,True,1,0,5,321
1284,4,0,5,10,10,-14.7,-31.5,5.0,2564,even,even,mc_gagg_ee,mc_gagg_ee,GAGG,GAGG,True,2,0,5,322
1285,5,0,5,11,11,-10.5,-31.5,7.0,2821,odd,even,mc_gagg_oe,mc_gagg_oe,GAGG,GAGG,True,2,0,5,322
1286,6,0,5,10,10,-6.3,-31.5,5.0,2566,even,even,mc_gagg_ee,mc_gagg_ee,GAGG,GAGG,True,3,0,5,323
1287,7,0,5,11,11,-2.1,-31.5,7.0,2823,odd,even,mc_gagg_oe,mc_gagg_oe,GAGG,GAGG,True,3,0,5,323
1288,8,0,5,10,10,2.1,-31.5,5.0,2568,even,even,mc_gagg_ee,mc_gagg_ee,GAGG,GAGG,True,4,0,5,324
1289,9,0,5,11,11,6.3,-31.5,7.0,2825,odd,even,mc_gagg_oe,mc_gagg_oe,GAGG,GAGG,True,4,0,5,324
1290,10,0,5,10,10,10.5,-31.5,5.0,2570,even,even,mc_gagg_ee,mc_gagg_ee,GAGG,GAGG,True,5,0,5,325
1291,11,0,5,11,11,14.7,-31.5,7.0,2827,odd,even,mc_gagg_oe,mc_gagg_oe,GAGG,GAGG,True,5,0,5,325
1292,12,0,5,10,10,18.9,-31.5,5.0,2572,even,even,mc_gagg_ee,mc_gagg_ee,GAGG,GAGG,True,6,0,5,326
1293,13,0,5,11,11,23.1,-31.5,7.0,2829,odd,even,mc_gagg_oe,mc_gagg_oe,GAGG,GAGG,True,6,0,5,326
1294,14,0,5,10,10,27.3,-31.5,5.0,2574,even,even,mc_gagg_ee,mc_gagg_ee,GAGG,GAGG,True,7,0,5,327
1295,15,0,5,11,11,31.5,-31.5,7.0,2831,odd,even,mc_gagg_oe,mc_gagg_oe,GAGG,GAGG,True,7,0,5,327
1296,0,1,5,11,11,-31.5,-27.3,7.0,2832,even,odd,mc_gagg_eo,mc_gagg_eo,GAGG,GAGG,True,0,0,5,320
1297,1,1,5,10,10,-27.3,-27.3,5.0,2577,odd,odd,mc_gagg_oo,mc_gagg_oo,GAGG,GAGG,True,0,0,5,320
1298,2,1,5,11,11,-23.1,-27.3,7.0,2834,even,odd,mc_gagg_eo,mc_gagg_eo,GAGG,GAGG,True,1,0,5,321
1299,3,1,5,10,10,-18.9,-27.3,5.0,2579,odd,odd,mc_gagg_oo,mc_gagg_oo,GAGG,GAGG,True,1,0,5,321
1300,4,1,5,11,11,-14.7,-27.3,7.0,2836,even,odd,mc_gagg_eo,mc_gagg_eo,GAGG,GAGG,True,2,0,5,322
1301,5,1,5,10,10,-10.5,-27.3,5.0,2581,odd,odd,mc_gagg_oo,mc_gagg_oo,GAGG,GAGG,True,2,0,5,322
1302,6,1,5,11,11,-6.3,-27.3,7.0,2838,even,odd,mc_gagg_eo,mc_gagg_eo,GAGG,GAGG,True,3,0,5,323
1303,7,1,5,10,10,-2.1,-27.3,5.0,2583,odd,odd,mc_gagg_oo,mc_gagg_oo,GAGG,GAGG,True,3,0,5,323
1304,8,1,5,11,11,2.1,-27.3,7.0,2840,even,odd,mc_gagg_eo,mc_gagg_eo,GAGG,GAGG,True,4,0,5,324
1305,9,1,5,10,10,6.3,-27.3,5.0,2585,odd,odd,mc_gagg_oo,mc_gagg_oo,GAGG,GAGG,True,4,0,5,324
1306,10,1,5,11,11,10.5,-27.3,7.0,2842,even,odd,mc_gagg_eo,mc_gagg_eo,GAGG,GAGG,True,5,0,5,325
1307,11,1,5,10,10,14.7,-27.3,5.0,2587,odd,odd,mc_gagg_oo,mc_gagg_oo,GAGG,GAGG,True,5,0,5,325
1308,12,1,5,11,11,18.9,-27.3,7.0,2844,even,odd,mc_gagg_eo,mc_gagg_eo,GAGG,GAGG,True,6,0,5,326
1309,13,1,5,10,10,23.1,-27.3,5.0,2589,odd,odd,mc_gagg_oo,mc_gagg_oo,GAGG,GAGG,True,6,0,5,326
1310,14,1,5,11,11,27.3,-27.3,7.0,2846,even,odd,mc_gagg_eo,mc_gagg_eo,GAGG,GAGG,True,7,0,5,327
1311,15,1,5,10,10,31.5,-27.3,5.0,2591,odd,odd,mc_gagg_oo,mc_gagg_oo,GAGG,GAGG,True,7,0,5,327
1312,0,2,5,10,10,-31.5,-23.1,5.0,2592,even,even,mc_gagg_ee,mc_gagg_ee,GAGG,GAGG,True,0,1,5,328
1313,1,2,5,11,11,-27.3,-23.1,7.0,2849,odd,even,mc_gagg_oe,mc_gagg_oe,GAGG,GAGG,True,0,1,5,328
1314,2,2,5,10,10,-23.1,-23.1,5.0,2594,even,even,mc_gagg_ee,mc_gagg_ee,GAGG,GAGG,True,1,1,5,329
1315,3,2,5,11,11,-18.9,-23.1,7.0,2851,odd,even,mc_gagg_oe,mc_gagg_oe,GAGG,GAGG,True,1,1,5,329
1316,4,2,5,10,10,-14.7,-23.1,5.0,2596,even,even,mc_gagg_ee,mc_gagg_ee,GAGG,GAGG,True,2,1,5,330
1317,5,2,5,11,11,-10.5,-23.1,7.0,2853,odd,even,mc_gagg_oe,mc_gagg_oe,GAGG,GAGG,True,2,1,5,330
1318,6,2,5,10,10,-6.3,-23.1,5.0,2598,even,even,mc_gagg_ee,mc_gagg_ee,GAGG,GAGG,True,3,1,5,331
1319,7,2,5,11,11,-2.1,-23.1,7.0,2855,odd,even,mc_gagg_oe,mc_gagg_oe,GAGG,GAGG,True,3,1,5,331
1320,8,2,5,10,10,2.1,-23.1,5.0,2600,even,even,mc_gagg_ee,mc_gagg_ee,GAGG,GAGG,True,4,1,5,332
1321,9,2,5,11,11,6.3,-23.1,7.0,2857,odd,even,mc_gagg_oe,mc_gagg_oe,GAGG,GAGG,True,4,1,5,332
1322,10,2,5,10,10,10.5,-23.1,5.0,2602,even,even,mc_gagg_ee,mc_gagg_ee,GAGG,GAGG,True,5,1,5,333
1323,11,2,5,11,11,14.7,-23.1,7.0,2859,odd,even,mc_gagg_oe,mc_gagg_oe,GAGG,GAGG,True,5,1,5,333
1324,12,2,5,10,10,18.9,-23.1,5.0,2604,even,even,mc_gagg_ee,mc_gagg_ee,GAGG,GAGG,True,6,1,5,334
1325,13,2,5,11,11,23.1,-23.1,7.0,2861,odd,even,mc_gagg_oe,mc_gagg_oe,GAGG,GAGG,True,6,1,5,334
1326,14,2,5,10,10,27.3,-23.1,5.0,2606,even,even,mc_gagg_ee,mc_gagg_ee,GAGG,GAGG,True,7,1,5,335
1327,15,2,5,11,11,31.5,-23.1,7.0,2863,odd,even,mc_gagg_oe,mc_gagg_oe,GAGG,GAGG,True,7,1,5,335
1328,0,3,5,11,11,-31.5,-18.9,7.0,2864,even,odd,mc_gagg_eo,mc_gagg_eo,GAGG,GAGG,True,0,1,5,328
1329,1,3,5,10,10,-27.3,-18.9,5.0,2609,odd,odd,mc_gagg_oo,mc_gagg_oo,GAGG,GAGG,True,0,1,5,328
1330,2,3,5,11,11,-23.1,-18.9,7.0,2866,even,odd,mc_gagg_eo,mc_gagg_eo,GAGG,GAGG,True,1,1,5,329
1331,3,3,5,10,10,-18.9,-18.9,5.0,2611,odd,odd,mc_gagg_oo,mc_gagg_oo,GAGG,GAGG,True,1,1,5,329
1332,4,3,5,11,11,-14.7,-18.9,7.0,2868,even,odd,mc_gagg_eo,mc_gagg_eo,GAGG,GAGG,True,2,1,5,330
1333,5,3,5,10,10,-10.5,-18.9,5.0,2613,odd,odd,mc_gagg_oo,mc_gagg_oo,GAGG,GAGG,True,2,1,5,330
1334,6,3,5,11,11,-6.3,-18.9,7.0,2870,even,odd,mc_gagg_eo,mc_gagg_eo,GAGG,GAGG,True,3,1,5,331
1335,7,3,5,10,10,-2.1,-18.9,5.0,2615,odd,odd,mc_gagg_oo,mc_gagg_oo,GAGG,GAGG,True,3,1,5,331
1336,8,3,5,11,11,2.1,-18.9,7.0,2872,even,odd,mc_gagg_eo,mc_gagg_eo,GAGG,GAGG,True,4,1,5,332
1337,9,3,5,10,10,6.3,-18.9,5.0,2617,odd,odd,mc_gagg_oo,mc_gagg_oo,GAGG,GAGG,True,4,1,5,332
1338,10,3,5,11,11,10.5,-18.9,7.0,2874,even,odd,mc_gagg_eo,mc_gagg_eo,GAGG,GAGG,True,5,1,5,333
1339,11,3,5,10,10,14.7,-18.9,5.0,2619,odd,odd,mc_gagg_oo,mc_gagg_oo,GAGG,GAGG,True,5,1,5,333
1340,12,3,5,11,11,18.9,-18.9,7.0,2876,even,odd,mc_gagg_eo,mc_gagg_eo,GAGG,GAGG,True,6,1,5,334
1341,13,3,5,10,10,23.1,-18.9,5.0,2621,odd,odd,mc_gagg_oo,mc_gagg_oo,GAGG,GAGG,True,6,1,5,334
1342,14,3,5,11,11,27.3,-18.9,7.0,2878,even,odd,mc_gagg_eo,mc_gagg_eo,GAGG,GAGG,True,7,1,5,335
1343,15,3,5,10,10,31.5,-18.9,5.0,2623,odd,odd,mc_gagg_oo,mc_gagg_oo,GAGG,GAGG,True,7,1,5,335
1344,0,4,5,10,10,-31.5,-14.7,5.0,2624,even,even,mc_gagg_ee,mc_gagg_ee,GAGG,GAGG,True,0,2,5,336
1345,1,4,5,11,11,-27.3,-14.7,7.0,2881,odd,even,mc_gagg_oe,mc_gagg_oe,GAGG,GAGG,True,0,2,5,336
1346,2,4,5,10,10,-23.1,-14.7,5.0,2626,even,even,mc_gagg_ee,mc_gagg_ee,GAGG,GAGG,True,1,2,5,337
1347,3,4,5,11,11,-18.9,-14.7,7.0,2883,odd,even,mc_gagg_oe,mc_gagg_oe,GAGG,GAGG,True,1,2,5,337
1348,4,4,5,10,10,-14.7,-14.7,5.0,2628,even,even,mc_gagg_ee,mc_gagg_ee,GAGG,GAGG,True,2,2,5,338
1349,5,4,5,11,11,-10.5,-14.7,7.0,2885,odd,even,mc_gagg_oe,mc_gagg_oe,GAGG,GAGG,True,2,2,5,338
1350,6,4,5,10,10,-6.3,-14.7,5.0,2630,even,even,mc_gagg_ee,mc_gagg_ee,GAGG,GAGG,True,3,2,5,339
1351,7,4,5,11,11,-2.1,-14.7,7.0,2887,odd,even,mc_gagg_oe,mc_gagg_oe,GAGG,GAGG,True,3,2,5,339
1352,8,4,5,10,10,2.1,-14.7,5.0,2632,even,even,mc_gagg_ee,mc_gagg_ee,GAGG,GAGG,True,4,2,5,340
1353,9,4,5,11,11,6.3,-14.7,7.0,2889,odd,even,mc_gagg_oe,mc_gagg_oe,GAGG,GAGG,True,4,2,5,340
1354,10,4,5,10,10,10.5,-14.7,5.0,2634,even,even,mc_gagg_ee,mc_gagg_ee,GAGG,GAGG,True,5,2,5,341
1355,11,4,5,11,11,14.7,-14.7,7.0,2891,odd,even,mc_gagg_oe,mc_gagg_oe,GAGG,GAGG,True,5,2,5,341
1356,12,4,5,10,10,18.9,-14.7,5.0,2636,even,even,mc_gagg_ee,mc_gagg_ee,GAGG,GAGG,True,6,2,5,342
1357,13,4,5,11,11,23.1,-14.7,7.0,2893,odd,even,mc_gagg_oe,mc_gagg_oe,GAGG,GAGG,True,6,2,5,342
1358,14,4,5,10,10,27.3,-14.7,5.0,2638,even,even,mc_gagg_ee,mc_gagg_ee,GAGG,GAGG,True,7,2,5,343
1359,15,4,5,11,11,31.5,-14.7,7.0,2895,odd,even,mc_gagg_oe,mc_gagg_oe,GAGG,GAGG,True,7,2,5,343
1360,0,5,5,11,11,-31.5,-10.5,7.0,2896,even,odd,mc_gagg_eo,mc_gagg_eo,GAGG,GAGG,True,0,2,5,336
1361,1,5,5,10,10,-27.3,-10.5,5.0,2641,odd,odd,mc_gagg_oo,mc_gagg_oo,GAGG,GAGG,True,0,2,5,336
1362,2,5,5,11,11,-23.1,-10.5,7.0,2898,even,odd,mc_gagg_eo,mc_gagg_eo,GAGG,GAGG,True,1,2,5,337
1363,3,5,5,10,10,-18.9,-10.5,5.0,2643,odd,odd,mc_gagg_oo,mc_gagg_oo,GAGG,GAGG,True,1,2,5,337
1364,4,5,5,11,11,-14.7,-10.5,7.0,2900,even,odd,mc_gagg_eo,mc_gagg_eo,GAGG,GAGG,True,2,2,5,338
1365,5,5,5,10,10,-10.5,-10.5,5.0,2645,odd,odd,mc_gagg_oo,mc_gagg_oo,GAGG,GAGG,True,2,2,5,338
1366,6,5,5,11,11,-6.3,-10.5,7.0,2902,even,odd,mc_gagg_eo,mc_gagg_eo,GAGG,GAGG,True,3,2,5,339
1367,7,5,5,10,10,-2.1,-10.5,5.0,2647,odd,odd,mc_gagg_oo,mc_gagg_oo,GAGG,GAGG,True,3,2,5,339
1368,8,5,5,11,11,2.1,-10.5,7.0,2904,even,odd,mc_gagg_eo,mc_gagg_eo,GAGG,GAGG,True,4,2,5,340
1369,9,5,5,10,10,6.3,-10.5,5.0,2649,odd,odd,mc_gagg_oo,mc_gagg_oo,GAGG,GAGG,True,4,2,5,340
1370,10,5,5,11,11,10.5,-10.5,7.0,2906,even,odd,mc_gagg_eo,mc_gagg_eo,GAGG,GAGG,True,5,2,5,341
1371,11,5,5,10,10,14.7,-10.5,5.0,2651,odd,odd,mc_gagg_oo,mc_gagg_oo,GAGG,GAGG,True,5,2,5,341
1372,12,5,5,11,11,18.9,-10.5,7.0,2908,even,odd,mc_gagg_eo,mc_gagg_eo,GAGG,GAGG,True,6,2,5,342
1373,13,5,5,10,10,23.1,-10.5,5.0,2653,odd,odd,mc_gagg_oo,mc_gagg_oo,GAGG,GAGG,True,6,2,5,342
1374,14,5,5,11,11,27.3,-10.5,7.0,2910,even,odd,mc_gagg_eo,mc_gagg_eo,GAGG,GAGG,True,7,2,5,343
1375,15,5,5,10,10,31.5,-10.5,5.0,2655,odd,odd,mc_gagg_oo,mc_gagg_oo,GAGG,GAGG,True,7,2,5,343
1376,0,6,5,10,10,-31.5,-6.3,5.0,2656,even,even,mc_gagg_ee,mc_gagg_ee,GAGG,GAGG,True,0,3,5,344
1377,1,6,5,11,11,-27.3,-6.3,7.0,2913,odd,even,mc_gagg_oe,mc_gagg_oe,GAGG,GAGG,True,0,3,5,344
1378,2,6,5,10,10,-23.1,-6.3,5.0,2658,even,even,mc_gagg_ee,mc_gagg_ee,GAGG,GAGG,True,1,3,5,345
1379,3,6,5,11,11,-18.9,-6.3,7.0,2915,odd,even,mc_gagg_oe,mc_gagg_oe,GAGG,GAGG,True,1,3,5,345
1380,4,6,5,10,10,-14.7,-6.3,5.0,2660,even,even,mc_gagg_ee,mc_gagg_ee,GAGG,GAGG,True,2,3,5,346
1381,5,6,5,11,11,-10.5,-6.3,7.0,2917,odd,even,mc_gagg_oe,mc_gagg_oe,GAGG,GAGG,True,2,3,5,346
1382,6,6,5,10,10,-6.3,-6.3,5.0,2662,even,even,mc_gagg_ee,mc_gagg_ee,GAGG,GAGG,True,3,3,5,347
1383,7,6,5,11,11,-2.1,-6.3,7.0,2919,odd,even,mc_gagg_oe,mc_gagg_oe,GAGG,GAGG,True,3,3,5,347
1384,8,6,5,10,10,2.1,-6.3,5.0,2664,even,even,mc_gagg_ee,mc_gagg_ee,GAGG,GAGG,True,4,3,5,348
1385,9,6,5,11,11,6.3,-6.3,7.0,2921,odd,even,mc_gagg_oe,mc_gagg_oe,GAGG,GAGG,True,4,3,5,348
1386,10,6,5,10,10,10.5,-6.3,5.0,2666,even,even,mc_gagg_ee,mc_gagg_ee,GAGG,GAGG,True,5,3,5,349
1387,11,6,5,11,11,14.7,-6.3,7.0,2923,odd,even,mc_gagg_oe,mc_gagg_oe,GAGG,GAGG,True,5,3,5,349
1388,12,6,5,10,10,18.9,-6.3,5.0,2668,even,even,mc_gagg_ee,mc_gagg_ee,GAGG,GAGG,True,6,3,5,350
1389,13,6,5,11,11,23.1,-6.3,7.0,2925,odd,even,mc_gagg_oe,mc_gagg_oe,GAGG,GAGG,True,6,3,5,350
1390,14,6,5,10,10,27.3,-6.3,5.0,2670,even,even,mc_gagg_ee,mc_gagg_ee,GAGG,GAGG,True,7,3,5,351
1391,15,6,5,11,11,31.5,-6.3,7.0,2927,odd,even,mc_gagg_oe,mc_gagg_oe,GAGG,GAGG,True,7,3,5,351
1392,0,7,5,11,11,-31.5,-2.1,7.0,2928,even,odd,mc_gagg_eo,mc_gagg_eo,GAGG,GAGG,True,0,3,5,344
1393,1,7,5,10,10,-27.3,-2.1,5.0,2673,odd,odd,mc_gagg_oo,mc_gagg_oo,GAGG,GAGG,True,0,3,5,344
1394,2,7,5,11,11,-23.1,-2.1,7.0,2930,even,odd,mc_gagg_eo,mc_gagg_eo,GAGG,GAGG,True,1,3,5,345
1395,3,7,5,10,10,-18.9,-2.1,5.0,2675,odd,odd,mc_gagg_oo,mc_gagg_oo,GAGG,GAGG,True,1,3,5,345
1396,4,7,5,11,11,-14.7,-2.1,7.0,2932,even,odd,mc_gagg_eo,mc_gagg_eo,GAGG,GAGG,True,2,3,5,346
1397,5,7,5,10,10,-10.5,-2.1,5.0,2677,odd,odd,mc_gagg_oo,mc_gagg_oo,GAGG,GAGG,True,2,3,5,346
1398,6,7,5,11,11,-6.3,-2.1,7.0,2934,even,odd,mc_gagg_eo,mc_gagg_eo,GAGG,GAGG,True,3,3,5,347
1399,7,7,5,10,10,-2.1,-2.1,5.0,2679,odd,odd,mc_gagg_oo,mc_gagg_oo,GAGG,GAGG,True,3,3,5,347
1400,8,7,5,11,11,2.1,-2.1,7.0,2936,even,odd,mc_gagg_eo,mc_gagg_eo,GAGG,GAGG,True,4,3,5,348
1401,9,7,5,10,10,6.3,-2.1,5.0,2681,odd,odd,mc_gagg_oo,mc_gagg_oo,GAGG,GAGG,True,4,3,5,348
1402,10,7,5,11,11,10.5,-2.1,7.0,2938,even,odd,mc_gagg_eo,mc_gagg_eo,GAGG,GAGG,True,5,3,5,349
1403,11,7,5,10,10,14.7,-2.1,5.0,2683,odd,odd,mc_gagg_oo,mc_gagg_oo,GAGG,GAGG,True,5,3,5,349
1404,12,7,5,11,11,18.9,-2.1,7.0,2940,even,odd,mc_gagg_eo,mc_gagg_eo,GAGG,GAGG,True,6,3,5,350
1405,13,7,5,10,10,23.1,-2.1,5.0,2685,odd,odd,mc_gagg_oo,mc_gagg_oo,GAGG,GAGG,True,6,3,5,350
1406,14,7,5,11,11,27.3,-2.1,7.0,2942,even,odd,mc_gagg_eo,mc_gagg_eo,GAGG,GAGG,True,7,3,5,351
1407,15,7,5,10,10,31.5,-2.1,5.0,2687,odd,odd,mc_gagg_oo,mc_gagg_oo,GAGG,GAGG,True,7,3,5,351
1408,0,8,5,10,10,-31.5,2.1,5.0,2688,even,even,mc_gagg_ee,mc_gagg_ee,GAGG,GAGG,True,0,4,5,352
1409,1,8,5,11,11,-27.3,2.1,7.0,2945,odd,even,mc_gagg_oe,mc_gagg_oe,GAGG,GAGG,True,0,4,5,352
1410,2,8,5,10,10,-23.1,2.1,5.0,2690,even,even,mc_gagg_ee,mc_gagg_ee,GAGG,GAGG,True,1,4,5,353
1411,3,8,5,11,11,-18.9,2.1,7.0,2947,odd,even,mc_gagg_oe,mc_gagg_oe,GAGG,GAGG,True,1,4,5,353
1412,4,8,5,10,10,-14.7,2.1,5.0,2692,even,even,mc_gagg_ee,mc_gagg_ee,GAGG,GAGG,True,2,4,5,354
1413,5,8,5,11,11,-10.5,2.1,7.0,2949,odd,even,mc_gagg_oe,mc_gagg_oe,GAGG,GAGG,True,2,4,5,354
1414,6,8,5,10,10,-6.3,2.1,5.0,2694,even,even,mc_gagg_ee,mc_gagg_ee,GAGG,GAGG,True,3,4,5,355
1415,7,8,5,11,11,-2.1,2.1,7.0,2951,odd,even,mc_gagg_oe,mc_gagg_oe,GAGG,GAGG,True,3,4,5,355
1416,8,8,5,10,10,2.1,2.1,5.0,2696,even,even,mc_gagg_ee,mc_gagg_ee,GAGG,GAGG,True,4,4,5,356
1417,9,8,5,11,11,6.3,2.1,7.0,2953,odd,even,mc_gagg_oe,mc_gagg_oe,GAGG,GAGG,True,4,4,5,356
1418,10,8,5,10,10,10.5,2.1,5.0,2698,even,even,mc_gagg_ee,mc_gagg_ee,GAGG,GAGG,True,5,4,5,357
1419,11,8,5,11,11,14.7,2.1,7.0,2955,odd,even,mc_gagg_oe,mc_gagg_oe,GAGG,GAGG,True,5,4,5,357
1420,12,8,5,10,10,18.9,2.1,5.0,2700,even,even,mc_gagg_ee,mc_gagg_ee,GAGG,GAGG,True,6,4,5,358
1421,13,8,5,11,11,23.1,2.1,7.0,2957,odd,even,mc_gagg_oe,mc_gagg_oe,GAGG,GAGG,True,6,4,5,358
1422,14,8,5,10,10,27.3,2.1,5.0,2702,even,even,mc_gagg_ee,mc_gagg_ee,GAGG,GAGG,True,7,4,5,359
1423,15,8,5,11,11,31.5,2.1,7.0,2959,odd,even,mc_gagg_oe,mc_gagg_oe,GAGG,GAGG,True,7,4,5,359
1424,0,9,5,11,11,-31.5,6.3,7.0,2960,even,odd,mc_gagg_eo,mc_gagg_eo,GAGG,GAGG,True,0,4,5,352
1425,1,9,5,10,10,-27.3,6.3,5.0,2705,odd,odd,mc_gagg_oo,mc_gagg_oo,GAGG,GAGG,True,0,4,5,352
1426,2,9,5,11,11,-23.1,6.3,7.0,2962,even,odd,mc_gagg_eo,mc_gagg_eo,GAGG,GAGG,True,1,4,5,353
1427,3,9,5,10,10,-18.9,6.3,5.0,2707,odd,odd,mc_gagg_oo,mc_gagg_oo,GAGG,GAGG,True,1,4,5,353
1428,4,9,5,11,11,-14.7,6.3,7.0,2964,even,odd,mc_gagg_eo,mc_gagg_eo,GAGG,GAGG,True,2,4,5,354
1429,5,9,5,10,10,-10.5,6.3,5.0,2709,odd,odd,mc_gagg_oo,mc_gagg_oo,GAGG,GAGG,True,2,4,5,354
1430,6,9,5,11,11,-6.3,6.3,7.0,2966,even,odd,mc_gagg_eo,mc_gagg_eo,GAGG,GAGG,True,3,4,5,355
1431,7,9,5,10,10,-2.1,6.3,5.0,2711,odd,odd,mc_gagg_oo,mc_gagg_oo,GAGG,GAGG,True,3,4,5,355
1432,8,9,5,11,11,2.1,6.3,7.0,2968,even,odd,mc_gagg_eo,mc_gagg_eo,GAGG,GAGG,True,4,4,5,356
1433,9,9,5,10,10,6.3,6.3,5.0,2713,odd,odd,mc_gagg_oo,mc_gagg_oo,GAGG,GAGG,True,4,4,5,356
1434,10,9,5,11,11,10.5,6.3,7.0,2970,even,odd,mc_gagg_eo,mc_gagg_eo,GAGG,GAGG,True,5,4,5,357
1435,11,9,5,10,10,14.7,6.3,5.0,2715,odd,odd,mc_gagg_oo,mc_gagg_oo,GAGG,GAGG,True,5,4,5,357
1436,12,9,5,11,11,18.9,6.3,7.0,2972,even,odd,mc_gagg_eo,mc_gagg_eo,GAGG,GAGG,True,6,4,5,358
1437,13,9,5,10,10,23.1,6.3,5.0,2717,odd,odd,mc_gagg_oo,mc_gagg_oo,GAGG,GAGG,True,6,4,5,358
1438,14,9,5,11,11,27.3,6.3,7.0,2974,even,odd,mc_gagg_eo,mc_gagg_eo,GAGG,GAGG,True,7,4,5,359
1439,15,9,5,10,10,31.5,6.3,5.0,2719,odd,odd,mc_gagg_oo,mc_gagg_oo,GAGG,GAGG,True,7,4,5,359
1440,0,10,5,10,10,-31.5,10.5,5.0,2720,even,even,mc_gagg_ee,mc_gagg_ee,GAGG,GAGG,True,0,5,5,360
1441,1,10,5,11,11,-27.3,10.5,7.0,2977,odd,even,mc_gagg_oe,mc_gagg_oe,GAGG,GAGG,True,0,5,5,360
1442,2,10,5,10,10,-23.1,10.5,5.0,2722,even,even,mc_gagg_ee,mc_gagg_ee,GAGG,GAGG,True,1,5,5,361
1443,3,10,5,11,11,-18.9,10.5,7.0,2979,odd,even,mc_gagg_oe,mc_gagg_oe,GAGG,GAGG,True,1,5,5,361
1444,4,10,5,10,10,-14.7,10.5,5.0,2724,even,even,mc_gagg_ee,mc_gagg_ee,GAGG,GAGG,True,2,5,5,362
1445,5,10,5,11,11,-10.5,10.5,7.0,2981,odd,even,mc_gagg_oe,mc_gagg_oe,GAGG,GAGG,True,2,5,5,362
1446,6,10,5,10,10,-6.3,10.5,5.0,2726,even,even,mc_gagg_ee,mc_gagg_ee,GAGG,GAGG,True,3,5,5,363
1447,7,10,5,11,11,-2.1,10.5,7.0,2983,odd,even,mc_gagg_oe,mc_gagg_oe,GAGG,GAGG,True,3,5,5,363
1448,8,10,5,10,10,2.1,10.5,5.0,2728,even,even,mc_gagg_ee,mc_gagg_ee,GAGG,GAGG,True,4,5,5,364
1449,9,10,5,11,11,6.3,10.5,7.0,2985,odd,even,mc_gagg_oe,mc_gagg_oe,GAGG,GAGG,True,4,5,5,364
1450,10,10,5,10,10,10.5,10.5,5.0,2730,even,even,mc_gagg_ee,mc_gagg_ee,GAGG,GAGG,True,5,5,5,365
1451,11,10,5,11,11,14.7,10.5,7.0,2987,odd,even,mc_gagg_oe,mc_gagg_oe,GAGG,GAGG,True,5,5,5,365
1452,12,10,5,10,10,18.9,10.5,5.0,2732,even,even,mc_gagg_ee,mc_gagg_ee,GAGG,GAGG,True,6,5,5,366
1453,13,10,5,11,11,23.1,10.5,7.0,2989,odd,even,mc_gagg_oe,mc_gagg_oe,GAGG,GAGG,True,6,5,5,366
1454,14,10,5,10,10,27.3,10.5,5.0,2734,even,even,mc_gagg_ee,mc_gagg_ee,GAGG,GAGG,True,7,5,5,367
1455,15,10,5,11,11,31.5,10.5,7.0,2991,odd,even,mc_gagg_oe,mc_gagg_oe,GAGG,GAGG,True,7,5,5,367
1456,0,11,5,11,11,-31.5,14.7,7.0,2992,even,odd,mc_gagg_eo,mc_gagg_eo,GAGG,GAGG,True,0,5,5,360
1457,1,11,5,10,10,-27.3,14.7,5.0,2737,odd,odd,mc_gagg_oo,mc_gagg_oo,GAGG,GAGG,True,0,5,5,360
1458,2,11,5,11,11,-23.1,14.7,7.0,2994,even,odd,mc_gagg_eo,mc_gagg_eo,GAGG,GAGG,True,1,5,5,361
1459,3,11,5,10,10,-18.9,14.7,5.0,2739,odd,odd,mc_gagg_oo,mc_gagg_oo,GAGG,GAGG,True,1,5,5,361
1460,4,11,5,11,11,-14.7,14.7,7.0,2996,even,odd,mc_gagg_eo,mc_gagg_eo,GAGG,GAGG,True,2,5,5,362
1461,5,11,5,10,10,-10.5,14.7,5.0,2741,odd,odd,mc_gagg_oo,mc_gagg_oo,GAGG,GAGG,True,2,5,5,362
1462,6,11,5,11,11,-6.3,14.7,7.0,2998,even,odd,mc_gagg_eo,mc_gagg_eo,GAGG,GAGG,True,3,5,5,363
1463,7,11,5,10,10,-2.1,14.7,5.0,2743,odd,odd,mc_gagg_oo,mc_gagg_oo,GAGG,GAGG,True,3,5,5,363
1464,8,11,5,11,11,2.1,14.7,7.0,3000,even,odd,mc_gagg_eo,mc_gagg_eo,GAGG,GAGG,True,4,5,5,364
1465,9,11,5,10,10,6.3,14.7,5.0,2745,odd,odd,mc_gagg_oo,mc_gagg_oo,GAGG,GAGG,True,4,5,5,364
1466,10,11,5,11,11,10.5,14.7,7.0,3002,even,odd,mc_gagg_eo,mc_gagg_eo,GAGG,GAGG,True,5,5,5,365
1467,11,11,5,10,10,14.7,14.7,5.0,2747,odd,odd,mc_gagg_oo,mc_gagg_oo,GAGG,GAGG,True,5,5,5,365
1468,12,11,5,11,11,18.9,14.7,7.0,3004,even,odd,mc_gagg_eo,mc_gagg_eo,GAGG,GAGG,True,6,5,5,366
1469,13,11,5,10,10,23.1,14.7,5.0,2749,odd,odd,mc_gagg_oo,mc_gagg_oo,GAGG,GAGG,True,6,5,5,366
1470,14,11,5,11,11,27.3,14.7,7.0,3006,even,odd,mc_gagg_eo,mc_gagg_eo,GAGG,GAGG,True,7,5,5,367
1471,15,11,5,10,10,31.5,14.7,5.0,2751,odd,odd,mc_gagg_oo,mc_gagg_oo,GAGG,GAGG,True,7,5,5,367
1472,0,12,5,10,10,-31.5,18.9,5.0,2752,even,even,mc_gagg_ee,mc_gagg_ee,GAGG,GAGG,True,0,6,5,368
1473,1,12,5,11,11,-27.3,18.9,7.0,3009,odd,even,mc_gagg_oe,mc_gagg_oe,GAGG,GAGG,True,0,6,5,368
1474,2,12,5,10,10,-23.1,18.9,5.0,2754,even,even,mc_gagg_ee,mc_gagg_ee,GAGG,GAGG,True,1,6,5,369
1475,3,12,5,11,11,-18.9,18.9,7.0,3011,odd,even,mc_gagg_oe,mc_gagg_oe,GAGG,GAGG,True,1,6,5,369
1476,4,12,5,10,10,-14.7,18.9,5.0,2756,even,even,mc_gagg_ee,mc_gagg_ee,GAGG,GAGG,True,2,6,5,370
1477,5,12,5,11,11,-10.5,18.9,7.0,3013,odd,even,mc_gagg_oe,mc_gagg_oe,GAGG,GAGG,True,2,6,5,370
1478,6,12,5,10,10,-6.3,18.9,5.0,2758,even,even,mc_gagg_ee,mc_gagg_ee,GAGG,GAGG,True,3,6,5,371
1479,7,12,5,11,11,-2.1,18.9,7.0,3015,odd,even,mc_gagg_oe,mc_gagg_oe,GAGG,GAGG,True,3,6,5,371
1480,8,12,5,10,10,2.1,18.9,5.0,2760,even,even,mc_gagg_ee,mc_gagg_ee,GAGG,GAGG,True,4,6,5,372
1481,9,12,5,11,11,6.3,18.9,7.0,3017,odd,even,mc_gagg_oe,mc_gagg_oe,GAGG,GAGG,True,4,6,5,372
1482,10,12,5,10,10,10.5,18.9,5.0,2762,even,even,mc_gagg_ee,mc_gagg_ee,GAGG,GAGG,True,5,6,5,373
1483,11,12,5,11,11,14.7,18.9,7.0,3019,odd,even,mc_gagg_oe,mc_gagg_oe,GAGG,GAGG,True,5,6,5,373
1484,12,12,5,10,10,18.9,18.9,5.0,2764,even,even,mc_gagg_ee,mc_gagg_ee,GAGG,GAGG,True,6,6,5,374
1485,13,12,5,11,11,23.1,18.9,7.0,3021,odd,even,mc_gagg_oe,mc_gagg_oe,GAGG,GAGG,True,6,6,5,374
1486,14,12,5,10,10,27.3,18.9,5.0,2766,even,even,mc_gagg_ee,mc_gagg_ee,GAGG,GAGG,True,7,6,5,375
1487,15,12,5,11,11,31.5,18.9,7.0,3023,odd,even,mc_gagg_oe,mc_gagg_oe,GAGG,GAGG,True,7,6,5,375
1488,0,13,5,11,11,-31.5,23.1,7.0,3024,even,odd,mc_gagg_eo,mc_gagg_eo,GAGG,GAGG,True,0,6,5,368
1489,1,13,5,10,10,-27.3,23.1,5.0,2769,odd,odd,mc_gagg_oo,mc_gagg_oo,GAGG,GAGG,True,0,6,5,368
1490,2,13,5,11,11,-23.1,23.1,7.0,3026,even,odd,mc_gagg_eo,mc_gagg_eo,GAGG,GAGG,True,1,6,5,369
1491,3,13,5,10,10,-18.9,23.1,5.0,2771,odd,odd,mc_gagg_oo,mc_gagg_oo,GAGG,GAGG,True,1,6,5,369
1492,4,13,5,11,11,-14.7,23.1,7.0,3028,even,odd,mc_gagg_eo,mc_gagg_eo,GAGG,GAGG,True,2,6,5,370
1493,5,13,5,10,10,-10.5,23.1,5.0,2773,odd,odd,mc_gagg_oo,mc_gagg_oo,GAGG,GAGG,True,2,6,5,370
1494,6,13,5,11,11,-6.3,23.1,7.0,3030,even,odd,mc_gagg_eo,mc_gagg_eo,GAGG,GAGG,True,3,6,5,371
1495,7,13,5,10,10,-2.1,23.1,5.0,2775,odd,odd,mc_gagg_oo,mc_gagg_oo,GAGG,GAGG,True,3,6,5,371
1496,8,13,5,11,11,2.1,23.1,7.0,3032,even,odd,mc_gagg_eo,mc_gagg_eo,GAGG,GAGG,True,4,6,5,372
1497,9,13,5,10,10,6.3,23.1,5.0,2777,odd,odd,mc_gagg_oo,mc_gagg_oo,GAGG,GAGG,True,4,6,5,372
1498,10,13,5,11,11,10.5,23.1,7.0,3034,even,odd,mc_gagg_eo,mc_gagg_eo,GAGG,GAGG,True,5,6,5,373
1499,11,13,5,10,10,14.7,23.1,5.0,2779,odd,odd,mc_gagg_oo,mc_gagg_oo,GAGG,GAGG,True,5,6,5,373
1500,12,13,5,11,11,18.9,23.1,7.0,3036,even,odd,mc_gagg_eo,mc_gagg_eo,GAGG,GAGG,True,6,6,5,374
1501,13,13,5,10,10,23.1,23.1,5.0,2781,odd,odd,mc_gagg_oo,mc_gagg_oo,GAGG,GAGG,True,6,6,5,374
1502,14,13,5,11,11,27.3,23.1,7.0,3038,even,odd,mc_gagg_eo,mc_gagg_eo,GAGG,GAGG,True,7,6,5,375
1503,15,13,5,10,10,31.5,23.1,5.0,2783,odd,odd,mc_gagg_oo,mc_gagg_oo,GAGG,GAGG,True,7,6,5,375
1504,0,14,5,10,10,-31.5,27.3,5.0,2784,even,even,mc_gagg_ee,mc_gagg_ee,GAGG,GAGG,True,0,7,5,376
1505,1,14,5,11,11,-27.3,27.3,7.0,3041,odd,even,mc_gagg_oe,mc_gagg_oe,GAGG,GAGG,True,0,7,5,376
1506,2,14,5,10,10,-23.1,27.3,5.0,2786,even,even,mc_gagg_ee,mc_gagg_ee,GAGG,GAGG,True,1,7,5,377
1507,3,14,5,11,11,-18.9,27.3,7.0,3043,odd,even,mc_gagg_oe,mc_gagg_oe,GAGG,GAGG,True,1,7,5,377
1508,4,14,5,10,10,-14.7,27.3,5.0,2788,even,even,mc_gagg_ee,mc_gagg_ee,GAGG,GAGG,True,2,7,5,378
1509,5,14,5,11,11,-10.5,27.3,7.0,3045,odd,even,mc_gagg_oe,mc_gagg_oe,GAGG,GAGG,True,2,7,5,378
1510,6,14,5,10,10,-6.3,27.3,5.0,2790,even,even,mc_gagg_ee,mc_gagg_ee,GAGG,GAGG,True,3,7,5,379
1511,7,14,5,11,11,-2.1,27.3,7.0,3047,odd,even,mc_gagg_oe,mc_gagg_oe,GAGG,GAGG,True,3,7,5,379
1512,8,14,5,10,10,2.1,27.3,5.0,2792,even,even,mc_gagg_ee,mc_gagg_ee,GAGG,GAGG,True,4,7,5,380
1513,9,14,5,11,11,6.3,27.3,7.0,3049,odd,even,mc_gagg_oe,mc_gagg_oe,GAGG,GAGG,True,4,7,5,380
1514,10,14,5,10,10,10.5,27.3,5.0,2794,even,even,mc_gagg_ee,mc_gagg_ee,GAGG,GAGG,True,5,7,5,381
1515,11,14,5,11,11,14.7,27.3,7.0,3051,odd,even,mc_gagg_oe,mc_gagg_oe,GAGG,GAGG,True,5,7,5,381
1516,12,14,5,10,10,18.9,27.3,5.0,2796,even,even,mc_gagg_ee,mc_gagg_ee,GAGG,GAGG,True,6,7,5,382
1517,13,14,5,11,11,23.1,27.3,7.0,3053,odd,even,mc_gagg_oe,mc_gagg_oe,GAGG,GAGG,True,6,7,5,382
1518,14,14,5,10,10,27.3,27.3,5.0,2798,even,even,mc_gagg_ee,mc_gagg_ee,GAGG,GAGG,True,7,7,5,383
1519,15,14,5,11,11,31.5,27.3,7.0,3055,odd,even,mc_gagg_oe,mc_gagg_oe,GAGG,GAGG,True,7,7,5,383
1520,0,15,5,11,11,-31.5,31.5,7.0,3056,even,odd,mc_gagg_eo,mc_gagg_eo,GAGG,GAGG,True,0,7,5,376
1521,1,15,5,10,10,-27.3,31.5,5.0,2801,odd,odd,mc_gagg_oo,mc_gagg_oo,GAGG,GAGG,True,0,7,5,376
1522,2,15,5,11,11,-23.1,31.5,7.0,3058,even,odd,mc_gagg_eo,mc_gagg_eo,GAGG,GAGG,True,1,7,5,377
1523,3,15,5,10,10,-18.9,31.5,5.0,2803,odd,odd,mc_gagg_oo,mc_gagg_oo,GAGG,GAGG,True,1,7,5,377
1524,4,15,5,11,11,-14.7,31.5,7.0,3060,even,odd,mc_gagg_eo,mc_gagg_eo,GAGG,GAGG,True,2,7,5,378
1525,5,15,5,10,10,-10.5,31.5,5.0,2805,odd,odd,mc_gagg_oo,mc_gagg_oo,GAGG,GAGG,True,2,7,5,378
1526,6,15,5,11,11,-6.3,31.5,7.0,3062,even,odd,mc_gagg_eo,mc_gagg_eo,GAGG,GAGG,True,3,7,5,379
1527,7,15,5,10,10,-2.1,31.5,5.0,2807,odd,odd,mc_gagg_oo,mc_gagg_oo,GAGG,GAGG,True,3,7,5,379
1528,8,15,5,11,11,2.1,31.5,7.0,3064,even,odd,mc_gagg_eo,mc_gagg_eo,GAGG,GAGG,True,4,7,5,380
1529,9,15,5,10,10,6.3,31.5,5.0,2809,odd,odd,mc_gagg_oo,mc_gagg_oo,GAGG,GAGG,True,4,7,5,380
1530,10,15,5,11,11,10.5,31.5,7.0,3066,even,odd,mc_gagg_eo,mc_gagg_eo,GAGG,GAGG,True,5,7,5,381
1531,11,15,5,10,10,14.7,31.5,5.0,2811,odd,odd,mc_gagg_oo,mc_gagg_oo,GAGG,GAGG,True,5,7,5,381
1532,12,15,5,11,11,18.9,31.5,7.0,3068,even,odd,mc_gagg_eo,mc_gagg_eo,GAGG,GAGG,True,6,7,5,382
1533,13,15,5,10,10,23.1,31.5,5.0,2813,odd,odd,mc_gagg_oo,mc_gagg_oo,GAGG,GAGG,True,6,7,5,382
1534,14,15,5,11,11,27.3,31.5,7.0,3070,even,odd,mc_gagg_eo,mc_gagg_eo,GAGG,GAGG,True,7,7,5,383
1535,15,15,5,10,10,31.5,31.5,5.0,2815,odd,odd,mc_gagg_oo,mc_gagg_oo,GAGG,GAGG,True,7,7,5,383
1536,0,0,6,12,12,-31.5,-31.5,9.0,3072,even,even,mc_gagg_ee,mc_gagg_ee,GAGG,GAGG,True,0,0,6,384
1537,1,0,6,13,13,-27.3,-31.5,11.0,3329,odd,even,mc_gagg_oe,mc_gagg_oe,GAGG,GAGG,True,0,0,6,384
1538,2,0,6,12,12,-23.1,-31.5,9.0,3074,even,even,mc_gagg_ee,mc_gagg_ee,GAGG,GAGG,True,1,0,6,385
1539,3,0,6,13,13,-18.9,-31.5,11.0,3331,odd,even,mc_gagg_oe,mc_gagg_oe,GAGG,GAGG,True,1,0,6,385
1540,4,0,6,12,12,-14.7,-31.5,9.0,3076,even,even,mc_gagg_ee,mc_gagg_ee,GAGG,GAGG,True,2,0,6,386
1541,5,0,6,13,13,-10.5,-31.5,11.0,3333,odd,even,mc_gagg_oe,mc_gagg_oe,GAGG,GAGG,True,2,0,6,386
1542,6,0,6,12,12,-6.3,-31.5,9.0,3078,even,even,mc_gagg_ee,mc_gagg_ee,GAGG,GAGG,True,3,0,6,387
1543,7,0,6,13,13,-2.1,-31.5,11.0,3335,odd,even,mc_gagg_oe,mc_gagg_oe,GAGG,GAGG,True,3,0,6,387
1544,8,0,6,12,12,2.1,-31.5,9.0,3080,even,even,mc_gagg_ee,mc_gagg_ee,GAGG,GAGG,True,4,0,6,388
1545,9,0,6,13,13,6.3,-31.5,11.0,3337,odd,even,mc_gagg_oe,mc_gagg_oe,GAGG,GAGG,True,4,0,6,388
1546,10,0,6,12,12,10.5,-31.5,9.0,3082,even,even,mc_gagg_ee,mc_gagg_ee,GAGG,GAGG,True,5,0,6,389
1547,11,0,6,13,13,14.7,-31.5,11.0,3339,odd,even,mc_gagg_oe,mc_gagg_oe,GAGG,GAGG,True,5,0,6,389
1548,12,0,6,12,12,18.9,-31.5,9.0,3084,even,even,mc_gagg_ee,mc_gagg_ee,GAGG,GAGG,True,6,0,6,390
1549,13,0,6,13,13,23.1,-31.5,11.0,3341,odd,even,mc_gagg_oe,mc_gagg_oe,GAGG,GAGG,True,6,0,6,390
1550,14,0,6,12,12,27.3,-31.5,9.0,3086,even,even,mc_gagg_ee,mc_gagg_ee,GAGG,GAGG,True,7,0,6,391
1551,15,0,6,13,13,31.5,-31.5,11.0,3343,odd,even,mc_gagg_oe,mc_gagg_oe,GAGG,GAGG,True,7,0,6,391
1552,0,1,6,13,13,-31.5,-27.3,11.0,3344,even,odd,mc_gagg_eo,mc_gagg_eo,GAGG,GAGG,True,0,0,6,384
1553,1,1,6,12,12,-27.3,-27.3,9.0,3089,odd,odd,mc_gagg_oo,mc_gagg_oo,GAGG,GAGG,True,0,0,6,384
1554,2,1,6,13,13,-23.1,-27.3,11.0,3346,even,odd,mc_gagg_eo,mc_gagg_eo,GAGG,GAGG,True,1,0,6,385
1555,3,1,6,12,12,-18.9,-27.3,9.0,3091,odd,odd,mc_gagg_oo,mc_gagg_oo,GAGG,GAGG,True,1,0,6,385
1556,4,1,6,13,13,-14.7,-27.3,11.0,3348,even,odd,mc_gagg_eo,mc_gagg_eo,GAGG,GAGG,True,2,0,6,386
1557,5,1,6,12,12,-10.5,-27.3,9.0,3093,odd,odd,mc_gagg_oo,mc_gagg_oo,GAGG,GAGG,True,2,0,6,386
1558,6,1,6,13,13,-6.3,-27.3,11.0,3350,even,odd,mc_gagg_eo,mc_gagg_eo,GAGG,GAGG,True,3,0,6,387
1559,7,1,6,12,12,-2.1,-27.3,9.0,3095,odd,odd,mc_gagg_oo,mc_gagg_oo,GAGG,GAGG,True,3,0,6,387
1560,8,1,6,13,13,2.1,-27.3,11.0,3352,even,odd,mc_gagg_eo,mc_gagg_eo,GAGG,GAGG,True,4,0,6,388
1561,9,1,6,12,12,6.3,-27.3,9.0,3097,odd,odd,mc_gagg_oo,mc_gagg_oo,GAGG,GAGG,True,4,0,6,388
1562,10,1,6,13,13,10.5,-27.3,11.0,3354,even,odd,mc_gagg_eo,mc_gagg_eo,GAGG,GAGG,True,5,0,6,389
1563,11,1,6,12,12,14.7,-27.3,9.0,3099,odd,odd,mc_gagg_oo,mc_gagg_oo,GAGG,GAGG,True,5,0,6,389
1564,12,1,6,13,13,18.9,-27.3,11.0,3356,even,odd,mc_gagg_eo,mc_gagg_eo,GAGG,GAGG,True,6,0,6,390
1565,13,1,6,12,12,23.1,-27.3,9.0,3101,odd,odd,mc_gagg_oo,mc_gagg_oo,GAGG,GAGG,True,6,0,6,390
1566,14,1,6,13,13,27.3,-27.3,11.0,3358,even,odd,mc_gagg_eo,mc_gagg_eo,GAGG,GAGG,True,7,0,6,391
1567,15,1,6,12,12,31.5,-27.3,9.0,3103,odd,odd,mc_gagg_oo,mc_gagg_oo,GAGG,GAGG,True,7,0,6,391
1568,0,2,6,12,12,-31.5,-23.1,9.0,3104,even,even,mc_gagg_ee,mc_gagg_ee,GAGG,GAGG,True,0,1,6,392
1569,1,2,6,13,13,-27.3,-23.1,11.0,3361,odd,even,mc_gagg_oe,mc_gagg_oe,GAGG,GAGG,True,0,1,6,392
1570,2,2,6,12,12,-23.1,-23.1,9.0,3106,even,even,mc_gagg_ee,mc_gagg_ee,GAGG,GAGG,True,1,1,6,393
1571,3,2,6,13,13,-18.9,-23.1,11.0,3363,odd,even,mc_gagg_oe,mc_gagg_oe,GAGG,GAGG,True,1,1,6,393
1572,4,2,6,12,12,-14.7,-23.1,9.0,3108,even,even,mc_gagg_ee,mc_gagg_ee,GAGG,GAGG,True,2,1,6,394
1573,5,2,6,13,13,-10.5,-23.1,11.0,3365,odd,even,mc_gagg_oe,mc_gagg_oe,GAGG,GAGG,True,2,1,6,394
1574,6,2,6,12,12,-6.3,-23.1,9.0,3110,even,even,mc_gagg_ee,mc_gagg_ee,GAGG,GAGG,True,3,1,6,395
1575,7,2,6,13,13,-2.1,-23.1,11.0,3367,odd,even,mc_gagg_oe,mc_gagg_oe,GAGG,GAGG,True,3,1,6,395
1576,8,2,6,12,12,2.1,-23.1,9.0,3112,even,even,mc_gagg_ee,mc_gagg_ee,GAGG,GAGG,True,4,1,6,396
1577,9,2,6,13,13,6.3,-23.1,11.0,3369,odd,even,mc_gagg_oe,mc_gagg_oe,GAGG,GAGG,True,4,1,6,396
1578,10,2,6,12,12,10.5,-23.1,9.0,3114,even,even,mc_gagg_ee,mc_gagg_ee,GAGG,GAGG,True,5,1,6,397
1579,11,2,6,13,13,14.7,-23.1,11.0,3371,odd,even,mc_gagg_oe,mc_gagg_oe,GAGG,GAGG,True,5,1,6,397
1580,12,2,6,12,12,18.9,-23.1,9.0,3116,even,even,mc_gagg_ee,mc_gagg_ee,GAGG,GAGG,True,6,1,6,398
1581,13,2,6,13,13,23.1,-23.1,11.0,3373,odd,even,mc_gagg_oe,mc_gagg_oe,GAGG,GAGG,True,6,1,6,398
1582,14,2,6,12,12,27.3,-23.1,9.0,3118,even,even,mc_gagg_ee,mc_gagg_ee,GAGG,GAGG,True,7,1,6,399
1583,15,2,6,13,13,31.5,-23.1,11.0,3375,odd,even,mc_gagg_oe,mc_gagg_oe,GAGG,GAGG,True,7,1,6,399
1584,0,3,6,13,13,-31.5,-18.9,11.0,3376,even,odd,mc_gagg_eo,mc_gagg_eo,GAGG,GAGG,True,0,1,6,392
1585,1,3,6,12,12,-27.3,-18.9,9.0,3121,odd,odd,mc_gagg_oo,mc_gagg_oo,GAGG,GAGG,True,0,1,6,392
1586,2,3,6,13,13,-23.1,-18.9,11.0,3378,even,odd,mc_gagg_eo,mc_gagg_eo,GAGG,GAGG,True,1,1,6,393
1587,3,3,6,12,12,-18.9,-18.9,9.0,3123,odd,odd,mc_gagg_oo,mc_gagg_oo,GAGG,GAGG,True,1,1,6,393
1588,4,3,6,13,13,-14.7,-18.9,11.0,3380,even,odd,mc_gagg_eo,mc_gagg_eo,GAGG,GAGG,True,2,1,6,394
1589,5,3,6,12,12,-10.5,-18.9,9.0,3125,odd,odd,mc_gagg_oo,mc_gagg_oo,GAGG,GAGG,True,2,1,6,394
1590,6,3,6,13,13,-6.3,-18.9,11.0,3382,even,odd,mc_gagg_eo,mc_gagg_eo,GAGG,GAGG,True,3,1,6,395
1591,7,3,6,12,12,-2.1,-18.9,9.0,3127,odd,odd,mc_gagg_oo,mc_gagg_oo,GAGG,GAGG,True,3,1,6,395
1592,8,3,6,13,13,2.1,-18.9,11.0,3384,even,odd,mc_gagg_eo,mc_gagg_eo,GAGG,GAGG,True,4,1,6,396
1593,9,3,6,12,12,6.3,-18.9,9.0,3129,odd,odd,mc_gagg_oo,mc_gagg_oo,GAGG,GAGG,True,4,1,6,396
1594,10,3,6,13,13,10.5,-18.9,11.0,3386,even,odd,mc_gagg_eo,mc_gagg_eo,GAGG,GAGG,True,5,1,6,397
1595,11,3,6,12,12,14.7,-18.9,9.0,3131,odd,odd,mc_gagg_oo,mc_gagg_oo,GAGG,GAGG,True,5,1,6,397
1596,12,3,6,13,13,18.9,-18.9,11.0,3388,even,odd,mc_gagg_eo,mc_gagg_eo,GAGG,GAGG,True,6,1,6,398
1597,13,3,6,12,12,23.1,-18.9,9.0,3133,odd,odd,mc_gagg_oo,mc_gagg_oo,GAGG,GAGG,True,6,1,6,398
1598,14,3,6,13,13,27.3,-18.9,11.0,3390,even,odd,mc_gagg_eo,mc_gagg_eo,GAGG,GAGG,True,7,1,6,399
1599,15,3,6,12,12,31.5,-18.9,9.0,3135,odd,odd,mc_gagg_oo,mc_gagg_oo,GAGG,GAGG,True,7,1,6,399
1600,0,4,6,12,12,-31.5,-14.7,9.0,3136,even,even,mc_gagg_ee,mc_gagg_ee,GAGG,GAGG,True,0,2,6,400
1601,1,4,6,13,13,-27.3,-14.7,11.0,3393,odd,even,mc_gagg_oe,mc_gagg_oe,GAGG,GAGG,True,0,2,6,400
1602,2,4,6,12,12,-23.1,-14.7,9.0,3138,even,even,mc_gagg_ee,mc_gagg_ee,GAGG,GAGG,True,1,2,6,401
1603,3,4,6,13,13,-18.9,-14.7,11.0,3395,odd,even,mc_gagg_oe,mc_gagg_oe,GAGG,GAGG,True,1,2,6,401
1604,4,4,6,12,12,-14.7,-14.7,9.0,3140,even,even,mc_gagg_ee,mc_gagg_ee,GAGG,GAGG,True,2,2,6,402
1605,5,4,6,13,13,-10.5,-14.7,11.0,3397,odd,even,mc_gagg_oe,mc_gagg_oe,GAGG,GAGG,True,2,2,6,402
1606,6,4,6,12,12,-6.3,-14.7,9.0,3142,even,even,mc_gagg_ee,mc_gagg_ee,GAGG,GAGG,True,3,2,6,403
1607,7,4,6,13,13,-2.1,-14.7,11.0,3399,odd,even,mc_gagg_oe,mc_gagg_oe,GAGG,GAGG,True,3,2,6,403
1608,8,4,6,12,12,2.1,-14.7,9.0,3144,even,even,mc_gagg_ee,mc_gagg_ee,GAGG,GAGG,True,4,2,6,404
1609,9,4,6,13,13,6.3,-14.7,11.0,3401,odd,even,mc_gagg_oe,mc_gagg_oe,GAGG,GAGG,True,4,2,6,404
1610,10,4,6,12,12,10.5,-14.7,9.0,3146,even,even,mc_gagg_ee,mc_gagg_ee,GAGG,GAGG,True,5,2,6,405
1611,11,4,6,13,13,14.7,-14.7,11.0,3403,odd,even,mc_gagg_oe,mc_gagg_oe,GAGG,GAGG,True,5,2,6,405
1612,12,4,6,12,12,18.9,-14.7,9.0,3148,even,even,mc_gagg_ee,mc_gagg_ee,GAGG,GAGG,True,6,2,6,406
1613,13,4,6,13,13,23.1,-14.7,11.0,3405,odd,even,mc_gagg_oe,mc_gagg_oe,GAGG,GAGG,True,6,2,6,406
1614,14,4,6,12,12,27.3,-14.7,9.0,3150,even,even,mc_gagg_ee,mc_gagg_ee,GAGG,GAGG,True,7,2,6,407
1615,15,4,6,13,13,31.5,-14.7,11.0,3407,odd,even,mc_gagg_oe,mc_gagg_oe,GAGG,GAGG,True,7,2,6,407
1616,0,5,6,13,13,-31.5,-10.5,11.0,3408,even,odd,mc_gagg_eo,mc_gagg_eo,GAGG,GAGG,True,0,2,6,400
1617,1,5,6,12,12,-27.3,-10.5,9.0,3153,odd,odd,mc_gagg_oo,mc_gagg_oo,GAGG,GAGG,True,0,2,6,400
1618,2,5,6,13,13,-23.1,-10.5,11.0,3410,even,odd,mc_gagg_eo,mc_gagg_eo,GAGG,GAGG,True,1,2,6,401
1619,3,5,6,12,12,-18.9,-10.5,9.0,3155,odd,odd,mc_gagg_oo,mc_gagg_oo,GAGG,GAGG,True,1,2,6,401
1620,4,5,6,13,13,-14.7,-10.5,11.0,3412,even,odd,mc_gagg_eo,mc_gagg_eo,GAGG,GAGG,True,2,2,6,402
1621,5,5,6,12,12,-10.5,-10.5,9.0,3157,odd,odd,mc_gagg_oo,mc_gagg_oo,GAGG,GAGG,True,2,2,6,402
1622,6,5,6,13,13,-6.3,-10.5,11.0,3414,even,odd,mc_gagg_eo,mc_gagg_eo,GAGG,GAGG,True,3,2,6,403
1623,7,5,6,12,12,-2.1,-10.5,9.0,3159,odd,odd,mc_gagg_oo,mc_gagg_oo,GAGG,GAGG,True,3,2,6,403
1624,8,5,6,13,13,2.1,-10.5,11.0,3416,even,odd,mc_gagg_eo,mc_gagg_eo,GAGG,GAGG,True,4,2,6,404
1625,9,5,6,12,12,6.3,-10.5,9.0,3161,odd,odd,mc_gagg_oo,mc_gagg_oo,GAGG,GAGG,True,4,2,6,404
1626,10,5,6,13,13,10.5,-10.5,11.0,3418,even,odd,mc_gagg_eo,mc_gagg_eo,GAGG,GAGG,True,5,2,6,405
1627,11,5,6,12,12,14.7,-10.5,9.0,3163,odd,odd,mc_gagg_oo,mc_gagg_oo,GAGG,GAGG,True,5,2,6,405
1628,12,5,6,13,13,18.9,-10.5,11.0,3420,even,odd,mc_gagg_eo,mc_gagg_eo,GAGG,GAGG,True,6,2,6,406
1629,13,5,6,12,12,23.1,-10.5,9.0,3165,odd,odd,mc_gagg_oo,mc_gagg_oo,GAGG,GAGG,True,6,2,6,406
1630,14,5,6,13,13,27.3,-10.5,11.0,3422,even,odd,mc_gagg_eo,mc_gagg_eo,GAGG,GAGG,True,7,2,6,407
1631,15,5,6,12,12,31.5,-10.5,9.0,3167,odd,odd,mc_gagg_oo,mc_gagg_oo,GAGG,GAGG,True,7,2,6,407
1632,0,6,6,12,12,-31.5,-6.3,9.0,3168,even,even,mc_gagg_ee,mc_gagg_ee,GAGG,GAGG,True,0,3,6,408
1633,1,6,6,13,13,-27.3,-6.3,11.0,3425,odd,even,mc_gagg_oe,mc_gagg_oe,GAGG,GAGG,True,0,3,6,408
1634,2,6,6,12,12,-23.1,-6.3,9.0,3170,even,even,mc_gagg_ee,mc_gagg_ee,GAGG,GAGG,True,1,3,6,409
1635,3,6,6,13,13,-18.9,-6.3,11.0,3427,odd,even,mc_gagg_oe,mc_gagg_oe,GAGG,GAGG,True,1,3,6,409
1636,4,6,6,12,12,-14.7,-6.3,9.0,3172,even,even,mc_gagg_ee,mc_gagg_ee,GAGG,GAGG,True,2,3,6,410
1637,5,6,6,13,13,-10.5,-6.3,11.0,3429,odd,even,mc_gagg_oe,mc_gagg_oe,GAGG,GAGG,True,2,3,6,410
1638,6,6,6,12,12,-6.3,-6.3,9.0,3174,even,even,mc_gagg_ee,mc_gagg_ee,GAGG,GAGG,True,3,3,6,411
1639,7,6,6,13,13,-2.1,-6.3,11.0,3431,odd,even,mc_gagg_oe,mc_gagg_oe,GAGG,GAGG,True,3,3,6,411
1640,8,6,6,12,12,2.1,-6.3,9.0,3176,even,even,mc_gagg_ee,mc_gagg_ee,GAGG,GAGG,True,4,3,6,412
1641,9,6,6,13,13,6.3,-6.3,11.0,3433,odd,even,mc_gagg_oe,mc_gagg_oe,GAGG,GAGG,True,4,3,6,412
1642,10,6,6,12,12,10.5,-6.3,9.0,3178,even,even,mc_gagg_ee,mc_gagg_ee,GAGG,GAGG,True,5,3,6,413
1643,11,6,6,13,13,14.7,-6.3,11.0,3435,odd,even,mc_gagg_oe,mc_gagg_oe,GAGG,GAGG,True,5,3,6,413
1644,12,6,6,12,12,18.9,-6.3,9.0,3180,even,even,mc_gagg_ee,mc_gagg_ee,GAGG,GAGG,True,6,3,6,414
1645,13,6,6,13,13,23.1,-6.3,11.0,3437,odd,even,mc_gagg_oe,mc_gagg_oe,GAGG,GAGG,True,6,3,6,414
1646,14,6,6,12,12,27.3,-6.3,9.0,3182,even,even,mc_gagg_ee,mc_gagg_ee,GAGG,GAGG,True,7,3,6,415
1647,15,6,6,13,13,31.5,-6.3,11.0,3439,odd,even,mc_gagg_oe,mc_gagg_oe,GAGG,GAGG,True,7,3,6,415
1648,0,7,6,13,13,-31.5,-2.1,11.0,3440,even,odd,mc_gagg_eo,mc_gagg_eo,GAGG,GAGG,True,0,3,6,408
1649,1,7,6,12,12,-27.3,-2.1,9.0,3185,odd,odd,mc_gagg_oo,mc_gagg_oo,GAGG,GAGG,True,0,3,6,408
1650,2,7,6,13,13,-23.1,-2.1,11.0,3442,even,odd,mc_gagg_eo,mc_gagg_eo,GAGG,GAGG,True,1,3,6,409
1651,3,7,6,12,12,-18.9,-2.1,9.0,3187,odd,odd,mc_gagg_oo,mc_gagg_oo,GAGG,GAGG,True,1,3,6,409
1652,4,7,6,13,13,-14.7,-2.1,11.0,3444,even,odd,mc_gagg_eo,mc_gagg_eo,GAGG,GAGG,True,2,3,6,410
1653,5,7,6,12,12,-10.5,-2.1,9.0,3189,odd,odd,mc_gagg_oo,mc_gagg_oo,GAGG,GAGG,True,2,3,6,410
1654,6,7,6,13,13,-6.3,-2.1,11.0,3446,even,odd,mc_gagg_eo,mc_gagg_eo,GAGG,GAGG,True,3,3,6,411
1655,7,7,6,12,12,-2.1,-2.1,9.0,3191,odd,odd,mc_gagg_oo,mc_gagg_oo,GAGG,GAGG,True,3,3,6,411
1656,8,7,6,13,13,2.1,-2.1,11.0,3448,even,odd,mc_gagg_eo,mc_gagg_eo,GAGG,GAGG,True,4,3,6,412
1657,9,7,6,12,12,6.3,-2.1,9.0,3193,odd,odd,mc_gagg_oo,mc_gagg_oo,GAGG,GAGG,True,4,3,6,412
1658,10,7,6,13,13,10.5,-2.1,11.0,3450,even,odd,mc_gagg_eo,mc_gagg_eo,GAGG,GAGG,True,5,3,6,413
1659,11,7,6,12,12,14.7,-2.1,9.0,3195,odd,odd,mc_gagg_oo,mc_gagg_oo,GAGG,GAGG,True,5,3,6,413
1660,12,7,6,13,13,18.9,-2.1,11.0,3452,even,odd,mc_gagg_eo,mc_gagg_eo,GAGG,GAGG,True,6,3,6,414
1661,13,7,6,12,12,23.1,-2.1,9.0,3197,odd,odd,mc_gagg_oo,mc_gagg_oo,GAGG,GAGG,True,6,3,6,414
1662,14,7,6,13,13,27.3,-2.1,11.0,3454,even,odd,mc_gagg_eo,mc_gagg_eo,GAGG,GAGG,True,7,3,6,415
1663,15,7,6,12,12,31.5,-2.1,9.0,3199,odd,odd,mc_gagg_oo,mc_gagg_oo,GAGG,GAGG,True,7,3,6,415
1664,0,8,6,12,12,-31.5,2.1,9.0,3200,even,even,mc_gagg_ee,mc_gagg_ee,GAGG,GAGG,True,0,4,6,416
1665,1,8,6,13,13,-27.3,2.1,11.0,3457,odd,even,mc_gagg_oe,mc_gagg_oe,GAGG,GAGG,True,0,4,6,416
1666,2,8,6,12,12,-23.1,2.1,9.0,3202,even,even,mc_gagg_ee,mc_gagg_ee,GAGG,GAGG,True,1,4,6,417
1667,3,8,6,13,13,-18.9,2.1,11.0,3459,odd,even,mc_gagg_oe,mc_gagg_oe,GAGG,GAGG,True,1,4,6,417
1668,4,8,6,12,12,-14.7,2.1,9.0,3204,even,even,mc_gagg_ee,mc_gagg_ee,GAGG,GAGG,True,2,4,6,418
1669,5,8,6,13,13,-10.5,2.1,11.0,3461,odd,even,mc_gagg_oe,mc_gagg_oe,GAGG,GAGG,True,2,4,6,418
1670,6,8,6,12,12,-6.3,2.1,9.0,3206,even,even,mc_gagg_ee,mc_gagg_ee,GAGG,GAGG,True,3,4,6,419
1671,7,8,6,13,13,-2.1,2.1,11.0,3463,odd,even,mc_gagg_oe,mc_gagg_oe,GAGG,GAGG,True,3,4,6,419
1672,8,8,6,12,12,2.1,2.1,9.0,3208,even,even,mc_gagg_ee,mc_gagg_ee,GAGG,GAGG,True,4,4,6,420
1673,9,8,6,13,13,6.3,2.1,11.0,3465,odd,even,mc_gagg_oe,mc_gagg_oe,GAGG,GAGG,True,4,4,6,420
1674,10,8,6,12,12,10.5,2.1,9.0,3210,even,even,mc_gagg_ee,mc_gagg_ee,GAGG,GAGG,True,5,4,6,421
1675,11,8,6,13,13,14.7,2.1,11.0,3467,odd,even,mc_gagg_oe,mc_gagg_oe,GAGG,GAGG,True,5,4,6,421
1676,12,8,6,12,12,18.9,2.1,9.0,3212,even,even,mc_gagg_ee,mc_gagg_ee,GAGG,GAGG,True,6,4,6,422
1677,13,8,6,13,13,23.1,2.1,11.0,3469,odd,even,mc_gagg_oe,mc_gagg_oe,GAGG,GAGG,True,6,4,6,422
1678,14,8,6,12,12,27.3,2.1,9.0,3214,even,even,mc_gagg_ee,mc_gagg_ee,GAGG,GAGG,True,7,4,6,423
1679,15,8,6,13,13,31.5,2.1,11.0,3471,odd,even,mc_gagg_oe,mc_gagg_oe,GAGG,GAGG,True,7,4,6,423
1680,0,9,6,13,13,-31.5,6.3,11.0,3472,even,odd,mc_gagg_eo,mc_gagg_eo,GAGG,GAGG,True,0,4,6,416
1681,1,9,6,12,12,-27.3,6.3,9.0,3217,odd,odd,mc_gagg_oo,mc_gagg_oo,GAGG,GAGG,True,0,4,6,416
1682,2,9,6,13,13,-23.1,6.3,11.0,3474,even,odd,mc_gagg_eo,mc_gagg_eo,GAGG,GAGG,True,1,4,6,417
1683,3,9,6,12,12,-18.9,6.3,9.0,3219,odd,odd,mc_gagg_oo,mc_gagg_oo,GAGG,GAGG,True,1,4,6,417
1684,4,9,6,13,13,-14.7,6.3,11.0,3476,even,odd,mc_gagg_eo,mc_gagg_eo,GAGG,GAGG,True,2,4,6,418
1685,5,9,6,12,12,-10.5,6.3,9.0,3221,odd,odd,mc_gagg_oo,mc_gagg_oo,GAGG,GAGG,True,2,4,6,418
1686,6,9,6,13,13,-6.3,6.3,11.0,3478,even,odd,mc_gagg_eo,mc_gagg_eo,GAGG,GAGG,True,3,4,6,419
1687,7,9,6,12,12,-2.1,6.3,9.0,3223,odd,odd,mc_gagg_oo,mc_gagg_oo,GAGG,GAGG,True,3,4,6,419
1688,8,9,6,13,13,2.1,6.3,11.0,3480,even,odd,mc_gagg_eo,mc_gagg_eo,GAGG,GAGG,True,4,4,6,420
1689,9,9,6,12,12,6.3,6.3,9.0,3225,odd,odd,mc_gagg_oo,mc_gagg_oo,GAGG,GAGG,True,4,4,6,420
1690,10,9,6,13,13,10.5,6.3,11.0,3482,even,odd,mc_gagg_eo,mc_gagg_eo,GAGG,GAGG,True,5,4,6,421
1691,11,9,6,12,12,14.7,6.3,9.0,3227,odd,odd,mc_gagg_oo,mc_gagg_oo,GAGG,GAGG,True,5,4,6,421
1692,12,9,6,13,13,18.9,6.3,11.0,3484,even,odd,mc_gagg_eo,mc_gagg_eo,GAGG,GAGG,True,6,4,6,422
1693,13,9,6,12,12,23.1,6.3,9.0,3229,odd,odd,mc_gagg_oo,mc_gagg_oo,GAGG,GAGG,True,6,4,6,422
1694,14,9,6,13,13,27.3,6.3,11.0,3486,even,odd,mc_gagg_eo,mc_gagg_eo,GAGG,GAGG,True,7,4,6,423
1695,15,9,6,12,12,31.5,6.3,9.0,3231,odd,odd,mc_gagg_oo,mc_gagg_oo,GAGG,GAGG,True,7,4,6,423
1696,0,10,6,12,12,-31.5,10.5,9.0,3232,even,even,mc_gagg_ee,mc_gagg_ee,GAGG,GAGG,True,0,5,6,424
1697,1,10,6,13,13,-27.3,10.5,11.0,3489,odd,even,mc_gagg_oe,mc_gagg_oe,GAGG,GAGG,True,0,5,6,424
1698,2,10,6,12,12,-23.1,10.5,9.0,3234,even,even,mc_gagg_ee,mc_gagg_ee,GAGG,GAGG,True,1,5,6,425
1699,3,10,6,13,13,-18.9,10.5,11.0,3491,odd,even,mc_gagg_oe,mc_gagg_oe,GAGG,GAGG,True,1,5,6,425
1700,4,10,6,12,12,-14.7,10.5,9.0,3236,even,even,mc_gagg_ee,mc_gagg_ee,GAGG,GAGG,True,2,5,6,426
1701,5,10,6,13,13,-10.5,10.5,11.0,3493,odd,even,mc_gagg_oe,mc_gagg_oe,GAGG,GAGG,True,2,5,6,426
1702,6,10,6,12,12,-6.3,10.5,9.0,3238,even,even,mc_gagg_ee,mc_gagg_ee,GAGG,GAGG,True,3,5,6,427
1703,7,10,6,13,13,-2.1,10.5,11.0,3495,odd,even,mc_gagg_oe,mc_gagg_oe,GAGG,GAGG,True,3,5,6,427
1704,8,10,6,12,12,2.1,10.5,9.0,3240,even,even,mc_gagg_ee,mc_gagg_ee,GAGG,GAGG,True,4,5,6,428
1705,9,10,6,13,13,6.3,10.5,11.0,3497,odd,even,mc_gagg_oe,mc_gagg_oe,GAGG,GAGG,True,4,5,6,428
1706,10,10,6,12,12,10.5,10.5,9.0,3242,even,even,mc_gagg_ee,mc_gagg_ee,GAGG,GAGG,True,5,5,6,429
1707,11,10,6,13,13,14.7,10.5,11.0,3499,odd,even,mc_gagg_oe,mc_gagg_oe,GAGG,GAGG,True,5,5,6,429
1708,12,10,6,12,12,18.9,10.5,9.0,3244,even,even,mc_gagg_ee,mc_gagg_ee,GAGG,GAGG,True,6,5,6,430
1709,13,10,6,13,13,23.1,10.5,11.0,3501,odd,even,mc_gagg_oe,mc_gagg_oe,GAGG,GAGG,True,6,5,6,430
1710,14,10,6,12,12,27.3,10.5,9.0,3246,even,even,mc_gagg_ee,mc_gagg_ee,GAGG,GAGG,True,7,5,6,431
1711,15,10,6,13,13,31.5,10.5,11.0,3503,odd,even,mc_gagg_oe,mc_gagg_oe,GAGG,GAGG,True,7,5,6,431
1712,0,11,6,13,13,-31.5,14.7,11.0,3504,even,odd,mc_gagg_eo,mc_gagg_eo,GAGG,GAGG,True,0,5,6,424
1713,1,11,6,12,12,-27.3,14.7,9.0,3249,odd,odd,mc_gagg_oo,mc_gagg_oo,GAGG,GAGG,True,0,5,6,424
1714,2,11,6,13,13,-23.1,14.7,11.0,3506,even,odd,mc_gagg_eo,mc_gagg_eo,GAGG,GAGG,True,1,5,6,425
1715,3,11,6,12,12,-18.9,14.7,9.0,3251,odd,odd,mc_gagg_oo,mc_gagg_oo,GAGG,GAGG,True,1,5,6,425
1716,4,11,6,13,13,-14.7,14.7,11.0,3508,even,odd,mc_gagg_eo,mc_gagg_eo,GAGG,GAGG,True,2,5,6,426
1717,5,11,6,12,12,-10.5,14.7,9.0,3253,odd,odd,mc_gagg_oo,mc_gagg_oo,GAGG,GAGG,True,2,5,6,426
1718,6,11,6,13,13,-6.3,14.7,11.0,3510,even,odd,mc_gagg_eo,mc_gagg_eo,GAGG,GAGG,True,3,5,6,427
1719,7,11,6,12,12,-2.1,14.7,9.0,3255,odd,odd,mc_gagg_oo,mc_gagg_oo,GAGG,GAGG,True,3,5,6,427
1720,8,11,6,13,13,2.1,14.7,11.0,3512,even,odd,mc_gagg_eo,mc_gagg_eo,GAGG,GAGG,True,4,5,6,428
1721,9,11,6,12,12,6.3,14.7,9.0,3257,odd,odd,mc_gagg_oo,mc_gagg_oo,GAGG,GAGG,True,4,5,6,428
1722,10,11,6,13,13,10.5,14.7,11.0,3514,even,odd,mc_gagg_eo,mc_gagg_eo,GAGG,GAGG,True,5,5,6,429
1723,11,11,6,12,12,14.7,14.7,9.0,3259,odd,odd,mc_gagg_oo,mc_gagg_oo,GAGG,GAGG,True,5,5,6,429
1724,12,11,6,13,13,18.9,14.7,11.0,3516,even,odd,mc_gagg_eo,mc_gagg_eo,GAGG,GAGG,True,6,5,6,430
1725,13,11,6,12,12,23.1,14.7,9.0,3261,odd,odd,mc_gagg_oo,mc_gagg_oo,GAGG,GAGG,True,6,5,6,430
1726,14,11,6,13,13,27.3,14.7,11.0,3518,even,odd,mc_gagg_eo,mc_gagg_eo,GAGG,GAGG,True,7,5,6,431
1727,15,11,6,12,12,31.5,14.7,9.0,3263,odd,odd,mc_gagg_oo,mc_gagg_oo,GAGG,GAGG,True,7,5,6,431
1728,0,12,6,12,12,-31.5,18.9,9.0,3264,even,even,mc_gagg_ee,mc_gagg_ee,GAGG,GAGG,True,0,6,6,432
1729,1,12,6,13,13,-27.3,18.9,11.0,3521,odd,even,mc_gagg_oe,mc_gagg_oe,GAGG,GAGG,True,0,6,6,432
1730,2,12,6,12,12,-23.1,18.9,9.0,3266,even,even,mc_gagg_ee,mc_gagg_ee,GAGG,GAGG,True,1,6,6,433
1731,3,12,6,13,13,-18.9,18.9,11.0,3523,odd,even,mc_gagg_oe,mc_gagg_oe,GAGG,GAGG,True,1,6,6,433
1732,4,12,6,12,12,-14.7,18.9,9.0,3268,even,even,mc_gagg_ee,mc_gagg_ee,GAGG,GAGG,True,2,6,6,434
1733,5,12,6,13,13,-10.5,18.9,11.0,3525,odd,even,mc_gagg_oe,mc_gagg_oe,GAGG,GAGG,True,2,6,6,434
1734,6,12,6,12,12,-6.3,18.9,9.0,3270,even,even,mc_gagg_ee,mc_gagg_ee,GAGG,GAGG,True,3,6,6,435
1735,7,12,6,13,13,-2.1,18.9,11.0,3527,odd,even,mc_gagg_oe,mc_gagg_oe,GAGG,GAGG,True,3,6,6,435
1736,8,12,6,12,12,2.1,18.9,9.0,3272,even,even,mc_gagg_ee,mc_gagg_ee,GAGG,GAGG,True,4,6,6,436
1737,9,12,6,13,13,6.3,18.9,11.0,3529,odd,even,mc_gagg_oe,mc_gagg_oe,GAGG,GAGG,True,4,6,6,436
1738,10,12,6,12,12,10.5,18.9,9.0,3274,even,even,mc_gagg_ee,mc_gagg_ee,GAGG,GAGG,True,5,6,6,437
1739,11,12,6,13,13,14.7,18.9,11.0,3531,odd,even,mc_gagg_oe,mc_gagg_oe,GAGG,GAGG,True,5,6,6,437
1740,12,12,6,12,12,18.9,18.9,9.0,3276,even,even,mc_gagg_ee,mc_gagg_ee,GAGG,GAGG,True,6,6,6,438
1741,13,12,6,13,13,23.1,18.9,11.0,3533,odd,even,mc_gagg_oe,mc_gagg_oe,GAGG,GAGG,True,6,6,6,438
1742,14,12,6,12,12,27.3,18.9,9.0,3278,even,even,mc_gagg_ee,mc_gagg_ee,GAGG,GAGG,True,7,6,6,439
1743,15,12,6,13,13,31.5,18.9,11.0,3535,odd,even,mc_gagg_oe,mc_gagg_oe,GAGG,GAGG,True,7,6,6,439
1744,0,13,6,13,13,-31.5,23.1,11.0,3536,even,odd,mc_gagg_eo,mc_gagg_eo,GAGG,GAGG,True,0,6,6,432
1745,1,13,6,12,12,-27.3,23.1,9.0,3281,odd,odd,mc_gagg_oo,mc_gagg_oo,GAGG,GAGG,True,0,6,6,432
1746,2,13,6,13,13,-23.1,23.1,11.0,3538,even,odd,mc_gagg_eo,mc_gagg_eo,GAGG,GAGG,True,1,6,6,433
1747,3,13,6,12,12,-18.9,23.1,9.0,3283,odd,odd,mc_gagg_oo,mc_gagg_oo,GAGG,GAGG,True,1,6,6,433
1748,4,13,6,13,13,-14.7,23.1,11.0,3540,even,odd,mc_gagg_eo,mc_gagg_eo,GAGG,GAGG,True,2,6,6,434
1749,5,13,6,12,12,-10.5,23.1,9.0,3285,odd,odd,mc_gagg_oo,mc_gagg_oo,GAGG,GAGG,True,2,6,6,434
1750,6,13,6,13,13,-6.3,23.1,11.0,3542,even,odd,mc_gagg_eo,mc_gagg_eo,GAGG,GAGG,True,3,6,6,435
1751,7,13,6,12,12,-2.1,23.1,9.0,3287,odd,odd,mc_gagg_oo,mc_gagg_oo,GAGG,GAGG,True,3,6,6,435
1752,8,13,6,13,13,2.1,23.1,11.0,3544,even,odd,mc_gagg_eo,mc_gagg_eo,GAGG,GAGG,True,4,6,6,436
1753,9,13,6,12,12,6.3,23.1,9.0,3289,odd,odd,mc_gagg_oo,mc_gagg_oo,GAGG,GAGG,True,4,6,6,436
1754,10,13,6,13,13,10.5,23.1,11.0,3546,even,odd,mc_gagg_eo,mc_gagg_eo,GAGG,GAGG,True,5,6,6,437
1755,11,13,6,12,12,14.7,23.1,9.0,3291,odd,odd,mc_gagg_oo,mc_gagg_oo,GAGG,GAGG,True,5,6,6,437
1756,12,13,6,13,13,18.9,23.1,11.0,3548,even,odd,mc_gagg_eo,mc_gagg_eo,GAGG,GAGG,True,6,6,6,438
1757,13,13,6,12,12,23.1,23.1,9.0,3293,odd,odd,mc_gagg_oo,mc_gagg_oo,GAGG,GAGG,True,6,6,6,438
1758,14,13,6,13,13,27.3,23.1,11.0,3550,even,odd,mc_gagg_eo,mc_gagg_eo,GAGG,GAGG,True,7,6,6,439
1759,15,13,6,12,12,31.5,23.1,9.0,3295,odd,odd,mc_gagg_oo,mc_gagg_oo,GAGG,GAGG,True,7,6,6,439
1760,0,14,6,12,12,-31.5,27.3,9.0,3296,even,even,mc_gagg_ee,mc_gagg_ee,GAGG,GAGG,True,0,7,6,440
1761,1,14,6,13,13,-27.3,27.3,11.0,3553,odd,even,mc_gagg_oe,mc_gagg_oe,GAGG,GAGG,True,0,7,6,440
1762,2,14,6,12,12,-23.1,27.3,9.0,3298,even,even,mc_gagg_ee,mc_gagg_ee,GAGG,GAGG,True,1,7,6,441
1763,3,14,6,13,13,-18.9,27.3,11.0,3555,odd,even,mc_gagg_oe,mc_gagg_oe,GAGG,GAGG,True,1,7,6,441
1764,4,14,6,12,12,-14.7,27.3,9.0,3300,even,even,mc_gagg_ee,mc_gagg_ee,GAGG,GAGG,True,2,7,6,442
1765,5,14,6,13,13,-10.5,27.3,11.0,3557,odd,even,mc_gagg_oe,mc_gagg_oe,GAGG,GAGG,True,2,7,6,442
1766,6,14,6,12,12,-6.3,27.3,9.0,3302,even,even,mc_gagg_ee,mc_gagg_ee,GAGG,GAGG,True,3,7,6,443
1767,7,14,6,13,13,-2.1,27.3,11.0,3559,odd,even,mc_gagg_oe,mc_gagg_oe,GAGG,GAGG,True,3,7,6,443
1768,8,14,6,12,12,2.1,27.3,9.0,3304,even,even,mc_gagg_ee,mc_gagg_ee,GAGG,GAGG,True,4,7,6,444
1769,9,14,6,13,13,6.3,27.3,11.0,3561,odd,even,mc_gagg_oe,mc_gagg_oe,GAGG,GAGG,True,4,7,6,444
1770,10,14,6,12,12,10.5,27.3,9.0,3306,even,even,mc_gagg_ee,mc_gagg_ee,GAGG,GAGG,True,5,7,6,445
1771,11,14,6,13,13,14.7,27.3,11.0,3563,odd,even,mc_gagg_oe,mc_gagg_oe,GAGG,GAGG,True,5,7,6,445
1772,12,14,6,12,12,18.9,27.3,9.0,3308,even,even,mc_gagg_ee,mc_gagg_ee,GAGG,GAGG,True,6,7,6,446
1773,13,14,6,13,13,23.1,27.3,11.0,3565,odd,even,mc_gagg_oe,mc_gagg_oe,GAGG,GAGG,True,6,7,6,446
1774,14,14,6,12,12,27.3,27.3,9.0,3310,even,even,mc_gagg_ee,mc_gagg_ee,GAGG,GAGG,True,7,7,6,447
1775,15,14,6,13,13,31.5,27.3,11.0,3567,odd,even,mc_gagg_oe,mc_gagg_oe,GAGG,GAGG,True,7,7,6,447
1776,0,15,6,13,13,-31.5,31.5,11.0,3568,even,odd,mc_gagg_eo,mc_gagg_eo,GAGG,GAGG,True,0,7,6,440
1777,1,15,6,12,12,-27.3,31.5,9.0,3313,odd,odd,mc_gagg_oo,mc_gagg_oo,GAGG,GAGG,True,0,7,6,440
1778,2,15,6,13,13,-23.1,31.5,11.0,3570,even,odd,mc_gagg_eo,mc_gagg_eo,GAGG,GAGG,True,1,7,6,441
1779,3,15,6,12,12,-18.9,31.5,9.0,3315,odd,odd,mc_gagg_oo,mc_gagg_oo,GAGG,GAGG,True,1,7,6,441
1780,4,15,6,13,13,-14.7,31.5,11.0,3572,even,odd,mc_gagg_eo,mc_gagg_eo,GAGG,GAGG,True,2,7,6,442
1781,5,15,6,12,12,-10.5,31.5,9.0,3317,odd,odd,mc_gagg_oo,mc_gagg_oo,GAGG,GAGG,True,2,7,6,442
1782,6,15,6,13,13,-6.3,31.5,11.0,3574,even,odd,mc_gagg_eo,mc_gagg_eo,GAGG,GAGG,True,3,7,6,443
1783,7,15,6,12,12,-2.1,31.5,9.0,3319,odd,odd,mc_gagg_oo,mc_gagg_oo,GAGG,GAGG,True,3,7,6,443
1784,8,15,6,13,13,2.1,31.5,11.0,3576,even,odd,mc_gagg_eo,mc_gagg_eo,GAGG,GAGG,True,4,7,6,444
1785,9,15,6,12,12,6.3,31.5,9.0,3321,odd,odd,mc_gagg_oo,mc_gagg_oo,GAGG,GAGG,True,4,7,6,444
1786,10,15,6,13,13,10.5,31.5,11.0,3578,even,odd,mc_gagg_eo,mc_gagg_eo,GAGG,GAGG,True,5,7,6,445
1787,11,15,6,12,12,14.7,31.5,9.0,3323,odd,odd,mc_gagg_oo,mc_gagg_oo,GAGG,GAGG,True,5,7,6,445
1788,12,15,6,13,13,18.9,31.5,11.0,3580,even,odd,mc_gagg_eo,mc_gagg_eo,GAGG,GAGG,True,6,7,6,446
1789,13,15,6,12,12,23.1,31.5,9.0,3325,odd,odd,mc_gagg_oo,mc_gagg_oo,GAGG,GAGG,True,6,7,6,446
1790,14,15,6,13,13,27.3,31.5,11.0,3582,even,odd,mc_gagg_eo,mc_gagg_eo,GAGG,GAGG,True,7,7,6,447
1791,15,15,6,12,12,31.5,31.5,9.0,3327,odd,odd,mc_gagg_oo,mc_gagg_oo,GAGG,GAGG,True,7,7,6,447
1792,0,0,7,14,14,-31.5,-31.5,13.0,3584,even,even,mc_gagg_ee,mc_gagg_ee,GAGG,GAGG,True,0,0,7,448
1793,1,0,7,15,15,-27.3,-31.5,15.0,3841,odd,even,mc_gagg_oe,mc_gagg_oe,GAGG,GAGG,True,0,0,7,448
1794,2,0,7,14,14,-23.1,-31.5,13.0,3586,even,even,mc_gagg_ee,mc_gagg_ee,GAGG,GAGG,True,1,0,7,449
1795,3,0,7,15,15,-18.9,-31.5,15.0,3843,odd,even,mc_gagg_oe,mc_gagg_oe,GAGG,GAGG,True,1,0,7,449
1796,4,0,7,14,14,-14.7,-31.5,13.0,3588,even,even,mc_gagg_ee,mc_gagg_ee,GAGG,GAGG,True,2,0,7,450
1797,5,0,7,15,15,-10.5,-31.5,15.0,3845,odd,even,mc_gagg_oe,mc_gagg_oe,GAGG,GAGG,True,2,0,7,450
1798,6,0,7,14,14,-6.3,-31.5,13.0,3590,even,even,mc_gagg_ee,mc_gagg_ee,GAGG,GAGG,True,3,0,7,451
1799,7,0,7,15,15,-2.1,-31.5,15.0,3847,odd,even,mc_gagg_oe,mc_gagg_oe,GAGG,GAGG,True,3,0,7,451
1800,8,0,7,14,14,2.1,-31.5,13.0,3592,even,even,mc_gagg_ee,mc_gagg_ee,GAGG,GAGG,True,4,0,7,452
1801,9,0,7,15,15,6.3,-31.5,15.0,3849,odd,even,mc_gagg_oe,mc_gagg_oe,GAGG,GAGG,True,4,0,7,452
1802,10,0,7,14,14,10.5,-31.5,13.0,3594,even,even,mc_gagg_ee,mc_gagg_ee,GAGG,GAGG,True,5,0,7,453
1803,11,0,7,15,15,14.7,-31.5,15.0,3851,odd,even,mc_gagg_oe,mc_gagg_oe,GAGG,GAGG,True,5,0,7,453
1804,12,0,7,14,14,18.9,-31.5,13.0,3596,even,even,mc_gagg_ee,mc_gagg_ee,GAGG,GAGG,True,6,0,7,454
1805,13,0,7,15,15,23.1,-31.5,15.0,3853,odd,even,mc_gagg_oe,mc_gagg_oe,GAGG,GAGG,True,6,0,7,454
1806,14,0,7,14,14,27.3,-31.5,13.0,3598,even,even,mc_gagg_ee,mc_gagg_ee,GAGG,GAGG,True,7,0,7,455
1807,15,0,7,15,15,31.5,-31.5,15.0,3855,odd,even,mc_gagg_oe,mc_gagg_oe,GAGG,GAGG,True,7,0,7,455
1808,0,1,7,15,15,-31.5,-27.3,15.0,3856,even,odd,mc_gagg_eo,mc_gagg_eo,GAGG,GAGG,True,0,0,7,448
1809,1,1,7,14,14,-27.3,-27.3,13.0,3601,odd,odd,mc_gagg_oo,mc_gagg_oo,GAGG,GAGG,True,0,0,7,448
1810,2,1,7,15,15,-23.1,-27.3,15.0,3858,even,odd,mc_gagg_eo,mc_gagg_eo,GAGG,GAGG,True,1,0,7,449
1811,3,1,7,14,14,-18.9,-27.3,13.0,3603,odd,odd,mc_gagg_oo,mc_gagg_oo,GAGG,GAGG,True,1,0,7,449
1812,4,1,7,15,15,-14.7,-27.3,15.0,3860,even,odd,mc_gagg_eo,mc_gagg_eo,GAGG,GAGG,True,2,0,7,450
1813,5,1,7,14,14,-10.5,-27.3,13.0,3605,odd,odd,mc_gagg_oo,mc_gagg_oo,GAGG,GAGG,True,2,0,7,450
1814,6,1,7,15,15,-6.3,-27.3,15.0,3862,even,odd,mc_gagg_eo,mc_gagg_eo,GAGG,GAGG,True,3,0,7,451
1815,7,1,7,14,14,-2.1,-27.3,13.0,3607,odd,odd,mc_gagg_oo,mc_gagg_oo,GAGG,GAGG,True,3,0,7,451
1816,8,1,7,15,15,2.1,-27.3,15.0,3864,even,odd,mc_gagg_eo,mc_gagg_eo,GAGG,GAGG,True,4,0,7,452
1817,9,1,7,14,14,6.3,-27.3,13.0,3609,odd,odd,mc_gagg_oo,mc_gagg_oo,GAGG,GAGG,True,4,0,7,452
1818,10,1,7,15,15,10.5,-27.3,15.0,3866,even,odd,mc_gagg_eo,mc_gagg_eo,GAGG,GAGG,True,5,0,7,453
1819,11,1,7,14,14,14.7,-27.3,13.0,3611,odd,odd,mc_gagg_oo,mc_gagg_oo,GAGG,GAGG,True,5,0,7,453
1820,12,1,7,15,15,18.9,-27.3,15.0,3868,even,odd,mc_gagg_eo,mc_gagg_eo,GAGG,GAGG,True,6,0,7,454
1821,13,1,7,14,14,23.1,-27.3,13.0,3613,odd,odd,mc_gagg_oo,mc_gagg_oo,GAGG,GAGG,True,6,0,7,454
1822,14,1,7,15,15,27.3,-27.3,15.0,3870,even,odd,mc_gagg_eo,mc_gagg_eo,GAGG,GAGG,True,7,0,7,455
1823,15,1,7,14,14,31.5,-27.3,13.0,3615,odd,odd,mc_gagg_oo,mc_gagg_oo,GAGG,GAGG,True,7,0,7,455
1824,0,2,7,14,14,-31.5,-23.1,13.0,3616,even,even,mc_gagg_ee,mc_gagg_ee,GAGG,GAGG,True,0,1,7,456
1825,1,2,7,15,15,-27.3,-23.1,15.0,3873,odd,even,mc_gagg_oe,mc_gagg_oe,GAGG,GAGG,True,0,1,7,456
1826,2,2,7,14,14,-23.1,-23.1,13.0,3618,even,even,mc_gagg_ee,mc_gagg_ee,GAGG,GAGG,True,1,1,7,457
1827,3,2,7,15,15,-18.9,-23.1,15.0,3875,odd,even,mc_gagg_oe,mc_gagg_oe,GAGG,GAGG,True,1,1,7,457
1828,4,2,7,14,14,-14.7,-23.1,13.0,3620,even,even,mc_gagg_ee,mc_gagg_ee,GAGG,GAGG,True,2,1,7,458
1829,5,2,7,15,15,-10.5,-23.1,15.0,3877,odd,even,mc_gagg_oe,mc_gagg_oe,GAGG,GAGG,True,2,1,7,458
1830,6,2,7,14,14,-6.3,-23.1,13.0,3622,even,even,mc_gagg_ee,mc_gagg_ee,GAGG,GAGG,True,3,1,7,459
1831,7,2,7,15,15,-2.1,-23.1,15.0,3879,odd,even,mc_gagg_oe,mc_gagg_oe,GAGG,GAGG,True,3,1,7,459
1832,8,2,7,14,14,2.1,-23.1,13.0,3624,even,even,mc_gagg_ee,mc_gagg_ee,GAGG,GAGG,True,4,1,7,460
1833,9,2,7,15,15,6.3,-23.1,15.0,3881,odd,even,mc_gagg_oe,mc_gagg_oe,GAGG,GAGG,True,4,1,7,460
1834,10,2,7,14,14,10.5,-23.1,13.0,3626,even,even,mc_gagg_ee,mc_gagg_ee,GAGG,GAGG,True,5,1,7,461
1835,11,2,7,15,15,14.7,-23.1,15.0,3883,odd,even,mc_gagg_oe,mc_gagg_oe,GAGG,GAGG,True,5,1,7,461
1836,12,2,7,14,14,18.9,-23.1,13.0,3628,even,even,mc_gagg_ee,mc_gagg_ee,GAGG,GAGG,True,6,1,7,462
1837,13,2,7,15,15,23.1,-23.1,15.0,3885,odd,even,mc_gagg_oe,mc_gagg_oe,GAGG,GAGG,True,6,1,7,462
1838,14,2,7,14,14,27.3,-23.1,13.0,3630,even,even,mc_gagg_ee,mc_gagg_ee,GAGG,GAGG,True,7,1,7,463
1839,15,2,7,15,15,31.5,-23.1,15.0,3887,odd,even,mc_gagg_oe,mc_gagg_oe,GAGG,GAGG,True,7,1,7,463
1840,0,3,7,15,15,-31.5,-18.9,15.0,3888,even,odd,mc_gagg_eo,mc_gagg_eo,GAGG,GAGG,True,0,1,7,456
1841,1,3,7,14,14,-27.3,-18.9,13.0,3633,odd,odd,mc_gagg_oo,mc_gagg_oo,GAGG,GAGG,True,0,1,7,456
1842,2,3,7,15,15,-23.1,-18.9,15.0,3890,even,odd,mc_gagg_eo,mc_gagg_eo,GAGG,GAGG,True,1,1,7,457
1843,3,3,7,14,14,-18.9,-18.9,13.0,3635,odd,odd,mc_gagg_oo,mc_gagg_oo,GAGG,GAGG,True,1,1,7,457
1844,4,3,7,15,15,-14.7,-18.9,15.0,3892,even,odd,mc_gagg_eo,mc_gagg_eo,GAGG,GAGG,True,2,1,7,458
1845,5,3,7,14,14,-10.5,-18.9,13.0,3637,odd,odd,mc_gagg_oo,mc_gagg_oo,GAGG,GAGG,True,2,1,7,458
1846,6,3,7,15,15,-6.3,-18.9,15.0,3894,even,odd,mc_gagg_eo,mc_gagg_eo,GAGG,GAGG,True,3,1,7,459
1847,7,3,7,14,14,-2.1,-18.9,13.0,3639,odd,odd,mc_gagg_oo,mc_gagg_oo,GAGG,GAGG,True,3,1,7,459
1848,8,3,7,15,15,2.1,-18.9,15.0,3896,even,odd,mc_gagg_eo,mc_gagg_eo,GAGG,GAGG,True,4,1,7,460
1849,9,3,7,14,14,6.3,-18.9,13.0,3641,odd,odd,mc_gagg_oo,mc_gagg_oo,GAGG,GAGG,True,4,1,7,460
1850,10,3,7,15,15,10.5,-18.9,15.0,3898,even,odd,mc_gagg_eo,mc_gagg_eo,GAGG,GAGG,True,5,1,7,461
1851,11,3,7,14,14,14.7,-18.9,13.0,3643,odd,odd,mc_gagg_oo,mc_gagg_oo,GAGG,GAGG,True,5,1,7,461
1852,12,3,7,15,15,18.9,-18.9,15.0,3900,even,odd,mc_gagg_eo,mc_gagg_eo,GAGG,GAGG,True,6,1,7,462
1853,13,3,7,14,14,23.1,-18.9,13.0,3645,odd,odd,mc_gagg_oo,mc_gagg_oo,GAGG,GAGG,True,6,1,7,462
1854,14,3,7,15,15,27.3,-18.9,15.0,3902,even,odd,mc_gagg_eo,mc_gagg_eo,GAGG,GAGG,True,7,1,7,463
1855,15,3,7,14,14,31.5,-18.9,13.0,3647,odd,odd,mc_gagg_oo,mc_gagg_oo,GAGG,GAGG,True,7,1,7,463
1856,0,4,7,14,14,-31.5,-14.7,13.0,3648,even,even,mc_gagg_ee,mc_gagg_ee,GAGG,GAGG,True,0,2,7,464
1857,1,4,7,15,15,-27.3,-14.7,15.0,3905,odd,even,mc_gagg_oe,mc_gagg_oe,GAGG,GAGG,True,0,2,7,464
1858,2,4,7,14,14,-23.1,-14.7,13.0,3650,even,even,mc_gagg_ee,mc_gagg_ee,GAGG,GAGG,True,1,2,7,465
1859,3,4,7,15,15,-18.9,-14.7,15.0,3907,odd,even,mc_gagg_oe,mc_gagg_oe,GAGG,GAGG,True,1,2,7,465
1860,4,4,7,14,14,-14.7,-14.7,13.0,3652,even,even,mc_gagg_ee,mc_gagg_ee,GAGG,GAGG,True,2,2,7,466
1861,5,4,7,15,15,-10.5,-14.7,15.0,3909,odd,even,mc_gagg_oe,mc_gagg_oe,GAGG,GAGG,True,2,2,7,466
1862,6,4,7,14,14,-6.3,-14.7,13.0,3654,even,even,mc_gagg_ee,mc_gagg_ee,GAGG,GAGG,True,3,2,7,467
1863,7,4,7,15,15,-2.1,-14.7,15.0,3911,odd,even,mc_gagg_oe,mc_gagg_oe,GAGG,GAGG,True,3,2,7,467
1864,8,4,7,14,14,2.1,-14.7,13.0,3656,even,even,mc_gagg_ee,mc_gagg_ee,GAGG,GAGG,True,4,2,7,468
1865,9,4,7,15,15,6.3,-14.7,15.0,3913,odd,even,mc_gagg_oe,mc_gagg_oe,GAGG,GAGG,True,4,2,7,468
1866,10,4,7,14,14,10.5,-14.7,13.0,3658,even,even,mc_gagg_ee,mc_gagg_ee,GAGG,GAGG,True,5,2,7,469
1867,11,4,7,15,15,14.7,-14.7,15.0,3915,odd,even,mc_gagg_oe,mc_gagg_oe,GAGG,GAGG,True,5,2,7,469
1868,12,4,7,14,14,18.9,-14.7,13.0,3660,even,even,mc_gagg_ee,mc_gagg_ee,GAGG,GAGG,True,6,2,7,470
1869,13,4,7,15,15,23.1,-14.7,15.0,3917,odd,even,mc_gagg_oe,mc_gagg_oe,GAGG,GAGG,True,6,2,7,470
1870,14,4,7,14,14,27.3,-14.7,13.0,3662,even,even,mc_gagg_ee,mc_gagg_ee,GAGG,GAGG,True,7,2,7,471
1871,15,4,7,15,15,31.5,-14.7,15.0,3919,odd,even,mc_gagg_oe,mc_gagg_oe,GAGG,GAGG,True,7,2,7,471
1872,0,5,7,15,15,-31.5,-10.5,15.0,3920,even,odd,mc_gagg_eo,mc_gagg_eo,GAGG,GAGG,True,0,2,7,464
1873,1,5,7,14,14,-27.3,-10.5,13.0,3665,odd,odd,mc_gagg_oo,mc_gagg_oo,GAGG,GAGG,True,0,2,7,464
1874,2,5,7,15,15,-23.1,-10.5,15.0,3922,even,odd,mc_gagg_eo,mc_gagg_eo,GAGG,GAGG,True,1,2,7,465
1875,3,5,7,14,14,-18.9,-10.5,13.0,3667,odd,odd,mc_gagg_oo,mc_gagg_oo,GAGG,GAGG,True,1,2,7,465
1876,4,5,7,15,15,-14.7,-10.5,15.0,3924,even,odd,mc_gagg_eo,mc_gagg_eo,GAGG,GAGG,True,2,2,7,466
1877,5,5,7,14,14,-10.5,-10.5,13.0,3669,odd,odd,mc_gagg_oo,mc_gagg_oo,GAGG,GAGG,True,2,2,7,466
1878,6,5,7,15,15,-6.3,-10.5,15.0,3926,even,odd,mc_gagg_eo,mc_gagg_eo,GAGG,GAGG,True,3,2,7,467
1879,7,5,7,14,14,-2.1,-10.5,13.0,3671,odd,odd,mc_gagg_oo,mc_gagg_oo,GAGG,GAGG,True,3,2,7,467
1880,8,5,7,15,15,2.1,-10.5,15.0,3928,even,odd,mc_gagg_eo,mc_gagg_eo,GAGG,GAGG,True,4,2,7,468
1881,9,5,7,14,14,6.3,-10.5,13.0,3673,odd,odd,mc_gagg_oo,mc_gagg_oo,GAGG,GAGG,True,4,2,7,468
1882,10,5,7,15,15,10.5,-10.5,15.0,3930,even,odd,mc_gagg_eo,mc_gagg_eo,GAGG,GAGG,True,5,2,7,469
1883,11,5,7,14,14,14.7,-10.5,13.0,3675,odd,odd,mc_gagg_oo,mc_gagg_oo,GAGG,GAGG,True,5,2,7,469
1884,12,5,7,15,15,18.9,-10.5,15.0,3932,even,odd,mc_gagg_eo,mc_gagg_eo,GAGG,GAGG,True,6,2,7,470
1885,13,5,7,14,14,23.1,-10.5,13.0,3677,odd,odd,mc_gagg_oo,mc_gagg_oo,GAGG,GAGG,True,6,2,7,470
1886,14,5,7,15,15,27.3,-10.5,15.0,3934,even,odd,mc_gagg_eo,mc_gagg_eo,GAGG,GAGG,True,7,2,7,471
1887,15,5,7,14,14,31.5,-10.5,13.0,3679,odd,odd,mc_gagg_oo,mc_gagg_oo,GAGG,GAGG,True,7,2,7,471
1888,0,6,7,14,14,-31.5,-6.3,13.0,3680,even,even,mc_gagg_ee,mc_gagg_ee,GAGG,GAGG,True,0,3,7,472
1889,1,6,7,15,15,-27.3,-6.3,15.0,3937,odd,even,mc_gagg_oe,mc_gagg_oe,GAGG,GAGG,True,0,3,7,472
1890,2,6,7,14,14,-23.1,-6.3,13.0,3682,even,even,mc_gagg_ee,mc_gagg_ee,GAGG,GAGG,True,1,3,7,473
1891,3,6,7,15,15,-18.9,-6.3,15.0,3939,odd,even,mc_gagg_oe,mc_gagg_oe,GAGG,GAGG,True,1,3,7,473
1892,4,6,7,14,14,-14.7,-6.3,13.0,3684,even,even,mc_gagg_ee,mc_gagg_ee,GAGG,GAGG,True,2,3,7,474
1893,5,6,7,15,15,-10.5,-6.3,15.0,3941,odd,even,mc_gagg_oe,mc_gagg_oe,GAGG,GAGG,True,2,3,7,474
1894,6,6,7,14,14,-6.3,-6.3,13.0,3686,even,even,mc_gagg_ee,mc_gagg_ee,GAGG,GAGG,True,3,3,7,475
1895,7,6,7,15,15,-2.1,-6.3,15.0,3943,odd,even,mc_gagg_oe,mc_gagg_oe,GAGG,GAGG,True,3,3,7,475
1896,8,6,7,14,14,2.1,-6.3,13.0,3688,even,even,mc_gagg_ee,mc_gagg_ee,GAGG,GAGG,True,4,3,7,476
1897,9,6,7,15,15,6.3,-6.3,15.0,3945,odd,even,mc_gagg_oe,mc_gagg_oe,GAGG,GAGG,True,4,3,7,476
1898,10,6,7,14,14,10.5,-6.3,13.0,3690,even,even,mc_gagg_ee,mc_gagg_ee,GAGG,GAGG,True,5,3,7,477
1899,11,6,7,15,15,14.7,-6.3,15.0,3947,odd,even,mc_gagg_oe,mc_gagg_oe,GAGG,GAGG,True,5,3,7,477
1900,12,6,7,14,14,18.9,-6.3,13.0,3692,even,even,mc_gagg_ee,mc_gagg_ee,GAGG,GAGG,True,6,3,7,478
1901,13,6,7,15,15,23.1,-6.3,15.0,3949,odd,even,mc_gagg_oe,mc_gagg_oe,GAGG,GAGG,True,6,3,7,478
1902,14,6,7,14,14,27.3,-6.3,13.0,3694,even,even,mc_gagg_ee,mc_gagg_ee,GAGG,GAGG,True,7,3,7,479
1903,15,6,7,15,15,31.5,-6.3,15.0,3951,odd,even,mc_gagg_oe,mc_gagg_oe,GAGG,GAGG,True,7,3,7,479
1904,0,7,7,15,15,-31.5,-2.1,15.0,3952,even,odd,mc_gagg_eo,mc_gagg_eo,GAGG,GAGG,True,0,3,7,472
1905,1,7,7,14,14,-27.3,-2.1,13.0,3697,odd,odd,mc_gagg_oo,mc_gagg_oo,GAGG,GAGG,True,0,3,7,472
1906,2,7,7,15,15,-23.1,-2.1,15.0,3954,even,odd,mc_gagg_eo,mc_gagg_eo,GAGG,GAGG,True,1,3,7,473
1907,3,7,7,14,14,-18.9,-2.1,13.0,3699,odd,odd,mc_gagg_oo,mc_gagg_oo,GAGG,GAGG,True,1,3,7,473
1908,4,7,7,15,15,-14.7,-2.1,15.0,3956,even,odd,mc_gagg_eo,mc_gagg_eo,GAGG,GAGG,True,2,3,7,474
1909,5,7,7,14,14,-10.5,-2.1,13.0,3701,odd,odd,mc_gagg_oo,mc_gagg_oo,GAGG,GAGG,True,2,3,7,474
1910,6,7,7,15,15,-6.3,-2.1,15.0,3958,even,odd,mc_gagg_eo,mc_gagg_eo,GAGG,GAGG,True,3,3,7,475
1911,7,7,7,14,14,-2.1,-2.1,13.0,3703,odd,odd,mc_gagg_oo,mc_gagg_oo,GAGG,GAGG,True,3,3,7,475
1912,8,7,7,15,15,2.1,-2.1,15.0,3960,even,odd,mc_gagg_eo,mc_gagg_eo,GAGG,GAGG,True,4,3,7,476
1913,9,7,7,14,14,6.3,-2.1,13.0,3705,odd,odd,mc_gagg_oo,mc_gagg_oo,GAGG,GAGG,True,4,3,7,476
1914,10,7,7,15,15,10.5,-2.1,15.0,3962,even,odd,mc_gagg_eo,mc_gagg_eo,GAGG,GAGG,True,5,3,7,477
1915,11,7,7,14,14,14.7,-2.1,13.0,3707,odd,odd,mc_gagg_oo,mc_gagg_oo,GAGG,GAGG,True,5,3,7,477
1916,12,7,7,15,15,18.9,-2.1,15.0,3964,even,odd,mc_gagg_eo,mc_gagg_eo,GAGG,GAGG,True,6,3,7,478
1917,13,7,7,14,14,23.1,-2.1,13.0,3709,odd,odd,mc_gagg_oo,mc_gagg_oo,GAGG,GAGG,True,6,3,7,478
1918,14,7,7,15,15,27.3,-2.1,15.0,3966,even,odd,mc_gagg_eo,mc_gagg_eo,GAGG,GAGG,True,7,3,7,479
1919,15,7,7,14,14,31.5,-2.1,13.0,3711,odd,odd,mc_gagg_oo,mc_gagg_oo,GAGG,GAGG,True,7,3,7,479
1920,0,8,7,14,14,-31.5,2.1,13.0,3712,even,even,mc_gagg_ee,mc_gagg_ee,GAGG,GAGG,True,0,4,7,480
1921,1,8,7,15,15,-27.3,2.1,15.0,3969,odd,even,mc_gagg_oe,mc_gagg_oe,GAGG,GAGG,True,0,4,7,480
1922,2,8,7,14,14,-23.1,2.1,13.0,3714,even,even,mc_gagg_ee,mc_gagg_ee,GAGG,GAGG,True,1,4,7,481
1923,3,8,7,15,15,-18.9,2.1,15.0,3971,odd,even,mc_gagg_oe,mc_gagg_oe,GAGG,GAGG,True,1,4,7,481
1924,4,8,7,14,14,-14.7,2.1,13.0,3716,even,even,mc_gagg_ee,mc_gagg_ee,GAGG,GAGG,True,2,4,7,482
1925,5,8,7,15,15,-10.5,2.1,15.0,3973,odd,even,mc_gagg_oe,mc_gagg_oe,GAGG,GAGG,True,2,4,7,482
1926,6,8,7,14,14,-6.3,2.1,13.0,3718,even,even,mc_gagg_ee,mc_gagg_ee,GAGG,GAGG,True,3,4,7,483
1927,7,8,7,15,15,-2.1,2.1,15.0,3975,odd,even,mc_gagg_oe,mc_gagg_oe,GAGG,GAGG,True,3,4,7,483
1928,8,8,7,14,14,2.1,2.1,13.0,3720,even,even,mc_gagg_ee,mc_gagg_ee,GAGG,GAGG,True,4,4,7,484
1929,9,8,7,15,15,6.3,2.1,15.0,3977,odd,even,mc_gagg_oe,mc_gagg_oe,GAGG,GAGG,True,4,4,7,484
1930,10,8,7,14,14,10.5,2.1,13.0,3722,even,even,mc_gagg_ee,mc_gagg_ee,GAGG,GAGG,True,5,4,7,485
1931,11,8,7,15,15,14.7,2.1,15.0,3979,odd,even,mc_gagg_oe,mc_gagg_oe,GAGG,GAGG,True,5,4,7,485
1932,12,8,7,14,14,18.9,2.1,13.0,3724,even,even,mc_gagg_ee,mc_gagg_ee,GAGG,GAGG,True,6,4,7,486
1933,13,8,7,15,15,23.1,2.1,15.0,3981,odd,even,mc_gagg_oe,mc_gagg_oe,GAGG,GAGG,True,6,4,7,486
1934,14,8,7,14,14,27.3,2.1,13.0,3726,even,even,mc_gagg_ee,mc_gagg_ee,GAGG,GAGG,True,7,4,7,487
1935,15,8,7,15,15,31.5,2.1,15.0,3983,odd,even,mc_gagg_oe,mc_gagg_oe,GAGG,GAGG,True,7,4,7,487
1936,0,9,7,15,15,-31.5,6.3,15.0,3984,even,odd,mc_gagg_eo,mc_gagg_eo,GAGG,GAGG,True,0,4,7,480
1937,1,9,7,14,14,-27.3,6.3,13.0,3729,odd,odd,mc_gagg_oo,mc_gagg_oo,GAGG,GAGG,True,0,4,7,480
1938,2,9,7,15,15,-23.1,6.3,15.0,3986,even,odd,mc_gagg_eo,mc_gagg_eo,GAGG,GAGG,True,1,4,7,481
1939,3,9,7,14,14,-18.9,6.3,13.0,3731,odd,odd,mc_gagg_oo,mc_gagg_oo,GAGG,GAGG,True,1,4,7,481
1940,4,9,7,15,15,-14.7,6.3,15.0,3988,even,odd,mc_gagg_eo,mc_gagg_eo,GAGG,GAGG,True,2,4,7,482
1941,5,9,7,14,14,-10.5,6.3,13.0,3733,odd,odd,mc_gagg_oo,mc_gagg_oo,GAGG,GAGG,True,2,4,7,482
1942,6,9,7,15,15,-6.3,6.3,15.0,3990,even,odd,mc_gagg_eo,mc_gagg_eo,GAGG,GAGG,True,3,4,7,483
1943,7,9,7,14,14,-2.1,6.3,13.0,3735,odd,odd,mc_gagg_oo,mc_gagg_oo,GAGG,GAGG,True,3,4,7,483
1944,8,9,7,15,15,2.1,6.3,15.0,3992,even,odd,mc_gagg_eo,mc_gagg_eo,GAGG,GAGG,True,4,4,7,484
1945,9,9,7,14,14,6.3,6.3,13.0,3737,odd,odd,mc_gagg_oo,mc_gagg_oo,GAGG,GAGG,True,4,4,7,484
1946,10,9,7,15,15,10.5,6.3,15.0,3994,even,odd,mc_gagg_eo,mc_gagg_eo,GAGG,GAGG,True,5,4,7,485
1947,11,9,7,14,14,14.7,6.3,13.0,3739,odd,odd,mc_gagg_oo,mc_gagg_oo,GAGG,GAGG,True,5,4,7,485
1948,12,9,7,15,15,18.9,6.3,15.0,3996,even,odd,mc_gagg_eo,mc_gagg_eo,GAGG,GAGG,True,6,4,7,486
1949,13,9,7,14,14,23.1,6.3,13.0,3741,odd,odd,mc_gagg_oo,mc_gagg_oo,GAGG,GAGG,True,6,4,7,486
1950,14,9,7,15,15,27.3,6.3,15.0,3998,even,odd,mc_gagg_eo,mc_gagg_eo,GAGG,GAGG,True,7,4,7,487
1951,15,9,7,14,14,31.5,6.3,13.0,3743,odd,odd,mc_gagg_oo,mc_gagg_oo,GAGG,GAGG,True,7,4,7,487
1952,0,10,7,14,14,-31.5,10.5,13.0,3744,even,even,mc_gagg_ee,mc_gagg_ee,GAGG,GAGG,True,0,5,7,488
1953,1,10,7,15,15,-27.3,10.5,15.0,4001,odd,even,mc_gagg_oe,mc_gagg_oe,GAGG,GAGG,True,0,5,7,488
1954,2,10,7,14,14,-23.1,10.5,13.0,3746,even,even,mc_gagg_ee,mc_gagg_ee,GAGG,GAGG,True,1,5,7,489
1955,3,10,7,15,15,-18.9,10.5,15.0,4003,odd,even,mc_gagg_oe,mc_gagg_oe,GAGG,GAGG,True,1,5,7,489
1956,4,10,7,14,14,-14.7,10.5,13.0,3748,even,even,mc_gagg_ee,mc_gagg_ee,GAGG,GAGG,True,2,5,7,490
1957,5,10,7,15,15,-10.5,10.5,15.0,4005,odd,even,mc_gagg_oe,mc_gagg_oe,GAGG,GAGG,True,2,5,7,490
1958,6,10,7,14,14,-6.3,10.5,13.0,3750,even,even,mc_gagg_ee,mc_gagg_ee,GAGG,GAGG,True,3,5,7,491
1959,7,10,7,15,15,-2.1,10.5,15.0,4007,odd,even,mc_gagg_oe,mc_gagg_oe,GAGG,GAGG,True,3,5,7,491
1960,8,10,7,14,14,2.1,10.5,13.0,3752,even,even,mc_gagg_ee,mc_gagg_ee,GAGG,GAGG,True,4,5,7,492
1961,9,10,7,15,15,6.3,10.5,15.0,4009,odd,even,mc_gagg_oe,mc_gagg_oe,GAGG,GAGG,True,4,5,7,492
1962,10,10,7,14,14,10.5,10.5,13.0,3754,even,even,mc_gagg_ee,mc_gagg_ee,GAGG,GAGG,True,5,5,7,493
1963,11,10,7,15,15,14.7,10.5,15.0,4011,odd,even,mc_gagg_oe,mc_gagg_oe,GAGG,GAGG,True,5,5,7,493
1964,12,10,7,14,14,18.9,10.5,13.0,3756,even,even,mc_gagg_ee,mc_gagg_ee,GAGG,GAGG,True,6,5,7,494
1965,13,10,7,15,15,23.1,10.5,15.0,4013,odd,even,mc_gagg_oe,mc_gagg_oe,GAGG,GAGG,True,6,5,7,494
1966,14,10,7,14,14,27.3,10.5,13.0,3758,even,even,mc_gagg_ee,mc_gagg_ee,GAGG,GAGG,True,7,5,7,495
1967,15,10,7,15,15,31.5,10.5,15.0,4015,odd,even,mc_gagg_oe,mc_gagg_oe,GAGG,GAGG,True,7,5,7,495
1968,0,11,7,15,15,-31.5,14.7,15.0,4016,even,odd,mc_gagg_eo,mc_gagg_eo,GAGG,GAGG,True,0,5,7,488
1969,1,11,7,14,14,-27.3,14.7,13.0,3761,odd,odd,mc_gagg_oo,mc_gagg_oo,GAGG,GAGG,True,0,5,7,488
1970,2,11,7,15,15,-23.1,14.7,15.0,4018,even,odd,mc_gagg_eo,mc_gagg_eo,GAGG,GAGG,True,1,5,7,489
1971,3,11,7,14,14,-18.9,14.7,13.0,3763,odd,odd,mc_gagg_oo,mc_gagg_oo,GAGG,GAGG,True,1,5,7,489
1972,4,11,7,15,15,-14.7,14.7,15.0,4020,even,odd,mc_gagg_eo,mc_gagg_eo,GAGG,GAGG,True,2,5,7,490
1973,5,11,7,14,14,-10.5,14.7,13.0,3765,odd,odd,mc_gagg_oo,mc_gagg_oo,GAGG,GAGG,True,2,5,7,490
1974,6,11,7,15,15,-6.3,14.7,15.0,4022,even,odd,mc_gagg_eo,mc_gagg_eo,GAGG,GAGG,True,3,5,7,491
1975,7,11,7,14,14,-2.1,14.7,13.0,3767,odd,odd,mc_gagg_oo,mc_gagg_oo,GAGG,GAGG,True,3,5,7,491
1976,8,11,7,15,15,2.1,14.7,15.0,4024,even,odd,mc_gagg_eo,mc_gagg_eo,GAGG,GAGG,True,4,5,7,492
1977,9,11,7,14,14,6.3,14.7,13.0,3769,odd,odd,mc_gagg_oo,mc_gagg_oo,GAGG,GAGG,True,4,5,7,492
1978,10,11,7,15,15,10.5,14.7,15.0,4026,even,odd,mc_gagg_eo,mc_gagg_eo,GAGG,GAGG,True,5,5,7,493
1979,11,11,7,14,14,14.7,14.7,13.0,3771,odd,odd,mc_gagg_oo,mc_gagg_oo,GAGG,GAGG,True,5,5,7,493
1980,12,11,7,15,15,18.9,14.7,15.0,4028,even,odd,mc_gagg_eo,mc_gagg_eo,GAGG,GAGG,True,6,5,7,494
1981,13,11,7,14,14,23.1,14.7,13.0,3773,odd,odd,mc_gagg_oo,mc_gagg_oo,GAGG,GAGG,True,6,5,7,494
1982,14,11,7,15,15,27.3,14.7,15.0,4030,even,odd,mc_gagg_eo,mc_gagg_eo,GAGG,GAGG,True,7,5,7,495
1983,15,11,7,14,14,31.5,14.7,13.0,3775,odd,odd,mc_gagg_oo,mc_gagg_oo,GAGG,GAGG,True,7,5,7,495
1984,0,12,7,14,14,-31.5,18.9,13.0,3776,even,even,mc_gagg_ee,mc_gagg_ee,GAGG,GAGG,True,0,6,7,496
1985,1,12,7,15,15,-27.3,18.9,15.0,4033,odd,even,mc_gagg_oe,mc_gagg_oe,GAGG,GAGG,True,0,6,7,496
1986,2,12,7,14,14,-23.1,18.9,13.0,3778,even,even,mc_gagg_ee,mc_gagg_ee,GAGG,GAGG,True,1,6,7,497
1987,3,12,7,15,15,-18.9,18.9,15.0,4035,odd,even,mc_gagg_oe,mc_gagg_oe,GAGG,GAGG,True,1,6,7,497
1988,4,12,7,14,14,-14.7,18.9,13.0,3780,even,even,mc_gagg_ee,mc_gagg_ee,GAGG,GAGG,True,2,6,7,498
1989,5,12,7,15,15,-10.5,18.9,15.0,4037,odd,even,mc_gagg_oe,mc_gagg_oe,GAGG,GAGG,True,2,6,7,498
1990,6,12,7,14,14,-6.3,18.9,13.0,3782,even,even,mc_gagg_ee,mc_gagg_ee,GAGG,GAGG,True,3,6,7,499
1991,7,12,7,15,15,-2.1,18.9,15.0,4039,odd,even,mc_gagg_oe,mc_gagg_oe,GAGG,GAGG,True,3,6,7,499
1992,8,12,7,14,14,2.1,18.9,13.0,3784,even,even,mc_gagg_ee,mc_gagg_ee,GAGG,GAGG,True,4,6,7,500
1993,9,12,7,15,15,6.3,18.9,15.0,4041,odd,even,mc_gagg_oe,mc_gagg_oe,GAGG,GAGG,True,4,6,7,500
1994,10,12,7,14,14,10.5,18.9,13.0,3786,even,even,mc_gagg_ee,mc_gagg_ee,GAGG,GAGG,True,5,6,7,501
1995,11,12,7,15,15,14.7,18.9,15.0,4043,odd,even,mc_gagg_oe,mc_gagg_oe,GAGG,GAGG,True,5,6,7,501
1996,12,12,7,14,14,18.9,18.9,13.0,3788,even,even,mc_gagg_ee,mc_gagg_ee,GAGG,GAGG,True,6,6,7,502
1997,13,12,7,15,15,23.1,18.9,15.0,4045,odd,even,mc_gagg_oe,mc_gagg_oe,GAGG,GAGG,True,6,6,7,502
1998,14,12,7,14,14,27.3,18.9,13.0,3790,even,even,mc_gagg_ee,mc_gagg_ee,GAGG,GAGG,True,7,6,7,503
1999,15,12,7,15,15,31.5,18.9,15.0,4047,odd,even,mc_gagg_oe,mc_gagg_oe,GAGG,GAGG,True,7,6,7,503
2000,0,13,7,15,15,-31.5,23.1,15.0,4048,even,odd,mc_gagg_eo,mc_gagg_eo,GAGG,GAGG,True,0,6,7,496
2001,1,13,7,14,14,-27.3,23.1,13.0,3793,odd,odd,mc_gagg_oo,mc_gagg_oo,GAGG,GAGG,True,0,6,7,496
2002,2,13,7,15,15,-23.1,23.1,15.0,4050,even,odd,mc_gagg_eo,mc_gagg_eo,GAGG,GAGG,True,1,6,7,497
2003,3,13,7,14,14,-18.9,23.1,13.0,3795,odd,odd,mc_gagg_oo,mc_gagg_oo,GAGG,GAGG,True,1,6,7,497
2004,4,13,7,15,15,-14.7,23.1,15.0,4052,even,odd,mc_gagg_eo,mc_gagg_eo,GAGG,GAGG,True,2,6,7,498
2005,5,13,7,14,14,-10.5,23.1,13.0,3797,odd,odd,mc_gagg_oo,mc_gagg_oo,GAGG,GAGG,True,2,6,7,498
2006,6,13,7,15,15,-6.3,23.1,15.0,4054,even,odd,mc_gagg_eo,mc_gagg_eo,GAGG,GAGG,True,3,6,7,499
2007,7,13,7,14,14,-2.1,23.1,13.0,3799,odd,odd,mc_gagg_oo,mc_gagg_oo,GAGG,GAGG,True,3,6,7,499
2008,8,13,7,15,15,2.1,23.1,15.0,4056,even,odd,mc_gagg_eo,mc_gagg_eo,GAGG,GAGG,True,4,6,7,500
2009,9,13,7,14,14,6.3,23.1,13.0,3801,odd,odd,mc_gagg_oo,mc_gagg_oo,GAGG,GAGG,True,4,6,7,500
2010,10,13,7,15,15,10.5,23.1,15.0,4058,even,odd,mc_gagg_eo,mc_gagg_eo,GAGG,GAGG,True,5,6,7,501
2011,11,13,7,14,14,14.7,23.1,13.0,3803,odd,odd,mc_gagg_oo,mc_gagg_oo,GAGG,GAGG,True,5,6,7,501
2012,12,13,7,15,15,18.9,23.1,15.0,4060,even,odd,mc_gagg_eo,mc_gagg_eo,GAGG,GAGG,True,6,6,7,502
2013,13,13,7,14,14,23.1,23.1,13.0,3805,odd,odd,mc_gagg_oo,mc_gagg_oo,GAGG,GAGG,True,6,6,7,502
2014,14,13,7,15,15,27.3,23.1,15.0,4062,even,odd,mc_gagg_eo,mc_gagg_eo,GAGG,GAGG,True,7,6,7,503
2015,15,13,7,14,14,31.5,23.1,13.0,3807,odd,odd,mc_gagg_oo,mc_gagg_oo,GAGG,GAGG,True,7,6,7,503
2016,0,14,7,14,14,-31.5,27.3,13.0,3808,even,even,mc_gagg_ee,mc_gagg_ee,GAGG,GAGG,True,0,7,7,504
2017,1,14,7,15,15,-27.3,27.3,15.0,4065,odd,even,mc_gagg_oe,mc_gagg_oe,GAGG,GAGG,True,0,7,7,504
2018,2,14,7,14,14,-23.1,27.3,13.0,3810,even,even,mc_gagg_ee,mc_gagg_ee,GAGG,GAGG,True,1,7,7,505
2019,3,14,7,15,15,-18.9,27.3,15.0,4067,odd,even,mc_gagg_oe,mc_gagg_oe,GAGG,GAGG,True,1,7,7,505
2020,4,14,7,14,14,-14.7,27.3,13.0,3812,even,even,mc_gagg_ee,mc_gagg_ee,GAGG,GAGG,True,2,7,7,506
2021,5,14,7,15,15,-10.5,27.3,15.0,4069,odd,even,mc_gagg_oe,mc_gagg_oe,GAGG,GAGG,True,2,7,7,506
2022,6,14,7,14,14,-6.3,27.3,13.0,3814,even,even,mc_gagg_ee,mc_gagg_ee,GAGG,GAGG,True,3,7,7,507
2023,7,14,7,15,15,-2.1,27.3,15.0,4071,odd,even,mc_gagg_oe,mc_gagg_oe,GAGG,GAGG,True,3,7,7,507
2024,8,14,7,14,14,2.1,27.3,13.0,3816,even,even,mc_gagg_ee,mc_gagg_ee,GAGG,GAGG,True,4,7,7,508
2025,9,14,7,15,15,6.3,27.3,15.0,4073,odd,even,mc_gagg_oe,mc_gagg_oe,GAGG,GAGG,True,4,7,7,508
2026,10,14,7,14,14,10.5,27.3,13.0,3818,even,even,mc_gagg_ee,mc_gagg_ee,GAGG,GAGG,True,5,7,7,509
2027,11,14,7,15,15,14.7,27.3,15.0,4075,odd,even,mc_gagg_oe,mc_gagg_oe,GAGG,GAGG,True,5,7,7,509
2028,12,14,7,14,14,18.9,27.3,13.0,3820,even,even,mc_gagg_ee,mc_gagg_ee,GAGG,GAGG,True,6,7,7,510
2029,13,14,7,15,15,23.1,27.3,15.0,4077,odd,even,mc_gagg_oe,mc_gagg_oe,GAGG,GAGG,True,6,7,7,510
2030,14,14,7,14,14,27.3,27.3,13.0,3822,even,even,mc_gagg_ee,mc_gagg_ee,GAGG,GAGG,True,7,7,7,511
2031,15,14,7,15,15,31.5,27.3,15.0,4079,odd,even,mc_gagg_oe,mc_gagg_oe,GAGG,GAGG,True,7,7,7,511
2032,0,15,7,15,15,-31.5,31.5,15.0,4080,even,odd,mc_gagg_eo,mc_gagg_eo,GAGG,GAGG,True,0,7,7,504
2033,1,15,7,14,14,-27.3,31.5,13.0,3825,odd,odd,mc_gagg_oo,mc_gagg_oo,GAGG,GAGG,True,0,7,7,504
2034,2,15,7,15,15,-23.1,31.5,15.0,4082,even,odd,mc_gagg_eo,mc_gagg_eo,GAGG,GAGG,True,1,7,7,505
2035,3,15,7,14,14,-18.9,31.5,13.0,3827,odd,odd,mc_gagg_oo,mc_gagg_oo,GAGG,GAGG,True,1,7,7,505
2036,4,15,7,15,15,-14.7,31.5,15.0,4084,even,odd,mc_gagg_eo,mc_gagg_eo,GAGG,GAGG,True,2,7,7,506
2037,5,15,7,14,14,-10.5,31.5,13.0,3829,odd,odd,mc_gagg_oo,mc_gagg_oo,GAGG,GAGG,True,2,7,7,506
2038,6,15,7,15,15,-6.3,31.5,15.0,4086,even,odd,mc_gagg_eo,mc_gagg_eo,GAGG,GAGG,True,3,7,7,507
2039,7,15,7,14,14,-2.1,31.5,13.0,3831,odd,odd,mc_gagg_oo,mc_gagg_oo,GAGG,GAGG,True,3,7,7,507
2040,8,15,7,15,15,2.1,31.5,15.0,4088,even,odd,mc_gagg_eo,mc_gagg_eo,GAGG,GAGG,True,4,7,7,508
2041,9,15,7,14,14,6.3,31.5,13.0,3833,odd,odd,mc_gagg_oo,mc_gagg_oo,GAGG,GAGG,True,4,7,7,508
2042,10,15,7,15,15,10.5,31.5,15.0,4090,even,odd,mc_gagg_eo,mc_gagg_eo,GAGG,GAGG,True,5,7,7,509
2043,11,15,7,14,14,14.7,31.5,13.0,3835,odd,odd,mc_gagg_oo,mc_gagg_oo,GAGG,GAGG,True,5,7,7,509
2044,12,15,7,15,15,18.9,31.5,15.0,4092,even,odd,mc_gagg_eo,mc_gagg_eo,GAGG,GAGG,True,6,7,7,510
2045,13,15,7,14,14,23.1,31.5,13.0,3837,odd,odd,mc_gagg_oo,mc_gagg_oo,GAGG,GAGG,True,6,7,7,510
2046,14,15,7,15,15,27.3,31.5,15.0,4094,even,odd,mc_gagg_eo,mc_gagg_eo,GAGG,GAGG,True,7,7,7,511
2047,15,15,7,14,14,31.5,31.5,13.0,3839,odd,odd,mc_gagg_oo,mc_gagg_oo,GAGG,GAGG,True,7,7,7,511
