source_id,ix,iy,x_mm,y_mm,z_mm,activity_Bq,acquisition_time_s,particle,energy_keV,source_model,angular_distribution,reported_nominal_source_size_mm,activity_bq,acquisition_s
0,0,0,-50.0,-50.0,-66.0,3700000.0,1.0,gamma,140.0,point,isotropic,0.7,3700000.0,1.0
1,1,0,-48.0,-50.0,-66.0,3700000.0,1.0,gamma,140.0,point,isotropic,0.7,3700000.0,1.0
2,2,0,-46.0,-50.0,-66.0,3700000.0,1.0,gamma,140.0,point,isotropic,0.7,3700000.0,1.0
3,3,0,-44.0,-50.0,-66.0,3700000.0,1.0,gamma,140.0,point,isotropic,0.7,3700000.0,1.0
4,4,0,-42.0,-50.0,-66.0,3700000.0,1.0,gamma,140.0,point,isotropic,0.7,3700000.0,1.0
5,5,0,-40.0,-50.0,-66.0,3700000.0,1.0,gamma,140.0,point,isotropic,0.7,3700000.0,1.0
6,6,0,-38.0,-50.0,-66.0,3700000.0,1.0,gamma,140.0,point,isotropic,0.7,3700000.0,1.0
7,7,0,-36.0,-50.0,-66.0,3700000.0,1.0,gamma,140.0,point,isotropic,0.7,3700000.0,1.0
8,8,0,-34.0,-50.0,-66.0,3700000.0,1.0,gamma,140.0,point,isotropic,0.7,3700000.0,1.0
9,9,0,-32.0,-50.0,-66.0,3700000.0,1.0,gamma,140.0,point,isotropic,0.7,3700000.0,1.0
10,10,0,-30.0,-50.0,-66.0,3700000.0,1.0,gamma,140.0,point,isotropic,0.7,3700000.0,1.0
11,11,0,-28.0,-50.0,-66.0,3700000.0,1.0,gamma,140.0,point,isotropic,0.7,3700000.0,1.0
12,12,0,-26.0,-50.0,-66.0,3700000.0,1.0,gamma,140.0,point,isotropic,0.7,3700000.0,1.0
13,13,0,-24.0,-50.0,-66.0,3700000.0,1.0,gamma,140.0,point,isotropic,0.7,3700000.0,1.0
14,14,0,-22.0,-50.0,-66.0,3700000.0,1.0,gamma,140.0,point,isotropic,0.7,3700000.0,1.0
15,15,0,-20.0,-50.0,-66.0,3700000.0,1.0,gamma,140.0,point,isotropic,0.7,3700000.0,1.0
16,16,0,-18.0,-50.0,-66.0,3700000.0,1.0,gamma,140.0,point,isotropic,0.7,3700000.0,1.0
17,17,0,-16.0,-50.0,-66.0,3700000.0,1.0,gamma,140.0,point,isotropic,0.7,3700000.0,1.0
18,18,0,-14.0,-50.0,-66.0,3700000.0,1.0,gamma,140.0,point,isotropic,0.7,3700000.0,1.0
19,19,0,-12.0,-50.0,-66.0,3700000.0,1.0,gamma,140.0,point,isotropic,0.7,3700000.0,1.0
20,20,0,-10.0,-50.0,-66.0,3700000.0,1.0,gamma,140.0,point,isotropic,0.7,3700000.0,1.0
21,21,0,-8.0,-50.0,-66.0,3700000.0,1.0,gamma,140.0,point,isotropic,0.7,3700000.0,1.0
22,22,0,-6.0,-50.0,-66.0,3700000.0,1.0,gamma,140.0,point,isotropic,0.7,3700000.0,1.0
23,23,0,-4.0,-50.0,-66.0,3700000.0,1.0,gamma,140.0,point,isotropic,0.7,3700000.0,1.0
24,24,0,-2.0,-50.0,-66.0,3700000.0,1.0,gamma,140.0,point,isotropic,0.7,3700000.0,1.0
25,25,0,0.0,-50.0,-66.0,3700000.0,1.0,gamma,140.0,point,isotropic,0.7,3700000.0,1.0
26,26,0,2.0,-50.0,-66.0,3700000.0,1.0,gamma,140.0,point,isotropic,0.7,3700000.0,1.0
27,27,0,4.0,-50.0,-66.0,3700000.0,1.0,gamma,140.0,point,isotropic,0.7,3700000.0,1.0
28,28,0,6.0,-50.0,-66.0,3700000.0,1.0,gamma,140.0,point,isotropic,0.7,3700000.0,1.0
29,29,0,8.0,-50.0,-66.0,3700000.0,1.0,gamma,140.0,point,isotropic,0.7,3700000.0,1.0
30,30,0,10.0,-50.0,-66.0,3700000.0,1.0,gamma,140.0,point,isotropic,0.7,3700000.0,1.0
31,31,0,12.0,-50.0,-66.0,3700000.0,1.0,gamma,140.0,point,isotropic,0.7,3700000.0,1.0
32,32,0,14.0,-50.0,-66.0,3700000.0,1.0,gamma,140.0,point,isotropic,0.7,3700000.0,1.0
33,33,0,16.0,-50.0,-66.0,3700000.0,1.0,gamma,140.0,point,isotropic,0.7,3700000.0,1.0
34,34,0,18.0,-50.0,-66.0,3700000.0,1.0,gamma,140.0,point,isotropic,0.7,3700000.0,1.0
35,35,0,20.0,-50.0,-66.0,3700000.0,1.0,gamma,140.0,point,isotropic,0.7,3700000.0,1.0
36,36,0,22.0,-50.0,-66.0,3700000.0,1.0,gamma,140.0,point,isotropic,0.7,3700000.0,1.0
37,37,0,24.0,-50.0,-66.0,3700000.0,1.0,gamma,140.0,point,isotropic,0.7,3700000.0,1.0
38,38,0,26.0,-50.0,-66.0,3700000.0,1.0,gamma,140.0,point,isotropic,0.7,3700000.0,1.0
39,39,0,28.0,-50.0,-66.0,3700000.0,1.0,gamma,140.0,point,isotropic,0.7,3700000.0,1.0
40,40,0,30.0,-50.0,-66.0,3700000.0,1.0,gamma,140.0,point,isotropic,0.7,3700000.0,1.0
41,41,0,32.0,-50.0,-66.0,3700000.0,1.0,gamma,140.0,point,isotropic,0.7,3700000.0,1.0
42,42,0,34.0,-50.0,-66.0,3700000.0,1.0,gamma,140.0,point,isotropic,0.7,3700000.0,1.0
43,43,0,36.0,-50.0,-66.0,3700000.0,1.0,gamma,140.0,point,isotropic,0.7,3700000.0,1.0
44,44,0,38.0,-50.0,-66.0,3700000.0,1.0,gamma,140.0,point,isotropic,0.7,3700000.0,1.0
45,45,0,40.0,-50.0,-66.0,3700000.0,1.0,gamma,140.0,point,isotropic,0.7,3700000.0,1.0
46,46,0,42.0,-50.0,-66.0,3700000.0,1.0,gamma,140.0,point,isotropic,0.7,3700000.0,1.0
47,47,0,44.0,-50.0,-66.0,3700000.0,1.0,gamma,140.0,point,isotropic,0.7,3700000.0,1.0
48,48,0,46.0,-50.0,-66.0,3700000.0,1.0,gamma,140.0,point,isotropic,0.7,3700000.0,1.0
49,49,0,48.0,-50.0,-66.0,3700000.0,1.0,gamma,140.0,point,isotropic,0.7,3700000.0,1.0
50,50,0,50.0,-50.0,-66.0,3700000.0,1.0,gamma,140.0,point,isotropic,0.7,3700000.0,1.0
51,0,1,-50.0,-48.0,-66.0,3700000.0,1.0,gamma,140.0,point,isotropic,0.7,3700000.0,1.0
52,1,1,-48.0,-48.0,-66.0,3700000.0,1.0,gamma,140.0,point,isotropic,0.7,3700000.0,1.0
53,2,1,-46.0,-48.0,-66.0,3700000.0,1.0,gamma,140.0,point,isotropic,0.7,3700000.0,1.0
54,3,1,-44.0,-48.0,-66.0,3700000.0,1.0,gamma,140.0,point,isotropic,0.7,3700000.0,1.0
55,4,1,-42.0,-48.0,-66.0,3700000.0,1.0,gamma,140.0,point,isotropic,0.7,3700000.0,1.0
56,5,1,-40.0,-48.0,-66.0,3700000.0,1.0,gamma,140.0,point,isotropic,0.7,3700000.0,1.0
57,6,1,-38.0,-48.0,-66.0,3700000.0,1.0,gamma,140.0,point,isotropic,0.7,3700000.0,1.0
58,7,1,-36.0,-48.0,-66.0,3700000.0,1.0,gamma,140.0,point,isotropic,0.7,3700000.0,1.0
59,8,1,-34.0,-48.0,-66.0,3700000.0,1.0,gamma,140.0,point,isotropic,0.7,3700000.0,1.0
60,9,1,-32.0,-48.0,-66.0,3700000.0,1.0,gamma,140.0,point,isotropic,0.7,3700000.0,1.0
61,10,1,-30.0,-48.0,-66.0,3700000.0,1.0,gamma,140.0,point,isotropic,0.7,3700000.0,1.0
62,11,1,-28.0,-48.0,-66.0,3700000.0,1.0,gamma,140.0,point,isotropic,0.7,3700000.0,1.0
63,12,1,-26.0,-48.0,-66.0,3700000.0,1.0,gamma,140.0,point,isotropic,0.7,3700000.0,1.0
64,13,1,-24.0,-48.0,-66.0,3700000.0,1.0,gamma,140.0,point,isotropic,0.7,3700000.0,1.0
65,14,1,-22.0,-48.0,-66.0,3700000.0,1.0,gamma,140.0,point,isotropic,0.7,3700000.0,1.0
66,15,1,-20.0,-48.0,-66.0,3700000.0,1.0,gamma,140.0,point,isotropic,0.7,3700000.0,1.0
67,16,1,-18.0,-48.0,-66.0,3700000.0,1.0,gamma,140.0,point,isotropic,0.7,3700000.0,1.0
68,17,1,-16.0,-48.0,-66.0,3700000.0,1.0,gamma,140.0,point,isotropic,0.7,3700000.0,1.0
69,18,1,-14.0,-48.0,-66.0,3700000.0,1.0,gamma,140.0,point,isotropic,0.7,3700000.0,1.0
70,19,1,-12.0,-48.0,-66.0,3700000.0,1.0,gamma,140.0,point,isotropic,0.7,3700000.0,1.0
71,20,1,-10.0,-48.0,-66.0,3700000.0,1.0,gamma,140.0,point,isotropic,0.7,3700000.0,1.0
72,21,1,-8.0,-48.0,-66.0,3700000.0,1.0,gamma,140.0,point,isotropic,0.7,3700000.0,1.0
73,22,1,-6.0,-48.0,-66.0,3700000.0,1.0,gamma,140.0,point,isotropic,0.7,3700000.0,1.0
74,23,1,-4.0,-48.0,-66.0,3700000.0,1.0,gamma,140.0,point,isotropic,0.7,3700000.0,1.0
75,24,1,-2.0,-48.0,-66.0,3700000.0,1.0,gamma,140.0,point,isotropic,0.7,3700000.0,1.0
76,25,1,0.0,-48.0,-66.0,3700000.0,1.0,gamma,140.0,point,isotropic,0.7,3700000.0,1.0
77,26,1,2.0,-48.0,-66.0,3700000.0,1.0,gamma,140.0,point,isotropic,0.7,3700000.0,1.0
78,27,1,4.0,-48.0,-66.0,3700000.0,1.0,gamma,140.0,point,isotropic,0.7,3700000.0,1.0
79,28,1,6.0,-48.0,-66.0,3700000.0,1.0,gamma,140.0,point,isotropic,0.7,3700000.0,1.0
80,29,1,8.0,-48.0,-66.0,3700000.0,1.0,gamma,140.0,point,isotropic,0.7,3700000.0,1.0
81,30,1,10.0,-48.0,-66.0,3700000.0,1.0,gamma,140.0,point,isotropic,0.7,3700000.0,1.0
82,31,1,12.0,-48.0,-66.0,3700000.0,1.0,gamma,140.0,point,isotropic,0.7,3700000.0,1.0
83,32,1,14.0,-48.0,-66.0,3700000.0,1.0,gamma,140.0,point,isotropic,0.7,3700000.0,1.0
84,33,1,16.0,-48.0,-66.0,3700000.0,1.0,gamma,140.0,point,isotropic,0.7,3700000.0,1.0
85,34,1,18.0,-48.0,-66.0,3700000.0,1.0,gamma,140.0,point,isotropic,0.7,3700000.0,1.0
86,35,1,20.0,-48.0,-66.0,3700000.0,1.0,gamma,140.0,point,isotropic,0.7,3700000.0,1.0
87,36,1,22.0,-48.0,-66.0,3700000.0,1.0,gamma,140.0,point,isotropic,0.7,3700000.0,1.0
88,37,1,24.0,-48.0,-66.0,3700000.0,1.0,gamma,140.0,point,isotropic,0.7,3700000.0,1.0
89,38,1,26.0,-48.0,-66.0,3700000.0,1.0,gamma,140.0,point,isotropic,0.7,3700000.0,1.0
90,39,1,28.0,-48.0,-66.0,3700000.0,1.0,gamma,140.0,point,isotropic,0.7,3700000.0,1.0
91,40,1,30.0,-48.0,-66.0,3700000.0,1.0,gamma,140.0,point,isotropic,0.7,3700000.0,1.0
92,41,1,32.0,-48.0,-66.0,3700000.0,1.0,gamma,140.0,point,isotropic,0.7,3700000.0,1.0
93,42,1,34.0,-48.0,-66.0,3700000.0,1.0,gamma,140.0,point,isotropic,0.7,3700000.0,1.0
94,43,1,36.0,-48.0,-66.0,3700000.0,1.0,gamma,140.0,point,isotropic,0.7,3700000.0,1.0
95,44,1,38.0,-48.0,-66.0,3700000.0,1.0,gamma,140.0,point,isotropic,0.7,3700000.0,1.0
96,45,1,40.0,-48.0,-66.0,3700000.0,1.0,gamma,140.0,point,isotropic,0.7,3700000.0,1.0
97,46,1,42.0,-48.0,-66.0,3700000.0,1.0,gamma,140.0,point,isotropic,0.7,3700000.0,1.0
98,47,1,44.0,-48.0,-66.0,3700000.0,1.0,gamma,140.0,point,isotropic,0.7,3700000.0,1.0
99,48,1,46.0,-48.0,-66.0,3700000.0,1.0,gamma,140.0,point,isotropic,0.7,3700000.0,1.0
100,49,1,48.0,-48.0,-66.0,3700000.0,1.0,gamma,140.0,point,isotropic,0.7,3700000.0,1.0
101,50,1,50.0,-48.0,-66.0,3700000.0,1.0,gamma,140.0,point,isotropic,0.7,3700000.0,1.0
102,0,2,-50.0,-46.0,-66.0,3700000.0,1.0,gamma,140.0,point,isotropic,0.7,3700000.0,1.0
103,1,2,-48.0,-46.0,-66.0,3700000.0,1.0,gamma,140.0,point,isotropic,0.7,3700000.0,1.0
104,2,2,-46.0,-46.0,-66.0,3700000.0,1.0,gamma,140.0,point,isotropic,0.7,3700000.0,1.0
105,3,2,-44.0,-46.0,-66.0,3700000.0,1.0,gamma,140.0,point,isotropic,0.7,3700000.0,1.0
106,4,2,-42.0,-46.0,-66.0,3700000.0,1.0,gamma,140.0,point,isotropic,0.7,3700000.0,1.0
107,5,2,-40.0,-46.0,-66.0,3700000.0,1.0,gamma,140.0,point,isotropic,0.7,3700000.0,1.0
108,6,2,-38.0,-46.0,-66.0,3700000.0,1.0,gamma,140.0,point,isotropic,0.7,3700000.0,1.0
109,7,2,-36.0,-46.0,-66.0,3700000.0,1.0,gamma,140.0,point,isotropic,0.7,3700000.0,1.0
110,8,2,-34.0,-46.0,-66.0,3700000.0,1.0,gamma,140.0,point,isotropic,0.7,3700000.0,1.0
111,9,2,-32.0,-46.0,-66.0,3700000.0,1.0,gamma,140.0,point,isotropic,0.7,3700000.0,1.0
112,10,2,-30.0,-46.0,-66.0,3700000.0,1.0,gamma,140.0,point,isotropic,0.7,3700000.0,1.0
113,11,2,-28.0,-46.0,-66.0,3700000.0,1.0,gamma,140.0,point,isotropic,0.7,3700000.0,1.0
114,12,2,-26.0,-46.0,-66.0,3700000.0,1.0,gamma,140.0,point,isotropic,0.7,3700000.0,1.0
115,13,2,-24.0,-46.0,-66.0,3700000.0,1.0,gamma,140.0,point,isotropic,0.7,3700000.0,1.0
116,14,2,-22.0,-46.0,-66.0,3700000.0,1.0,gamma,140.0,point,isotropic,0.7,3700000.0,1.0
117,15,2,-20.0,-46.0,-66.0,3700000.0,1.0,gamma,140.0,point,isotropic,0.7,3700000.0,1.0
118,16,2,-18.0,-46.0,-66.0,3700000.0,1.0,gamma,140.0,point,isotropic,0.7,3700000.0,1.0
119,17,2,-16.0,-46.0,-66.0,3700000.0,1.0,gamma,140.0,point,isotropic,0.7,3700000.0,1.0
120,18,2,-14.0,-46.0,-66.0,3700000.0,1.0,gamma,140.0,point,isotropic,0.7,3700000.0,1.0
121,19,2,-12.0,-46.0,-66.0,3700000.0,1.0,gamma,140.0,point,isotropic,0.7,3700000.0,1.0
122,20,2,-10.0,-46.0,-66.0,3700000.0,1.0,gamma,140.0,point,isotropic,0.7,3700000.0,1.0
123,21,2,-8.0,-46.0,-66.0,3700000.0,1.0,gamma,140.0,point,isotropic,0.7,3700000.0,1.0
124,22,2,-6.0,-46.0,-66.0,3700000.0,1.0,gamma,140.0,point,isotropic,0.7,3700000.0,1.0
125,23,2,-4.0,-46.0,-66.0,3700000.0,1.0,gamma,140.0,point,isotropic,0.7,3700000.0,1.0
126,24,2,-2.0,-46.0,-66.0,3700000.0,1.0,gamma,140.0,point,isotropic,0.7,3700000.0,1.0
127,25,2,0.0,-46.0,-66.0,3700000.0,1.0,gamma,140.0,point,isotropic,0.7,3700000.0,1.0
128,26,2,2.0,-46.0,-66.0,3700000.0,1.0,gamma,140.0,point,isotropic,0.7,3700000.0,1.0
129,27,2,4.0,-46.0,-66.0,3700000.0,1.0,gamma,140.0,point,isotropic,0.7,3700000.0,1.0
130,28,2,6.0,-46.0,-66.0,3700000.0,1.0,gamma,140.0,point,isotropic,0.7,3700000.0,1.0
131,29,2,8.0,-46.0,-66.0,3700000.0,1.0,gamma,140.0,point,isotropic,0.7,3700000.0,1.0
132,30,2,10.0,-46.0,-66.0,3700000.0,1.0,gamma,140.0,point,isotropic,0.7,3700000.0,1.0
133,31,2,12.0,-46.0,-66.0,3700000.0,1.0,gamma,140.0,point,isotropic,0.7,3700000.0,1.0
134,32,2,14.0,-46.0,-66.0,3700000.0,1.0,gamma,140.0,point,isotropic,0.7,3700000.0,1.0
135,33,2,16.0,-46.0,-66.0,3700000.0,1.0,gamma,140.0,point,isotropic,0.7,3700000.0,1.0
136,34,2,18.0,-46.0,-66.0,3700000.0,1.0,gamma,140.0,point,isotropic,0.7,3700000.0,1.0
137,35,2,20.0,-46.0,-66.0,3700000.0,1.0,gamma,140.0,point,isotropic,0.7,3700000.0,1.0
138,36,2,22.0,-46.0,-66.0,3700000.0,1.0,gamma,140.0,point,isotropic,0.7,3700000.0,1.0
139,37,2,24.0,-46.0,-66.0,3700000.0,1.0,gamma,140.0,point,isotropic,0.7,3700000.0,1.0
140,38,2,26.0,-46.0,-66.0,3700000.0,1.0,gamma,140.0,point,isotropic,0.7,3700000.0,1.0
141,39,2,28.0,-46.0,-66.0,3700000.0,1.0,gamma,140.0,point,isotropic,0.7,3700000.0,1.0
142,40,2,30.0,-46.0,-66.0,3700000.0,1.0,gamma,140.0,point,isotropic,0.7,3700000.0,1.0
143,41,2,32.0,-46.0,-66.0,3700000.0,1.0,gamma,140.0,point,isotropic,0.7,3700000.0,1.0
144,42,2,34.0,-46.0,-66.0,3700000.0,1.0,gamma,140.0,point,isotropic,0.7,3700000.0,1.0
145,43,2,36.0,-46.0,-66.0,3700000.0,1.0,gamma,140.0,point,isotropic,0.7,3700000.0,1.0
146,44,2,38.0,-46.0,-66.0,3700000.0,1.0,gamma,140.0,point,isotropic,0.7,3700000.0,1.0
147,45,2,40.0,-46.0,-66.0,3700000.0,1.0,gamma,140.0,point,isotropic,0.7,3700000.0,1.0
148,46,2,42.0,-46.0,-66.0,3700000.0,1.0,gamma,140.0,point,isotropic,0.7,3700000.0,1.0
149,47,2,44.0,-46.0,-66.0,3700000.0,1.0,gamma,140.0,point,isotropic,0.7,3700000.0,1.0
150,48,2,46.0,-46.0,-66.0,3700000.0,1.0,gamma,140.0,point,isotropic,0.7,3700000.0,1.0
151,49,2,48.0,-46.0,-66.0,3700000.0,1.0,gamma,140.0,point,isotropic,0.7,3700000.0,1.0
152,50,2,50.0,-46.0,-66.0,3700000.0,1.0,gamma,140.0,point,isotropic,0.7,3700000.0,1.0
153,0,3,-50.0,-44.0,-66.0,3700000.0,1.0,gamma,140.0,point,isotropic,0.7,3700000.0,1.0
154,1,3,-48.0,-44.0,-66.0,3700000.0,1.0,gamma,140.0,point,isotropic,0.7,3700000.0,1.0
155,2,3,-46.0,-44.0,-66.0,3700000.0,1.0,gamma,140.0,point,isotropic,0.7,3700000.0,1.0
156,3,3,-44.0,-44.0,-66.0,3700000.0,1.0,gamma,140.0,point,isotropic,0.7,3700000.0,1.0
157,4,3,-42.0,-44.0,-66.0,3700000.0,1.0,gamma,140.0,point,isotropic,0.7,3700000.0,1.0
158,5,3,-40.0,-44.0,-66.0,3700000.0,1.0,gamma,140.0,point,isotropic,0.7,3700000.0,1.0
159,6,3,-38.0,-44.0,-66.0,3700000.0,1.0,gamma,140.0,point,isotropic,0.7,3700000.0,1.0
160,7,3,-36.0,-44.0,-66.0,3700000.0,1.0,gamma,140.0,point,isotropic,0.7,3700000.0,1.0
161,8,3,-34.0,-44.0,-66.0,3700000.0,1.0,gamma,140.0,point,isotropic,0.7,3700000.0,1.0
162,9,3,-32.0,-44.0,-66.0,3700000.0,1.0,gamma,140.0,point,isotropic,0.7,3700000.0,1.0
163,10,3,-30.0,-44.0,-66.0,3700000.0,1.0,gamma,140.0,point,isotropic,0.7,3700000.0,1.0
164,11,3,-28.0,-44.0,-66.0,3700000.0,1.0,gamma,140.0,point,isotropic,0.7,3700000.0,1.0
165,12,3,-26.0,-44.0,-66.0,3700000.0,1.0,gamma,140.0,point,isotropic,0.7,3700000.0,1.0
166,13,3,-24.0,-44.0,-66.0,3700000.0,1.0,gamma,140.0,point,isotropic,0.7,3700000.0,1.0
167,14,3,-22.0,-44.0,-66.0,3700000.0,1.0,gamma,140.0,point,isotropic,0.7,3700000.0,1.0
168,15,3,-20.0,-44.0,-66.0,3700000.0,1.0,gamma,140.0,point,isotropic,0.7,3700000.0,1.0
169,16,3,-18.0,-44.0,-66.0,3700000.0,1.0,gamma,140.0,point,isotropic,0.7,3700000.0,1.0
170,17,3,-16.0,-44.0,-66.0,3700000.0,1.0,gamma,140.0,point,isotropic,0.7,3700000.0,1.0
171,18,3,-14.0,-44.0,-66.0,3700000.0,1.0,gamma,140.0,point,isotropic,0.7,3700000.0,1.0
172,19,3,-12.0,-44.0,-66.0,3700000.0,1.0,gamma,140.0,point,isotropic,0.7,3700000.0,1.0
173,20,3,-10.0,-44.0,-66.0,3700000.0,1.0,gamma,140.0,point,isotropic,0.7,3700000.0,1.0
174,21,3,-8.0,-44.0,-66.0,3700000.0,1.0,gamma,140.0,point,isotropic,0.7,3700000.0,1.0
175,22,3,-6.0,-44.0,-66.0,3700000.0,1.0,gamma,140.0,point,isotropic,0.7,3700000.0,1.0
176,23,3,-4.0,-44.0,-66.0,3700000.0,1.0,gamma,140.0,point,isotropic,0.7,3700000.0,1.0
177,24,3,-2.0,-44.0,-66.0,3700000.0,1.0,gamma,140.0,point,isotropic,0.7,3700000.0,1.0
178,25,3,0.0,-44.0,-66.0,3700000.0,1.0,gamma,140.0,point,isotropic,0.7,3700000.0,1.0
179,26,3,2.0,-44.0,-66.0,3700000.0,1.0,gamma,140.0,point,isotropic,0.7,3700000.0,1.0
180,27,3,4.0,-44.0,-66.0,3700000.0,1.0,gamma,140.0,point,isotropic,0.7,3700000.0,1.0
181,28,3,6.0,-44.0,-66.0,3700000.0,1.0,gamma,140.0,point,isotropic,0.7,3700000.0,1.0
182,29,3,8.0,-44.0,-66.0,3700000.0,1.0,gamma,140.0,point,isotropic,0.7,3700000.0,1.0
183,30,3,10.0,-44.0,-66.0,3700000.0,1.0,gamma,140.0,point,isotropic,0.7,3700000.0,1.0
184,31,3,12.0,-44.0,-66.0,3700000.0,1.0,gamma,140.0,point,isotropic,0.7,3700000.0,1.0
185,32,3,14.0,-44.0,-66.0,3700000.0,1.0,gamma,140.0,point,isotropic,0.7,3700000.0,1.0
186,33,3,16.0,-44.0,-66.0,3700000.0,1.0,gamma,140.0,point,isotropic,0.7,3700000.0,1.0
187,34,3,18.0,-44.0,-66.0,3700000.0,1.0,gamma,140.0,point,isotropic,0.7,3700000.0,1.0
188,35,3,20.0,-44.0,-66.0,3700000.0,1.0,gamma,140.0,point,isotropic,0.7,3700000.0,1.0
189,36,3,22.0,-44.0,-66.0,3700000.0,1.0,gamma,140.0,point,isotropic,0.7,3700000.0,1.0
190,37,3,24.0,-44.0,-66.0,3700000.0,1.0,gamma,140.0,point,isotropic,0.7,3700000.0,1.0
191,38,3,26.0,-44.0,-66.0,3700000.0,1.0,gamma,140.0,point,isotropic,0.7,3700000.0,1.0
192,39,3,28.0,-44.0,-66.0,3700000.0,1.0,gamma,140.0,point,isotropic,0.7,3700000.0,1.0
193,40,3,30.0,-44.0,-66.0,3700000.0,1.0,gamma,140.0,point,isotropic,0.7,3700000.0,1.0
194,41,3,32.0,-44.0,-66.0,3700000.0,1.0,gamma,140.0,point,isotropic,0.7,3700000.0,1.0
195,42,3,34.0,-44.0,-66.0,3700000.0,1.0,gamma,140.0,point,isotropic,0.7,3700000.0,1.0
196,43,3,36.0,-44.0,-66.0,3700000.0,1.0,gamma,140.0,point,isotropic,0.7,3700000.0,1.0
197,44,3,38.0,-44.0,-66.0,3700000.0,1.0,gamma,140.0,point,isotropic,0.7,3700000.0,1.0
198,45,3,40.0,-44.0,-66.0,3700000.0,1.0,gamma,140.0,point,isotropic,0.7,3700000.0,1.0
199,46,3,42.0,-44.0,-66.0,3700000.0,1.0,gamma,140.0,point,isotropic,0.7,3700000.0,1.0
200,47,3,44.0,-44.0,-66.0,3700000.0,1.0,gamma,140.0,point,isotropic,0.7,3700000.0,1.0
201,48,3,46.0,-44.0,-66.0,3700000.0,1.0,gamma,140.0,point,isotropic,0.7,3700000.0,1.0
202,49,3,48.0,-44.0,-66.0,3700000.0,1.0,gamma,140.0,point,isotropic,0.7,3700000.0,1.0
203,50,3,50.0,-44.0,-66.0,3700000.0,1.0,gamma,140.0,point,isotropic,0.7,3700000.0,1.0
204,0,4,-50.0,-42.0,-66.0,3700000.0,1.0,gamma,140.0,point,isotropic,0.7,3700000.0,1.0
205,1,4,-48.0,-42.0,-66.0,3700000.0,1.0,gamma,140.0,point,isotropic,0.7,3700000.0,1.0
206,2,4,-46.0,-42.0,-66.0,3700000.0,1.0,gamma,140.0,point,isotropic,0.7,3700000.0,1.0
207,3,4,-44.0,-42.0,-66.0,3700000.0,1.0,gamma,140.0,point,isotropic,0.7,3700000.0,1.0
208,4,4,-42.0,-42.0,-66.0,3700000.0,1.0,gamma,140.0,point,isotropic,0.7,3700000.0,1.0
209,5,4,-40.0,-42.0,-66.0,3700000.0,1.0,gamma,140.0,point,isotropic,0.7,3700000.0,1.0
210,6,4,-38.0,-42.0,-66.0,3700000.0,1.0,gamma,140.0,point,isotropic,0.7,3700000.0,1.0
211,7,4,-36.0,-42.0,-66.0,3700000.0,1.0,gamma,140.0,point,isotropic,0.7,3700000.0,1.0
212,8,4,-34.0,-42.0,-66.0,3700000.0,1.0,gamma,140.0,point,isotropic,0.7,3700000.0,1.0
213,9,4,-32.0,-42.0,-66.0,3700000.0,1.0,gamma,140.0,point,isotropic,0.7,3700000.0,1.0
214,10,4,-30.0,-42.0,-66.0,3700000.0,1.0,gamma,140.0,point,isotropic,0.7,3700000.0,1.0
215,11,4,-28.0,-42.0,-66.0,3700000.0,1.0,gamma,140.0,point,isotropic,0.7,3700000.0,1.0
216,12,4,-26.0,-42.0,-66.0,3700000.0,1.0,gamma,140.0,point,isotropic,0.7,3700000.0,1.0
217,13,4,-24.0,-42.0,-66.0,3700000.0,1.0,gamma,140.0,point,isotropic,0.7,3700000.0,1.0
218,14,4,-22.0,-42.0,-66.0,3700000.0,1.0,gamma,140.0,point,isotropic,0.7,3700000.0,1.0
219,15,4,-20.0,-42.0,-66.0,3700000.0,1.0,gamma,140.0,point,isotropic,0.7,3700000.0,1.0
220,16,4,-18.0,-42.0,-66.0,3700000.0,1.0,gamma,140.0,point,isotropic,0.7,3700000.0,1.0
221,17,4,-16.0,-42.0,-66.0,3700000.0,1.0,gamma,140.0,point,isotropic,0.7,3700000.0,1.0
222,18,4,-14.0,-42.0,-66.0,3700000.0,1.0,gamma,140.0,point,isotropic,0.7,3700000.0,1.0
223,19,4,-12.0,-42.0,-66.0,3700000.0,1.0,gamma,140.0,point,isotropic,0.7,3700000.0,1.0
224,20,4,-10.0,-42.0,-66.0,3700000.0,1.0,gamma,140.0,point,isotropic,0.7,3700000.0,1.0
225,21,4,-8.0,-42.0,-66.0,3700000.0,1.0,gamma,140.0,point,isotropic,0.7,3700000.0,1.0
226,22,4,-6.0,-42.0,-66.0,3700000.0,1.0,gamma,140.0,point,isotropic,0.7,3700000.0,1.0
227,23,4,-4.0,-42.0,-66.0,3700000.0,1.0,gamma,140.0,point,isotropic,0.7,3700000.0,1.0
228,24,4,-2.0,-42.0,-66.0,3700000.0,1.0,gamma,140.0,point,isotropic,0.7,3700000.0,1.0
229,25,4,0.0,-42.0,-66.0,3700000.0,1.0,gamma,140.0,point,isotropic,0.7,3700000.0,1.0
230,26,4,2.0,-42.0,-66.0,3700000.0,1.0,gamma,140.0,point,isotropic,0.7,3700000.0,1.0
231,27,4,4.0,-42.0,-66.0,3700000.0,1.0,gamma,140.0,point,isotropic,0.7,3700000.0,1.0
232,28,4,6.0,-42.0,-66.0,3700000.0,1.0,gamma,140.0,point,isotropic,0.7,3700000.0,1.0
233,29,4,8.0,-42.0,-66.0,3700000.0,1.0,gamma,140.0,point,isotropic,0.7,3700000.0,1.0
234,30,4,10.0,-42.0,-66.0,3700000.0,1.0,gamma,140.0,point,isotropic,0.7,3700000.0,1.0
235,31,4,12.0,-42.0,-66.0,3700000.0,1.0,gamma,140.0,point,isotropic,0.7,3700000.0,1.0
236,32,4,14.0,-42.0,-66.0,3700000.0,1.0,gamma,140.0,point,isotropic,0.7,3700000.0,1.0
237,33,4,16.0,-42.0,-66.0,3700000.0,1.0,gamma,140.0,point,isotropic,0.7,3700000.0,1.0
238,34,4,18.0,-42.0,-66.0,3700000.0,1.0,gamma,140.0,point,isotropic,0.7,3700000.0,1.0
239,35,4,20.0,-42.0,-66.0,3700000.0,1.0,gamma,140.0,point,isotropic,0.7,3700000.0,1.0
240,36,4,22.0,-42.0,-66.0,3700000.0,1.0,gamma,140.0,point,isotropic,0.7,3700000.0,1.0
241,37,4,24.0,-42.0,-66.0,3700000.0,1.0,gamma,140.0,point,isotropic,0.7,3700000.0,1.0
242,38,4,26.0,-42.0,-66.0,3700000.0,1.0,gamma,140.0,point,isotropic,0.7,3700000.0,1.0
243,39,4,28.0,-42.0,-66.0,3700000.0,1.0,gamma,140.0,point,isotropic,0.7,3700000.0,1.0
244,40,4,30.0,-42.0,-66.0,3700000.0,1.0,gamma,140.0,point,isotropic,0.7,3700000.0,1.0
245,41,4,32.0,-42.0,-66.0,3700000.0,1.0,gamma,140.0,point,isotropic,0.7,3700000.0,1.0
246,42,4,34.0,-42.0,-66.0,3700000.0,1.0,gamma,140.0,point,isotropic,0.7,3700000.0,1.0
247,43,4,36.0,-42.0,-66.0,3700000.0,1.0,gamma,140.0,point,isotropic,0.7,3700000.0,1.0
248,44,4,38.0,-42.0,-66.0,3700000.0,1.0,gamma,140.0,point,isotropic,0.7,3700000.0,1.0
249,45,4,40.0,-42.0,-66.0,3700000.0,1.0,gamma,140.0,point,isotropic,0.7,3700000.0,1.0
250,46,4,42.0,-42.0,-66.0,3700000.0,1.0,gamma,140.0,point,isotropic,0.7,3700000.0,1.0
251,47,4,44.0,-42.0,-66.0,3700000.0,1.0,gamma,140.0,point,isotropic,0.7,3700000.0,1.0
252,48,4,46.0,-42.0,-66.0,3700000.0,1.0,gamma,140.0,point,isotropic,0.7,3700000.0,1.0
253,49,4,48.0,-42.0,-66.0,3700000.0,1.0,gamma,140.0,point,isotropic,0.7,3700000.0,1.0
254,50,4,50.0,-42.0,-66.0,3700000.0,1.0,gamma,140.0,point,isotropic,0.7,3700000.0,1.0
255,0,5,-50.0,-40.0,-66.0,3700000.0,1.0,gamma,140.0,point,isotropic,0.7,3700000.0,1.0
256,1,5,-48.0,-40.0,-66.0,3700000.0,1.0,gamma,140.0,point,isotropic,0.7,3700000.0,1.0
257,2,5,-46.0,-40.0,-66.0,3700000.0,1.0,gamma,140.0,point,isotropic,0.7,3700000.0,1.0
258,3,5,-44.0,-40.0,-66.0,3700000.0,1.0,gamma,140.0,point,isotropic,0.7,3700000.0,1.0
259,4,5,-42.0,-40.0,-66.0,3700000.0,1.0,gamma,140.0,point,isotropic,0.7,3700000.0,1.0
260,5,5,-40.0,-40.0,-66.0,3700000.0,1.0,gamma,140.0,point,isotropic,0.7,3700000.0,1.0
261,6,5,-38.0,-40.0,-66.0,3700000.0,1.0,gamma,140.0,point,isotropic,0.7,3700000.0,1.0
262,7,5,-36.0,-40.0,-66.0,3700000.0,1.0,gamma,140.0,point,isotropic,0.7,3700000.0,1.0
263,8,5,-34.0,-40.0,-66.0,3700000.0,1.0,gamma,140.0,point,isotropic,0.7,3700000.0,1.0
264,9,5,-32.0,-40.0,-66.0,3700000.0,1.0,gamma,140.0,point,isotropic,0.7,3700000.0,1.0
265,10,5,-30.0,-40.0,-66.0,3700000.0,1.0,gamma,140.0,point,isotropic,0.7,3700000.0,1.0
266,11,5,-28.0,-40.0,-66.0,3700000.0,1.0,gamma,140.0,point,isotropic,0.7,3700000.0,1.0
267,12,5,-26.0,-40.0,-66.0,3700000.0,1.0,gamma,140.0,point,isotropic,0.7,3700000.0,1.0
268,13,5,-24.0,-40.0,-66.0,3700000.0,1.0,gamma,140.0,point,isotropic,0.7,3700000.0,1.0
269,14,5,-22.0,-40.0,-66.0,3700000.0,1.0,gamma,140.0,point,isotropic,0.7,3700000.0,1.0
270,15,5,-20.0,-40.0,-66.0,3700000.0,1.0,gamma,140.0,point,isotropic,0.7,3700000.0,1.0
271,16,5,-18.0,-40.0,-66.0,3700000.0,1.0,gamma,140.0,point,isotropic,0.7,3700000.0,1.0
272,17,5,-16.0,-40.0,-66.0,3700000.0,1.0,gamma,140.0,point,isotropic,0.7,3700000.0,1.0
273,18,5,-14.0,-40.0,-66.0,3700000.0,1.0,gamma,140.0,point,isotropic,0.7,3700000.0,1.0
274,19,5,-12.0,-40.0,-66.0,3700000.0,1.0,gamma,140.0,point,isotropic,0.7,3700000.0,1.0
275,20,5,-10.0,-40.0,-66.0,3700000.0,1.0,gamma,140.0,point,isotropic,0.7,3700000.0,1.0
276,21,5,-8.0,-40.0,-66.0,3700000.0,1.0,gamma,140.0,point,isotropic,0.7,3700000.0,1.0
277,22,5,-6.0,-40.0,-66.0,3700000.0,1.0,gamma,140.0,point,isotropic,0.7,3700000.0,1.0
278,23,5,-4.0,-40.0,-66.0,3700000.0,1.0,gamma,140.0,point,isotropic,0.7,3700000.0,1.0
279,24,5,-2.0,-40.0,-66.0,3700000.0,1.0,gamma,140.0,point,isotropic,0.7,3700000.0,1.0
280,25,5,0.0,-40.0,-66.0,3700000.0,1.0,gamma,140.0,point,isotropic,0.7,3700000.0,1.0
281,26,5,2.0,-40.0,-66.0,3700000.0,1.0,gamma,140.0,point,isotropic,0.7,3700000.0,1.0
282,27,5,4.0,-40.0,-66.0,3700000.0,1.0,gamma,140.0,point,isotropic,0.7,3700000.0,1.0
283,28,5,6.0,-40.0,-66.0,3700000.0,1.0,gamma,140.0,point,isotropic,0.7,3700000.0,1.0
284,29,5,8.0,-40.0,-66.0,3700000.0,1.0,gamma,140.0,point,isotropic,0.7,3700000.0,1.0
285,30,5,10.0,-40.0,-66.0,3700000.0,1.0,gamma,140.0,point,isotropic,0.7,3700000.0,1.0
286,31,5,12.0,-40.0,-66.0,3700000.0,1.0,gamma,140.0,point,isotropic,0.7,3700000.0,1.0
287,32,5,14.0,-40.0,-66.0,3700000.0,1.0,gamma,140.0,point,isotropic,0.7,3700000.0,1.0
288,33,5,16.0,-40.0,-66.0,3700000.0,1.0,gamma,140.0,point,isotropic,0.7,3700000.0,1.0
289,34,5,18.0,-40.0,-66.0,3700000.0,1.0,gamma,140.0,point,isotropic,0.7,3700000.0,1.0
290,35,5,20.0,-40.0,-66.0,3700000.0,1.0,gamma,140.0,point,isotropic,0.7,3700000.0,1.0
291,36,5,22.0,-40.0,-66.0,3700000.0,1.0,gamma,140.0,point,isotropic,0.7,3700000.0,1.0
292,37,5,24.0,-40.0,-66.0,3700000.0,1.0,gamma,140.0,point,isotropic,0.7,3700000.0,1.0
293,38,5,26.0,-40.0,-66.0,3700000.0,1.0,gamma,140.0,point,isotropic,0.7,3700000.0,1.0
294,39,5,28.0,-40.0,-66.0,3700000.0,1.0,gamma,140.0,point,isotropic,0.7,3700000.0,1.0
295,40,5,30.0,-40.0,-66.0,3700000.0,1.0,gamma,140.0,point,isotropic,0.7,3700000.0,1.0
296,41,5,32.0,-40.0,-66.0,3700000.0,1.0,gamma,140.0,point,isotropic,0.7,3700000.0,1.0
297,42,5,34.0,-40.0,-66.0,3700000.0,1.0,gamma,140.0,point,isotropic,0.7,3700000.0,1.0
298,43,5,36.0,-40.0,-66.0,3700000.0,1.0,gamma,140.0,point,isotropic,0.7,3700000.0,1.0
299,44,5,38.0,-40.0,-66.0,3700000.0,1.0,gamma,140.0,point,isotropic,0.7,3700000.0,1.0
300,45,5,40.0,-40.0,-66.0,3700000.0,1.0,gamma,140.0,point,isotropic,0.7,3700000.0,1.0
301,46,5,42.0,-40.0,-66.0,3700000.0,1.0,gamma,140.0,point,isotropic,0.7,3700000.0,1.0
302,47,5,44.0,-40.0,-66.0,3700000.0,1.0,gamma,140.0,point,isotropic,0.7,3700000.0,1.0
303,48,5,46.0,-40.0,-66.0,3700000.0,1.0,gamma,140.0,point,isotropic,0.7,3700000.0,1.0
304,49,5,48.0,-40.0,-66.0,3700000.0,1.0,gamma,140.0,point,isotropic,0.7,3700000.0,1.0
305,50,5,50.0,-40.0,-66.0,3700000.0,1.0,gamma,140.0,point,isotropic,0.7,3700000.0,1.0
306,0,6,-50.0,-38.0,-66.0,3700000.0,1.0,gamma,140.0,point,isotropic,0.7,3700000.0,1.0
307,1,6,-48.0,-38.0,-66.0,3700000.0,1.0,gamma,140.0,point,isotropic,0.7,3700000.0,1.0
308,2,6,-46.0,-38.0,-66.0,3700000.0,1.0,gamma,140.0,point,isotropic,0.7,3700000.0,1.0
309,3,6,-44.0,-38.0,-66.0,3700000.0,1.0,gamma,140.0,point,isotropic,0.7,3700000.0,1.0
310,4,6,-42.0,-38.0,-66.0,3700000.0,1.0,gamma,140.0,point,isotropic,0.7,3700000.0,1.0
311,5,6,-40.0,-38.0,-66.0,3700000.0,1.0,gamma,140.0,point,isotropic,0.7,3700000.0,1.0
312,6,6,-38.0,-38.0,-66.0,3700000.0,1.0,gamma,140.0,point,isotropic,0.7,3700000.0,1.0
313,7,6,-36.0,-38.0,-66.0,3700000.0,1.0,gamma,140.0,point,isotropic,0.7,3700000.0,1.0
314,8,6,-34.0,-38.0,-66.0,3700000.0,1.0,gamma,140.0,point,isotropic,0.7,3700000.0,1.0
315,9,6,-32.0,-38.0,-66.0,3700000.0,1.0,gamma,140.0,point,isotropic,0.7,3700000.0,1.0
316,10,6,-30.0,-38.0,-66.0,3700000.0,1.0,gamma,140.0,point,isotropic,0.7,3700000.0,1.0
317,11,6,-28.0,-38.0,-66.0,3700000.0,1.0,gamma,140.0,point,isotropic,0.7,3700000.0,1.0
318,12,6,-26.0,-38.0,-66.0,3700000.0,1.0,gamma,140.0,point,isotropic,0.7,3700000.0,1.0
319,13,6,-24.0,-38.0,-66.0,3700000.0,1.0,gamma,140.0,point,isotropic,0.7,3700000.0,1.0
320,14,6,-22.0,-38.0,-66.0,3700000.0,1.0,gamma,140.0,point,isotropic,0.7,3700000.0,1.0
321,15,6,-20.0,-38.0,-66.0,3700000.0,1.0,gamma,140.0,point,isotropic,0.7,3700000.0,1.0
322,16,6,-18.0,-38.0,-66.0,3700000.0,1.0,gamma,140.0,point,isotropic,0.7,3700000.0,1.0
323,17,6,-16.0,-38.0,-66.0,3700000.0,1.0,gamma,140.0,point,isotropic,0.7,3700000.0,1.0
324,18,6,-14.0,-38.0,-66.0,3700000.0,1.0,gamma,140.0,point,isotropic,0.7,3700000.0,1.0
325,19,6,-12.0,-38.0,-66.0,3700000.0,1.0,gamma,140.0,point,isotropic,0.7,3700000.0,1.0
326,20,6,-10.0,-38.0,-66.0,3700000.0,1.0,gamma,140.0,point,isotropic,0.7,3700000.0,1.0
327,21,6,-8.0,-38.0,-66.0,3700000.0,1.0,gamma,140.0,point,isotropic,0.7,3700000.0,1.0
328,22,6,-6.0,-38.0,-66.0,3700000.0,1.0,gamma,140.0,point,isotropic,0.7,3700000.0,1.0
329,23,6,-4.0,-38.0,-66.0,3700000.0,1.0,gamma,140.0,point,isotropic,0.7,3700000.0,1.0
330,24,6,-2.0,-38.0,-66.0,3700000.0,1.0,gamma,140.0,point,isotropic,0.7,3700000.0,1.0
331,25,6,0.0,-38.0,-66.0,3700000.0,1.0,gamma,140.0,point,isotropic,0.7,3700000.0,1.0
332,26,6,2.0,-38.0,-66.0,3700000.0,1.0,gamma,140.0,point,isotropic,0.7,3700000.0,1.0
333,27,6,4.0,-38.0,-66.0,3700000.0,1.0,gamma,140.0,point,isotropic,0.7,3700000.0,1.0
334,28,6,6.0,-38.0,-66.0,3700000.0,1.0,gamma,140.0,point,isotropic,0.7,3700000.0,1.0
335,29,6,8.0,-38.0,-66.0,3700000.0,1.0,gamma,140.0,point,isotropic,0.7,3700000.0,1.0
336,30,6,10.0,-38.0,-66.0,3700000.0,1.0,gamma,140.0,point,isotropic,0.7,3700000.0,1.0
337,31,6,12.0,-38.0,-66.0,3700000.0,1.0,gamma,140.0,point,isotropic,0.7,3700000.0,1.0
338,32,6,14.0,-38.0,-66.0,3700000.0,1.0,gamma,140.0,point,isotropic,0.7,3700000.0,1.0
339,33,6,16.0,-38.0,-66.0,3700000.0,1.0,gamma,140.0,point,isotropic,0.7,3700000.0,1.0
340,34,6,18.0,-38.0,-66.0,3700000.0,1.0,gamma,140.0,point,isotropic,0.7,3700000.0,1.0
341,35,6,20.0,-38.0,-66.0,3700000.0,1.0,gamma,140.0,point,isotropic,0.7,3700000.0,1.0
342,36,6,22.0,-38.0,-66.0,3700000.0,1.0,gamma,140.0,point,isotropic,0.7,3700000.0,1.0
343,37,6,24.0,-38.0,-66.0,3700000.0,1.0,gamma,140.0,point,isotropic,0.7,3700000.0,1.0
344,38,6,26.0,-38.0,-66.0,3700000.0,1.0,gamma,140.0,point,isotropic,0.7,3700000.0,1.0
345,39,6,28.0,-38.0,-66.0,3700000.0,1.0,gamma,140.0,point,isotropic,0.7,3700000.0,1.0
346,40,6,30.0,-38.0,-66.0,3700000.0,1.0,gamma,140.0,point,isotropic,0.7,3700000.0,1.0
347,41,6,32.0,-38.0,-66.0,3700000.0,1.0,gamma,140.0,point,isotropic,0.7,3700000.0,1.0
348,42,6,34.0,-38.0,-66.0,3700000.0,1.0,gamma,140.0,point,isotropic,0.7,3700000.0,1.0
349,43,6,36.0,-38.0,-66.0,3700000.0,1.0,gamma,140.0,point,isotropic,0.7,3700000.0,1.0
350,44,6,38.0,-38.0,-66.0,3700000.0,1.0,gamma,140.0,point,isotropic,0.7,3700000.0,1.0
351,45,6,40.0,-38.0,-66.0,3700000.0,1.0,gamma,140.0,point,isotropic,0.7,3700000.0,1.0
352,46,6,42.0,-38.0,-66.0,3700000.0,1.0,gamma,140.0,point,isotropic,0.7,3700000.0,1.0
353,47,6,44.0,-38.0,-66.0,3700000.0,1.0,gamma,140.0,point,isotropic,0.7,3700000.0,1.0
354,48,6,46.0,-38.0,-66.0,3700000.0,1.0,gamma,140.0,point,isotropic,0.7,3700000.0,1.0
355,49,6,48.0,-38.0,-66.0,3700000.0,1.0,gamma,140.0,point,isotropic,0.7,3700000.0,1.0
356,50,6,50.0,-38.0,-66.0,3700000.0,1.0,gamma,140.0,point,isotropic,0.7,3700000.0,1.0
357,0,7,-50.0,-36.0,-66.0,3700000.0,1.0,gamma,140.0,point,isotropic,0.7,3700000.0,1.0
358,1,7,-48.0,-36.0,-66.0,3700000.0,1.0,gamma,140.0,point,isotropic,0.7,3700000.0,1.0
359,2,7,-46.0,-36.0,-66.0,3700000.0,1.0,gamma,140.0,point,isotropic,0.7,3700000.0,1.0
360,3,7,-44.0,-36.0,-66.0,3700000.0,1.0,gamma,140.0,point,isotropic,0.7,3700000.0,1.0
361,4,7,-42.0,-36.0,-66.0,3700000.0,1.0,gamma,140.0,point,isotropic,0.7,3700000.0,1.0
362,5,7,-40.0,-36.0,-66.0,3700000.0,1.0,gamma,140.0,point,isotropic,0.7,3700000.0,1.0
363,6,7,-38.0,-36.0,-66.0,3700000.0,1.0,gamma,140.0,point,isotropic,0.7,3700000.0,1.0
364,7,7,-36.0,-36.0,-66.0,3700000.0,1.0,gamma,140.0,point,isotropic,0.7,3700000.0,1.0
365,8,7,-34.0,-36.0,-66.0,3700000.0,1.0,gamma,140.0,point,isotropic,0.7,3700000.0,1.0
366,9,7,-32.0,-36.0,-66.0,3700000.0,1.0,gamma,140.0,point,isotropic,0.7,3700000.0,1.0
367,10,7,-30.0,-36.0,-66.0,3700000.0,1.0,gamma,140.0,point,isotropic,0.7,3700000.0,1.0
368,11,7,-28.0,-36.0,-66.0,3700000.0,1.0,gamma,140.0,point,isotropic,0.7,3700000.0,1.0
369,12,7,-26.0,-36.0,-66.0,3700000.0,1.0,gamma,140.0,point,isotropic,0.7,3700000.0,1.0
370,13,7,-24.0,-36.0,-66.0,3700000.0,1.0,gamma,140.0,point,isotropic,0.7,3700000.0,1.0
371,14,7,-22.0,-36.0,-66.0,3700000.0,1.0,gamma,140.0,point,isotropic,0.7,3700000.0,1.0
372,15,7,-20.0,-36.0,-66.0,3700000.0,1.0,gamma,140.0,point,isotropic,0.7,3700000.0,1.0
373,16,7,-18.0,-36.0,-66.0,3700000.0,1.0,gamma,140.0,point,isotropic,0.7,3700000.0,1.0
374,17,7,-16.0,-36.0,-66.0,3700000.0,1.0,gamma,140.0,point,isotropic,0.7,3700000.0,1.0
375,18,7,-14.0,-36.0,-66.0,3700000.0,1.0,gamma,140.0,point,isotropic,0.7,3700000.0,1.0
376,19,7,-12.0,-36.0,-66.0,3700000.0,1.0,gamma,140.0,point,isotropic,0.7,3700000.0,1.0
377,20,7,-10.0,-36.0,-66.0,3700000.0,1.0,gamma,140.0,point,isotropic,0.7,3700000.0,1.0
378,21,7,-8.0,-36.0,-66.0,3700000.0,1.0,gamma,140.0,point,isotropic,0.7,3700000.0,1.0
379,22,7,-6.0,-36.0,-66.0,3700000.0,1.0,gamma,140.0,point,isotropic,0.7,3700000.0,1.0
380,23,7,-4.0,-36.0,-66.0,3700000.0,1.0,gamma,140.0,point,isotropic,0.7,3700000.0,1.0
381,24,7,-2.0,-36.0,-66.0,3700000.0,1.0,gamma,140.0,point,isotropic,0.7,3700000.0,1.0
382,25,7,0.0,-36.0,-66.0,3700000.0,1.0,gamma,140.0,point,isotropic,0.7,3700000.0,1.0
383,26,7,2.0,-36.0,-66.0,3700000.0,1.0,gamma,140.0,point,isotropic,0.7,3700000.0,1.0
384,27,7,4.0,-36.0,-66.0,3700000.0,1.0,gamma,140.0,point,isotropic,0.7,3700000.0,1.0
385,28,7,6.0,-36.0,-66.0,3700000.0,1.0,gamma,140.0,point,isotropic,0.7,3700000.0,1.0
386,29,7,8.0,-36.0,-66.0,3700000.0,1.0,gamma,140.0,point,isotropic,0.7,3700000.0,1.0
387,30,7,10.0,-36.0,-66.0,3700000.0,1.0,gamma,140.0,point,isotropic,0.7,3700000.0,1.0
388,31,7,12.0,-36.0,-66.0,3700000.0,1.0,gamma,140.0,point,isotropic,0.7,3700000.0,1.0
389,32,7,14.0,-36.0,-66.0,3700000.0,1.0,gamma,140.0,point,isotropic,0.7,3700000.0,1.0
390,33,7,16.0,-36.0,-66.0,3700000.0,1.0,gamma,140.0,point,isotropic,0.7,3700000.0,1.0
391,34,7,18.0,-36.0,-66.0,3700000.0,1.0,gamma,140.0,point,isotropic,0.7,3700000.0,1.0
392,35,7,20.0,-36.0,-66.0,3700000.0,1.0,gamma,140.0,point,isotropic,0.7,3700000.0,1.0
393,36,7,22.0,-36.0,-66.0,3700000.0,1.0,gamma,140.0,point,isotropic,0.7,3700000.0,1.0
394,37,7,24.0,-36.0,-66.0,3700000.0,1.0,gamma,140.0,point,isotropic,0.7,3700000.0,1.0
395,38,7,26.0,-36.0,-66.0,3700000.0,1.0,gamma,140.0,point,isotropic,0.7,3700000.0,1.0
396,39,7,28.0,-36.0,-66.0,3700000.0,1.0,gamma,140.0,point,isotropic,0.7,3700000.0,1.0
397,40,7,30.0,-36.0,-66.0,3700000.0,1.0,gamma,140.0,point,isotropic,0.7,3700000.0,1.0
398,41,7,32.0,-36.0,-66.0,3700000.0,1.0,gamma,140.0,point,isotropic,0.7,3700000.0,1.0
399,42,7,34.0,-36.0,-66.0,3700000.0,1.0,gamma,140.0,point,isotropic,0.7,3700000.0,1.0
400,43,7,36.0,-36.0,-66.0,3700000.0,1.0,gamma,140.0,point,isotropic,0.7,3700000.0,1.0
401,44,7,38.0,-36.0,-66.0,3700000.0,1.0,gamma,140.0,point,isotropic,0.7,3700000.0,1.0
402,45,7,40.0,-36.0,-66.0,3700000.0,1.0,gamma,140.0,point,isotropic,0.7,3700000.0,1.0
403,46,7,42.0,-36.0,-66.0,3700000.0,1.0,gamma,140.0,point,isotropic,0.7,3700000.0,1.0
404,47,7,44.0,-36.0,-66.0,3700000.0,1.0,gamma,140.0,point,isotropic,0.7,3700000.0,1.0
405,48,7,46.0,-36.0,-66.0,3700000.0,1.0,gamma,140.0,point,isotropic,0.7,3700000.0,1.0
406,49,7,48.0,-36.0,-66.0,3700000.0,1.0,gamma,140.0,point,isotropic,0.7,3700000.0,1.0
407,50,7,50.0,-36.0,-66.0,3700000.0,1.0,gamma,140.0,point,isotropic,0.7,3700000.0,1.0
408,0,8,-50.0,-34.0,-66.0,3700000.0,1.0,gamma,140.0,point,isotropic,0.7,3700000.0,1.0
409,1,8,-48.0,-34.0,-66.0,3700000.0,1.0,gamma,140.0,point,isotropic,0.7,3700000.0,1.0
410,2,8,-46.0,-34.0,-66.0,3700000.0,1.0,gamma,140.0,point,isotropic,0.7,3700000.0,1.0
411,3,8,-44.0,-34.0,-66.0,3700000.0,1.0,gamma,140.0,point,isotropic,0.7,3700000.0,1.0
412,4,8,-42.0,-34.0,-66.0,3700000.0,1.0,gamma,140.0,point,isotropic,0.7,3700000.0,1.0
413,5,8,-40.0,-34.0,-66.0,3700000.0,1.0,gamma,140.0,point,isotropic,0.7,3700000.0,1.0
414,6,8,-38.0,-34.0,-66.0,3700000.0,1.0,gamma,140.0,point,isotropic,0.7,3700000.0,1.0
415,7,8,-36.0,-34.0,-66.0,3700000.0,1.0,gamma,140.0,point,isotropic,0.7,3700000.0,1.0
416,8,8,-34.0,-34.0,-66.0,3700000.0,1.0,gamma,140.0,point,isotropic,0.7,3700000.0,1.0
417,9,8,-32.0,-34.0,-66.0,3700000.0,1.0,gamma,140.0,point,isotropic,0.7,3700000.0,1.0
418,10,8,-30.0,-34.0,-66.0,3700000.0,1.0,gamma,140.0,point,isotropic,0.7,3700000.0,1.0
419,11,8,-28.0,-34.0,-66.0,3700000.0,1.0,gamma,140.0,point,isotropic,0.7,3700000.0,1.0
420,12,8,-26.0,-34.0,-66.0,3700000.0,1.0,gamma,140.0,point,isotropic,0.7,3700000.0,1.0
421,13,8,-24.0,-34.0,-66.0,3700000.0,1.0,gamma,140.0,point,isotropic,0.7,3700000.0,1.0
422,14,8,-22.0,-34.0,-66.0,3700000.0,1.0,gamma,140.0,point,isotropic,0.7,3700000.0,1.0
423,15,8,-20.0,-34.0,-66.0,3700000.0,1.0,gamma,140.0,point,isotropic,0.7,3700000.0,1.0
424,16,8,-18.0,-34.0,-66.0,3700000.0,1.0,gamma,140.0,point,isotropic,0.7,3700000.0,1.0
425,17,8,-16.0,-34.0,-66.0,3700000.0,1.0,gamma,140.0,point,isotropic,0.7,3700000.0,1.0
426,18,8,-14.0,-34.0,-66.0,3700000.0,1.0,gamma,140.0,point,isotropic,0.7,3700000.0,1.0
427,19,8,-12.0,-34.0,-66.0,3700000.0,1.0,gamma,140.0,point,isotropic,0.7,3700000.0,1.0
428,20,8,-10.0,-34.0,-66.0,3700000.0,1.0,gamma,140.0,point,isotropic,0.7,3700000.0,1.0
429,21,8,-8.0,-34.0,-66.0,3700000.0,1.0,gamma,140.0,point,isotropic,0.7,3700000.0,1.0
430,22,8,-6.0,-34.0,-66.0,3700000.0,1.0,gamma,140.0,point,isotropic,0.7,3700000.0,1.0
431,23,8,-4.0,-34.0,-66.0,3700000.0,1.0,gamma,140.0,point,isotropic,0.7,3700000.0,1.0
432,24,8,-2.0,-34.0,-66.0,3700000.0,1.0,gamma,140.0,point,isotropic,0.7,3700000.0,1.0
433,25,8,0.0,-34.0,-66.0,3700000.0,1.0,gamma,140.0,point,isotropic,0.7,3700000.0,1.0
434,26,8,2.0,-34.0,-66.0,3700000.0,1.0,gamma,140.0,point,isotropic,0.7,3700000.0,1.0
435,27,8,4.0,-34.0,-66.0,3700000.0,1.0,gamma,140.0,point,isotropic,0.7,3700000.0,1.0
436,28,8,6.0,-34.0,-66.0,3700000.0,1.0,gamma,140.0,point,isotropic,0.7,3700000.0,1.0
437,29,8,8.0,-34.0,-66.0,3700000.0,1.0,gamma,140.0,point,isotropic,0.7,3700000.0,1.0
438,30,8,10.0,-34.0,-66.0,3700000.0,1.0,gamma,140.0,point,isotropic,0.7,3700000.0,1.0
439,31,8,12.0,-34.0,-66.0,3700000.0,1.0,gamma,140.0,point,isotropic,0.7,3700000.0,1.0
440,32,8,14.0,-34.0,-66.0,3700000.0,1.0,gamma,140.0,point,isotropic,0.7,3700000.0,1.0
441,33,8,16.0,-34.0,-66.0,3700000.0,1.0,gamma,140.0,point,isotropic,0.7,3700000.0,1.0
442,34,8,18.0,-34.0,-66.0,3700000.0,1.0,gamma,140.0,point,isotropic,0.7,3700000.0,1.0
443,35,8,20.0,-34.0,-66.0,3700000.0,1.0,gamma,140.0,point,isotropic,0.7,3700000.0,1.0
444,36,8,22.0,-34.0,-66.0,3700000.0,1.0,gamma,140.0,point,isotropic,0.7,3700000.0,1.0
445,37,8,24.0,-34.0,-66.0,3700000.0,1.0,gamma,140.0,point,isotropic,0.7,3700000.0,1.0
446,38,8,26.0,-34.0,-66.0,3700000.0,1.0,gamma,140.0,point,isotropic,0.7,3700000.0,1.0
447,39,8,28.0,-34.0,-66.0,3700000.0,1.0,gamma,140.0,point,isotropic,0.7,3700000.0,1.0
448,40,8,30.0,-34.0,-66.0,3700000.0,1.0,gamma,140.0,point,isotropic,0.7,3700000.0,1.0
449,41,8,32.0,-34.0,-66.0,3700000.0,1.0,gamma,140.0,point,isotropic,0.7,3700000.0,1.0
450,42,8,34.0,-34.0,-66.0,3700000.0,1.0,gamma,140.0,point,isotropic,0.7,3700000.0,1.0
451,43,8,36.0,-34.0,-66.0,3700000.0,1.0,gamma,140.0,point,isotropic,0.7,3700000.0,1.0
452,44,8,38.0,-34.0,-66.0,3700000.0,1.0,gamma,140.0,point,isotropic,0.7,3700000.0,1.0
453,45,8,40.0,-34.0,-66.0,3700000.0,1.0,gamma,140.0,point,isotropic,0.7,3700000.0,1.0
454,46,8,42.0,-34.0,-66.0,3700000.0,1.0,gamma,140.0,point,isotropic,0.7,3700000.0,1.0
455,47,8,44.0,-34.0,-66.0,3700000.0,1.0,gamma,140.0,point,isotropic,0.7,3700000.0,1.0
456,48,8,46.0,-34.0,-66.0,3700000.0,1.0,gamma,140.0,point,isotropic,0.7,3700000.0,1.0
457,49,8,48.0,-34.0,-66.0,3700000.0,1.0,gamma,140.0,point,isotropic,0.7,3700000.0,1.0
458,50,8,50.0,-34.0,-66.0,3700000.0,1.0,gamma,140.0,point,isotropic,0.7,3700000.0,1.0
459,0,9,-50.0,-32.0,-66.0,3700000.0,1.0,gamma,140.0,point,isotropic,0.7,3700000.0,1.0
460,1,9,-48.0,-32.0,-66.0,3700000.0,1.0,gamma,140.0,point,isotropic,0.7,3700000.0,1.0
461,2,9,-46.0,-32.0,-66.0,3700000.0,1.0,gamma,140.0,point,isotropic,0.7,3700000.0,1.0
462,3,9,-44.0,-32.0,-66.0,3700000.0,1.0,gamma,140.0,point,isotropic,0.7,3700000.0,1.0
463,4,9,-42.0,-32.0,-66.0,3700000.0,1.0,gamma,140.0,point,isotropic,0.7,3700000.0,1.0
464,5,9,-40.0,-32.0,-66.0,3700000.0,1.0,gamma,140.0,point,isotropic,0.7,3700000.0,1.0
465,6,9,-38.0,-32.0,-66.0,3700000.0,1.0,gamma,140.0,point,isotropic,0.7,3700000.0,1.0
466,7,9,-36.0,-32.0,-66.0,3700000.0,1.0,gamma,140.0,point,isotropic,0.7,3700000.0,1.0
467,8,9,-34.0,-32.0,-66.0,3700000.0,1.0,gamma,140.0,point,isotropic,0.7,3700000.0,1.0
468,9,9,-32.0,-32.0,-66.0,3700000.0,1.0,gamma,140.0,point,isotropic,0.7,3700000.0,1.0
469,10,9,-30.0,-32.0,-66.0,3700000.0,1.0,gamma,140.0,point,isotropic,0.7,3700000.0,1.0
470,11,9,-28.0,-32.0,-66.0,3700000.0,1.0,gamma,140.0,point,isotropic,0.7,3700000.0,1.0
471,12,9,-26.0,-32.0,-66.0,3700000.0,1.0,gamma,140.0,point,isotropic,0.7,3700000.0,1.0
472,13,9,-24.0,-32.0,-66.0,3700000.0,1.0,gamma,140.0,point,isotropic,0.7,3700000.0,1.0
473,14,9,-22.0,-32.0,-66.0,3700000.0,1.0,gamma,140.0,point,isotropic,0.7,3700000.0,1.0
474,15,9,-20.0,-32.0,-66.0,3700000.0,1.0,gamma,140.0,point,isotropic,0.7,3700000.0,1.0
475,16,9,-18.0,-32.0,-66.0,3700000.0,1.0,gamma,140.0,point,isotropic,0.7,3700000.0,1.0
476,17,9,-16.0,-32.0,-66.0,3700000.0,1.0,gamma,140.0,point,isotropic,0.7,3700000.0,1.0
477,18,9,-14.0,-32.0,-66.0,3700000.0,1.0,gamma,140.0,point,isotropic,0.7,3700000.0,1.0
478,19,9,-12.0,-32.0,-66.0,3700000.0,1.0,gamma,140.0,point,isotropic,0.7,3700000.0,1.0
479,20,9,-10.0,-32.0,-66.0,3700000.0,1.0,gamma,140.0,point,isotropic,0.7,3700000.0,1.0
480,21,9,-8.0,-32.0,-66.0,3700000.0,1.0,gamma,140.0,point,isotropic,0.7,3700000.0,1.0
481,22,9,-6.0,-32.0,-66.0,3700000.0,1.0,gamma,140.0,point,isotropic,0.7,3700000.0,1.0
482,23,9,-4.0,-32.0,-66.0,3700000.0,1.0,gamma,140.0,point,isotropic,0.7,3700000.0,1.0
483,24,9,-2.0,-32.0,-66.0,3700000.0,1.0,gamma,140.0,point,isotropic,0.7,3700000.0,1.0
484,25,9,0.0,-32.0,-66.0,3700000.0,1.0,gamma,140.0,point,isotropic,0.7,3700000.0,1.0
485,26,9,2.0,-32.0,-66.0,3700000.0,1.0,gamma,140.0,point,isotropic,0.7,3700000.0,1.0
486,27,9,4.0,-32.0,-66.0,3700000.0,1.0,gamma,140.0,point,isotropic,0.7,3700000.0,1.0
487,28,9,6.0,-32.0,-66.0,3700000.0,1.0,gamma,140.0,point,isotropic,0.7,3700000.0,1.0
488,29,9,8.0,-32.0,-66.0,3700000.0,1.0,gamma,140.0,point,isotropic,0.7,3700000.0,1.0
489,30,9,10.0,-32.0,-66.0,3700000.0,1.0,gamma,140.0,point,isotropic,0.7,3700000.0,1.0
490,31,9,12.0,-32.0,-66.0,3700000.0,1.0,gamma,140.0,point,isotropic,0.7,3700000.0,1.0
491,32,9,14.0,-32.0,-66.0,3700000.0,1.0,gamma,140.0,point,isotropic,0.7,3700000.0,1.0
492,33,9,16.0,-32.0,-66.0,3700000.0,1.0,gamma,140.0,point,isotropic,0.7,3700000.0,1.0
493,34,9,18.0,-32.0,-66.0,3700000.0,1.0,gamma,140.0,point,isotropic,0.7,3700000.0,1.0
494,35,9,20.0,-32.0,-66.0,3700000.0,1.0,gamma,140.0,point,isotropic,0.7,3700000.0,1.0
495,36,9,22.0,-32.0,-66.0,3700000.0,1.0,gamma,140.0,point,isotropic,0.7,3700000.0,1.0
496,37,9,24.0,-32.0,-66.0,3700000.0,1.0,gamma,140.0,point,isotropic,0.7,3700000.0,1.0
497,38,9,26.0,-32.0,-66.0,3700000.0,1.0,gamma,140.0,point,isotropic,0.7,3700000.0,1.0
498,39,9,28.0,-32.0,-66.0,3700000.0,1.0,gamma,140.0,point,isotropic,0.7,3700000.0,1.0
499,40,9,30.0,-32.0,-66.0,3700000.0,1.0,gamma,140.0,point,isotropic,0.7,3700000.0,1.0
500,41,9,32.0,-32.0,-66.0,3700000.0,1.0,gamma,140.0,point,isotropic,0.7,3700000.0,1.0
501,42,9,34.0,-32.0,-66.0,3700000.0,1.0,gamma,140.0,point,isotropic,0.7,3700000.0,1.0
502,43,9,36.0,-32.0,-66.0,3700000.0,1.0,gamma,140.0,point,isotropic,0.7,3700000.0,1.0
503,44,9,38.0,-32.0,-66.0,3700000.0,1.0,gamma,140.0,point,isotropic,0.7,3700000.0,1.0
504,45,9,40.0,-32.0,-66.0,3700000.0,1.0,gamma,140.0,point,isotropic,0.7,3700000.0,1.0
505,46,9,42.0,-32.0,-66.0,3700000.0,1.0,gamma,140.0,point,isotropic,0.7,3700000.0,1.0
506,47,9,44.0,-32.0,-66.0,3700000.0,1.0,gamma,140.0,point,isotropic,0.7,3700000.0,1.0
507,48,9,46.0,-32.0,-66.0,3700000.0,1.0,gamma,140.0,point,isotropic,0.7,3700000.0,1.0
508,49,9,48.0,-32.0,-66.0,3700000.0,1.0,gamma,140.0,point,isotropic,0.7,3700000.0,1.0
509,50,9,50.0,-32.0,-66.0,3700000.0,1.0,gamma,140.0,point,isotropic,0.7,3700000.0,1.0
510,0,10,-50.0,-30.0,-66.0,3700000.0,1.0,gamma,140.0,point,isotropic,0.7,3700000.0,1.0
511,1,10,-48.0,-30.0,-66.0,3700000.0,1.0,gamma,140.0,point,isotropic,0.7,3700000.0,1.0
512,2,10,-46.0,-30.0,-66.0,3700000.0,1.0,gamma,140.0,point,isotropic,0.7,3700000.0,1.0
513,3,10,-44.0,-30.0,-66.0,3700000.0,1.0,gamma,140.0,point,isotropic,0.7,3700000.0,1.0
514,4,10,-42.0,-30.0,-66.0,3700000.0,1.0,gamma,140.0,point,isotropic,0.7,3700000.0,1.0
515,5,10,-40.0,-30.0,-66.0,3700000.0,1.0,gamma,140.0,point,isotropic,0.7,3700000.0,1.0
516,6,10,-38.0,-30.0,-66.0,3700000.0,1.0,gamma,140.0,point,isotropic,0.7,3700000.0,1.0
517,7,10,-36.0,-30.0,-66.0,3700000.0,1.0,gamma,140.0,point,isotropic,0.7,3700000.0,1.0
518,8,10,-34.0,-30.0,-66.0,3700000.0,1.0,gamma,140.0,point,isotropic,0.7,3700000.0,1.0
519,9,10,-32.0,-30.0,-66.0,3700000.0,1.0,gamma,140.0,point,isotropic,0.7,3700000.0,1.0
520,10,10,-30.0,-30.0,-66.0,3700000.0,1.0,gamma,140.0,point,isotropic,0.7,3700000.0,1.0
521,11,10,-28.0,-30.0,-66.0,3700000.0,1.0,gamma,140.0,point,isotropic,0.7,3700000.0,1.0
522,12,10,-26.0,-30.0,-66.0,3700000.0,1.0,gamma,140.0,point,isotropic,0.7,3700000.0,1.0
523,13,10,-24.0,-30.0,-66.0,3700000.0,1.0,gamma,140.0,point,isotropic,0.7,3700000.0,1.0
524,14,10,-22.0,-30.0,-66.0,3700000.0,1.0,gamma,140.0,point,isotropic,0.7,3700000.0,1.0
525,15,10,-20.0,-30.0,-66.0,3700000.0,1.0,gamma,140.0,point,isotropic,0.7,3700000.0,1.0
526,16,10,-18.0,-30.0,-66.0,3700000.0,1.0,gamma,140.0,point,isotropic,0.7,3700000.0,1.0
527,17,10,-16.0,-30.0,-66.0,3700000.0,1.0,gamma,140.0,point,isotropic,0.7,3700000.0,1.0
528,18,10,-14.0,-30.0,-66.0,3700000.0,1.0,gamma,140.0,point,isotropic,0.7,3700000.0,1.0
529,19,10,-12.0,-30.0,-66.0,3700000.0,1.0,gamma,140.0,point,isotropic,0.7,3700000.0,1.0
530,20,10,-10.0,-30.0,-66.0,3700000.0,1.0,gamma,140.0,point,isotropic,0.7,3700000.0,1.0
531,21,10,-8.0,-30.0,-66.0,3700000.0,1.0,gamma,140.0,point,isotropic,0.7,3700000.0,1.0
532,22,10,-6.0,-30.0,-66.0,3700000.0,1.0,gamma,140.0,point,isotropic,0.7,3700000.0,1.0
533,23,10,-4.0,-30.0,-66.0,3700000.0,1.0,gamma,140.0,point,isotropic,0.7,3700000.0,1.0
534,24,10,-2.0,-30.0,-66.0,3700000.0,1.0,gamma,140.0,point,isotropic,0.7,3700000.0,1.0
535,25,10,0.0,-30.0,-66.0,3700000.0,1.0,gamma,140.0,point,isotropic,0.7,3700000.0,1.0
536,26,10,2.0,-30.0,-66.0,3700000.0,1.0,gamma,140.0,point,isotropic,0.7,3700000.0,1.0
537,27,10,4.0,-30.0,-66.0,3700000.0,1.0,gamma,140.0,point,isotropic,0.7,3700000.0,1.0
538,28,10,6.0,-30.0,-66.0,3700000.0,1.0,gamma,140.0,point,isotropic,0.7,3700000.0,1.0
539,29,10,8.0,-30.0,-66.0,3700000.0,1.0,gamma,140.0,point,isotropic,0.7,3700000.0,1.0
540,30,10,10.0,-30.0,-66.0,3700000.0,1.0,gamma,140.0,point,isotropic,0.7,3700000.0,1.0
541,31,10,12.0,-30.0,-66.0,3700000.0,1.0,gamma,140.0,point,isotropic,0.7,3700000.0,1.0
542,32,10,14.0,-30.0,-66.0,3700000.0,1.0,gamma,140.0,point,isotropic,0.7,3700000.0,1.0
543,33,10,16.0,-30.0,-66.0,3700000.0,1.0,gamma,140.0,point,isotropic,0.7,3700000.0,1.0
544,34,10,18.0,-30.0,-66.0,3700000.0,1.0,gamma,140.0,point,isotropic,0.7,3700000.0,1.0
545,35,10,20.0,-30.0,-66.0,3700000.0,1.0,gamma,140.0,point,isotropic,0.7,3700000.0,1.0
546,36,10,22.0,-30.0,-66.0,3700000.0,1.0,gamma,140.0,point,isotropic,0.7,3700000.0,1.0
547,37,10,24.0,-30.0,-66.0,3700000.0,1.0,gamma,140.0,point,isotropic,0.7,3700000.0,1.0
548,38,10,26.0,-30.0,-66.0,3700000.0,1.0,gamma,140.0,point,isotropic,0.7,3700000.0,1.0
549,39,10,28.0,-30.0,-66.0,3700000.0,1.0,gamma,140.0,point,isotropic,0.7,3700000.0,1.0
550,40,10,30.0,-30.0,-66.0,3700000.0,1.0,gamma,140.0,point,isotropic,0.7,3700000.0,1.0
551,41,10,32.0,-30.0,-66.0,3700000.0,1.0,gamma,140.0,point,isotropic,0.7,3700000.0,1.0
552,42,10,34.0,-30.0,-66.0,3700000.0,1.0,gamma,140.0,point,isotropic,0.7,3700000.0,1.0
553,43,10,36.0,-30.0,-66.0,3700000.0,1.0,gamma,140.0,point,isotropic,0.7,3700000.0,1.0
554,44,10,38.0,-30.0,-66.0,3700000.0,1.0,gamma,140.0,point,isotropic,0.7,3700000.0,1.0
555,45,10,40.0,-30.0,-66.0,3700000.0,1.0,gamma,140.0,point,isotropic,0.7,3700000.0,1.0
556,46,10,42.0,-30.0,-66.0,3700000.0,1.0,gamma,140.0,point,isotropic,0.7,3700000.0,1.0
557,47,10,44.0,-30.0,-66.0,3700000.0,1.0,gamma,140.0,point,isotropic,0.7,3700000.0,1.0
558,48,10,46.0,-30.0,-66.0,3700000.0,1.0,gamma,140.0,point,isotropic,0.7,3700000.0,1.0
559,49,10,48.0,-30.0,-66.0,3700000.0,1.0,gamma,140.0,point,isotropic,0.7,3700000.0,1.0
560,50,10,50.0,-30.0,-66.0,3700000.0,1.0,gamma,140.0,point,isotropic,0.7,3700000.0,1.0
561,0,11,-50.0,-28.0,-66.0,3700000.0,1.0,gamma,140.0,point,isotropic,0.7,3700000.0,1.0
562,1,11,-48.0,-28.0,-66.0,3700000.0,1.0,gamma,140.0,point,isotropic,0.7,3700000.0,1.0
563,2,11,-46.0,-28.0,-66.0,3700000.0,1.0,gamma,140.0,point,isotropic,0.7,3700000.0,1.0
564,3,11,-44.0,-28.0,-66.0,3700000.0,1.0,gamma,140.0,point,isotropic,0.7,3700000.0,1.0
565,4,11,-42.0,-28.0,-66.0,3700000.0,1.0,gamma,140.0,point,isotropic,0.7,3700000.0,1.0
566,5,11,-40.0,-28.0,-66.0,3700000.0,1.0,gamma,140.0,point,isotropic,0.7,3700000.0,1.0
567,6,11,-38.0,-28.0,-66.0,3700000.0,1.0,gamma,140.0,point,isotropic,0.7,3700000.0,1.0
568,7,11,-36.0,-28.0,-66.0,3700000.0,1.0,gamma,140.0,point,isotropic,0.7,3700000.0,1.0
569,8,11,-34.0,-28.0,-66.0,3700000.0,1.0,gamma,140.0,point,isotropic,0.7,3700000.0,1.0
570,9,11,-32.0,-28.0,-66.0,3700000.0,1.0,gamma,140.0,point,isotropic,0.7,3700000.0,1.0
571,10,11,-30.0,-28.0,-66.0,3700000.0,1.0,gamma,140.0,point,isotropic,0.7,3700000.0,1.0
572,11,11,-28.0,-28.0,-66.0,3700000.0,1.0,gamma,140.0,point,isotropic,0.7,3700000.0,1.0
573,12,11,-26.0,-28.0,-66.0,3700000.0,1.0,gamma,140.0,point,isotropic,0.7,3700000.0,1.0
574,13,11,-24.0,-28.0,-66.0,3700000.0,1.0,gamma,140.0,point,isotropic,0.7,3700000.0,1.0
575,14,11,-22.0,-28.0,-66.0,3700000.0,1.0,gamma,140.0,point,isotropic,0.7,3700000.0,1.0
576,15,11,-20.0,-28.0,-66.0,3700000.0,1.0,gamma,140.0,point,isotropic,0.7,3700000.0,1.0
577,16,11,-18.0,-28.0,-66.0,3700000.0,1.0,gamma,140.0,point,isotropic,0.7,3700000.0,1.0
578,17,11,-16.0,-28.0,-66.0,3700000.0,1.0,gamma,140.0,point,isotropic,0.7,3700000.0,1.0
579,18,11,-14.0,-28.0,-66.0,3700000.0,1.0,gamma,140.0,point,isotropic,0.7,3700000.0,1.0
580,19,11,-12.0,-28.0,-66.0,3700000.0,1.0,gamma,140.0,point,isotropic,0.7,3700000.0,1.0
581,20,11,-10.0,-28.0,-66.0,3700000.0,1.0,gamma,140.0,point,isotropic,0.7,3700000.0,1.0
582,21,11,-8.0,-28.0,-66.0,3700000.0,1.0,gamma,140.0,point,isotropic,0.7,3700000.0,1.0
583,22,11,-6.0,-28.0,-66.0,3700000.0,1.0,gamma,140.0,point,isotropic,0.7,3700000.0,1.0
584,23,11,-4.0,-28.0,-66.0,3700000.0,1.0,gamma,140.0,point,isotropic,0.7,3700000.0,1.0
585,24,11,-2.0,-28.0,-66.0,3700000.0,1.0,gamma,140.0,point,isotropic,0.7,3700000.0,1.0
586,25,11,0.0,-28.0,-66.0,3700000.0,1.0,gamma,140.0,point,isotropic,0.7,3700000.0,1.0
587,26,11,2.0,-28.0,-66.0,3700000.0,1.0,gamma,140.0,point,isotropic,0.7,3700000.0,1.0
588,27,11,4.0,-28.0,-66.0,3700000.0,1.0,gamma,140.0,point,isotropic,0.7,3700000.0,1.0
589,28,11,6.0,-28.0,-66.0,3700000.0,1.0,gamma,140.0,point,isotropic,0.7,3700000.0,1.0
590,29,11,8.0,-28.0,-66.0,3700000.0,1.0,gamma,140.0,point,isotropic,0.7,3700000.0,1.0
591,30,11,10.0,-28.0,-66.0,3700000.0,1.0,gamma,140.0,point,isotropic,0.7,3700000.0,1.0
592,31,11,12.0,-28.0,-66.0,3700000.0,1.0,gamma,140.0,point,isotropic,0.7,3700000.0,1.0
593,32,11,14.0,-28.0,-66.0,3700000.0,1.0,gamma,140.0,point,isotropic,0.7,3700000.0,1.0
594,33,11,16.0,-28.0,-66.0,3700000.0,1.0,gamma,140.0,point,isotropic,0.7,3700000.0,1.0
595,34,11,18.0,-28.0,-66.0,3700000.0,1.0,gamma,140.0,point,isotropic,0.7,3700000.0,1.0
596,35,11,20.0,-28.0,-66.0,3700000.0,1.0,gamma,140.0,point,isotropic,0.7,3700000.0,1.0
597,36,11,22.0,-28.0,-66.0,3700000.0,1.0,gamma,140.0,point,isotropic,0.7,3700000.0,1.0
598,37,11,24.0,-28.0,-66.0,3700000.0,1.0,gamma,140.0,point,isotropic,0.7,3700000.0,1.0
599,38,11,26.0,-28.0,-66.0,3700000.0,1.0,gamma,140.0,point,isotropic,0.7,3700000.0,1.0
600,39,11,28.0,-28.0,-66.0,3700000.0,1.0,gamma,140.0,point,isotropic,0.7,3700000.0,1.0
601,40,11,30.0,-28.0,-66.0,3700000.0,1.0,gamma,140.0,point,isotropic,0.7,3700000.0,1.0
602,41,11,32.0,-28.0,-66.0,3700000.0,1.0,gamma,140.0,point,isotropic,0.7,3700000.0,1.0
603,42,11,34.0,-28.0,-66.0,3700000.0,1.0,gamma,140.0,point,isotropic,0.7,3700000.0,1.0
604,43,11,36.0,-28.0,-66.0,3700000.0,1.0,gamma,140.0,point,isotropic,0.7,3700000.0,1.0
605,44,11,38.0,-28.0,-66.0,3700000.0,1.0,gamma,140.0,point,isotropic,0.7,3700000.0,1.0
606,45,11,40.0,-28.0,-66.0,3700000.0,1.0,gamma,140.0,point,isotropic,0.7,3700000.0,1.0
607,46,11,42.0,-28.0,-66.0,3700000.0,1.0,gamma,140.0,point,isotropic,0.7,3700000.0,1.0
608,47,11,44.0,-28.0,-66.0,3700000.0,1.0,gamma,140.0,point,isotropic,0.7,3700000.0,1.0
609,48,11,46.0,-28.0,-66.0,3700000.0,1.0,gamma,140.0,point,isotropic,0.7,3700000.0,1.0
610,49,11,48.0,-28.0,-66.0,3700000.0,1.0,gamma,140.0,point,isotropic,0.7,3700000.0,1.0
611,50,11,50.0,-28.0,-66.0,3700000.0,1.0,gamma,140.0,point,isotropic,0.7,3700000.0,1.0
612,0,12,-50.0,-26.0,-66.0,3700000.0,1.0,gamma,140.0,point,isotropic,0.7,3700000.0,1.0
613,1,12,-48.0,-26.0,-66.0,3700000.0,1.0,gamma,140.0,point,isotropic,0.7,3700000.0,1.0
614,2,12,-46.0,-26.0,-66.0,3700000.0,1.0,gamma,140.0,point,isotropic,0.7,3700000.0,1.0
615,3,12,-44.0,-26.0,-66.0,3700000.0,1.0,gamma,140.0,point,isotropic,0.7,3700000.0,1.0
616,4,12,-42.0,-26.0,-66.0,3700000.0,1.0,gamma,140.0,point,isotropic,0.7,3700000.0,1.0
617,5,12,-40.0,-26.0,-66.0,3700000.0,1.0,gamma,140.0,point,isotropic,0.7,3700000.0,1.0
618,6,12,-38.0,-26.0,-66.0,3700000.0,1.0,gamma,140.0,point,isotropic,0.7,3700000.0,1.0
619,7,12,-36.0,-26.0,-66.0,3700000.0,1.0,gamma,140.0,point,isotropic,0.7,3700000.0,1.0
620,8,12,-34.0,-26.0,-66.0,3700000.0,1.0,gamma,140.0,point,isotropic,0.7,3700000.0,1.0
621,9,12,-32.0,-26.0,-66.0,3700000.0,1.0,gamma,140.0,point,isotropic,0.7,3700000.0,1.0
622,10,12,-30.0,-26.0,-66.0,3700000.0,1.0,gamma,140.0,point,isotropic,0.7,3700000.0,1.0
623,11,12,-28.0,-26.0,-66.0,3700000.0,1.0,gamma,140.0,point,isotropic,0.7,3700000.0,1.0
624,12,12,-26.0,-26.0,-66.0,3700000.0,1.0,gamma,140.0,point,isotropic,0.7,3700000.0,1.0
625,13,12,-24.0,-26.0,-66.0,3700000.0,1.0,gamma,140.0,point,isotropic,0.7,3700000.0,1.0
626,14,12,-22.0,-26.0,-66.0,3700000.0,1.0,gamma,140.0,point,isotropic,0.7,3700000.0,1.0
627,15,12,-20.0,-26.0,-66.0,3700000.0,1.0,gamma,140.0,point,isotropic,0.7,3700000.0,1.0
628,16,12,-18.0,-26.0,-66.0,3700000.0,1.0,gamma,140.0,point,isotropic,0.7,3700000.0,1.0
629,17,12,-16.0,-26.0,-66.0,3700000.0,1.0,gamma,140.0,point,isotropic,0.7,3700000.0,1.0
630,18,12,-14.0,-26.0,-66.0,3700000.0,1.0,gamma,140.0,point,isotropic,0.7,3700000.0,1.0
631,19,12,-12.0,-26.0,-66.0,3700000.0,1.0,gamma,140.0,point,isotropic,0.7,3700000.0,1.0
632,20,12,-10.0,-26.0,-66.0,3700000.0,1.0,gamma,140.0,point,isotropic,0.7,3700000.0,1.0
633,21,12,-8.0,-26.0,-66.0,3700000.0,1.0,gamma,140.0,point,isotropic,0.7,3700000.0,1.0
634,22,12,-6.0,-26.0,-66.0,3700000.0,1.0,gamma,140.0,point,isotropic,0.7,3700000.0,1.0
635,23,12,-4.0,-26.0,-66.0,3700000.0,1.0,gamma,140.0,point,isotropic,0.7,3700000.0,1.0
636,24,12,-2.0,-26.0,-66.0,3700000.0,1.0,gamma,140.0,point,isotropic,0.7,3700000.0,1.0
637,25,12,0.0,-26.0,-66.0,3700000.0,1.0,gamma,140.0,point,isotropic,0.7,3700000.0,1.0
638,26,12,2.0,-26.0,-66.0,3700000.0,1.0,gamma,140.0,point,isotropic,0.7,3700000.0,1.0
639,27,12,4.0,-26.0,-66.0,3700000.0,1.0,gamma,140.0,point,isotropic,0.7,3700000.0,1.0
640,28,12,6.0,-26.0,-66.0,3700000.0,1.0,gamma,140.0,point,isotropic,0.7,3700000.0,1.0
641,29,12,8.0,-26.0,-66.0,3700000.0,1.0,gamma,140.0,point,isotropic,0.7,3700000.0,1.0
642,30,12,10.0,-26.0,-66.0,3700000.0,1.0,gamma,140.0,point,isotropic,0.7,3700000.0,1.0
643,31,12,12.0,-26.0,-66.0,3700000.0,1.0,gamma,140.0,point,isotropic,0.7,3700000.0,1.0
644,32,12,14.0,-26.0,-66.0,3700000.0,1.0,gamma,140.0,point,isotropic,0.7,3700000.0,1.0
645,33,12,16.0,-26.0,-66.0,3700000.0,1.0,gamma,140.0,point,isotropic,0.7,3700000.0,1.0
646,34,12,18.0,-26.0,-66.0,3700000.0,1.0,gamma,140.0,point,isotropic,0.7,3700000.0,1.0
647,35,12,20.0,-26.0,-66.0,3700000.0,1.0,gamma,140.0,point,isotropic,0.7,3700000.0,1.0
648,36,12,22.0,-26.0,-66.0,3700000.0,1.0,gamma,140.0,point,isotropic,0.7,3700000.0,1.0
649,37,12,24.0,-26.0,-66.0,3700000.0,1.0,gamma,140.0,point,isotropic,0.7,3700000.0,1.0
650,38,12,26.0,-26.0,-66.0,3700000.0,1.0,gamma,140.0,point,isotropic,0.7,3700000.0,1.0
651,39,12,28.0,-26.0,-66.0,3700000.0,1.0,gamma,140.0,point,isotropic,0.7,3700000.0,1.0
652,40,12,30.0,-26.0,-66.0,3700000.0,1.0,gamma,140.0,point,isotropic,0.7,3700000.0,1.0
653,41,12,32.0,-26.0,-66.0,3700000.0,1.0,gamma,140.0,point,isotropic,0.7,3700000.0,1.0
654,42,12,34.0,-26.0,-66.0,3700000.0,1.0,gamma,140.0,point,isotropic,0.7,3700000.0,1.0
655,43,12,36.0,-26.0,-66.0,3700000.0,1.0,gamma,140.0,point,isotropic,0.7,3700000.0,1.0
656,44,12,38.0,-26.0,-66.0,3700000.0,1.0,gamma,140.0,point,isotropic,0.7,3700000.0,1.0
657,45,12,40.0,-26.0,-66.0,3700000.0,1.0,gamma,140.0,point,isotropic,0.7,3700000.0,1.0
658,46,12,42.0,-26.0,-66.0,3700000.0,1.0,gamma,140.0,point,isotropic,0.7,3700000.0,1.0
659,47,12,44.0,-26.0,-66.0,3700000.0,1.0,gamma,140.0,point,isotropic,0.7,3700000.0,1.0
660,48,12,46.0,-26.0,-66.0,3700000.0,1.0,gamma,140.0,point,isotropic,0.7,3700000.0,1.0
661,49,12,48.0,-26.0,-66.0,3700000.0,1.0,gamma,140.0,point,isotropic,0.7,3700000.0,1.0
662,50,12,50.0,-26.0,-66.0,3700000.0,1.0,gamma,140.0,point,isotropic,0.7,3700000.0,1.0
663,0,13,-50.0,-24.0,-66.0,3700000.0,1.0,gamma,140.0,point,isotropic,0.7,3700000.0,1.0
664,1,13,-48.0,-24.0,-66.0,3700000.0,1.0,gamma,140.0,point,isotropic,0.7,3700000.0,1.0
665,2,13,-46.0,-24.0,-66.0,3700000.0,1.0,gamma,140.0,point,isotropic,0.7,3700000.0,1.0
666,3,13,-44.0,-24.0,-66.0,3700000.0,1.0,gamma,140.0,point,isotropic,0.7,3700000.0,1.0
667,4,13,-42.0,-24.0,-66.0,3700000.0,1.0,gamma,140.0,point,isotropic,0.7,3700000.0,1.0
668,5,13,-40.0,-24.0,-66.0,3700000.0,1.0,gamma,140.0,point,isotropic,0.7,3700000.0,1.0
669,6,13,-38.0,-24.0,-66.0,3700000.0,1.0,gamma,140.0,point,isotropic,0.7,3700000.0,1.0
670,7,13,-36.0,-24.0,-66.0,3700000.0,1.0,gamma,140.0,point,isotropic,0.7,3700000.0,1.0
671,8,13,-34.0,-24.0,-66.0,3700000.0,1.0,gamma,140.0,point,isotropic,0.7,3700000.0,1.0
672,9,13,-32.0,-24.0,-66.0,3700000.0,1.0,gamma,140.0,point,isotropic,0.7,3700000.0,1.0
673,10,13,-30.0,-24.0,-66.0,3700000.0,1.0,gamma,140.0,point,isotropic,0.7,3700000.0,1.0
674,11,13,-28.0,-24.0,-66.0,3700000.0,1.0,gamma,140.0,point,isotropic,0.7,3700000.0,1.0
675,12,13,-26.0,-24.0,-66.0,3700000.0,1.0,gamma,140.0,point,isotropic,0.7,3700000.0,1.0
676,13,13,-24.0,-24.0,-66.0,3700000.0,1.0,gamma,140.0,point,isotropic,0.7,3700000.0,1.0
677,14,13,-22.0,-24.0,-66.0,3700000.0,1.0,gamma,140.0,point,isotropic,0.7,3700000.0,1.0
678,15,13,-20.0,-24.0,-66.0,3700000.0,1.0,gamma,140.0,point,isotropic,0.7,3700000.0,1.0
679,16,13,-18.0,-24.0,-66.0,3700000.0,1.0,gamma,140.0,point,isotropic,0.7,3700000.0,1.0
680,17,13,-16.0,-24.0,-66.0,3700000.0,1.0,gamma,140.0,point,isotropic,0.7,3700000.0,1.0
681,18,13,-14.0,-24.0,-66.0,3700000.0,1.0,gamma,140.0,point,isotropic,0.7,3700000.0,1.0
682,19,13,-12.0,-24.0,-66.0,3700000.0,1.0,gamma,140.0,point,isotropic,0.7,3700000.0,1.0
683,20,13,-10.0,-24.0,-66.0,3700000.0,1.0,gamma,140.0,point,isotropic,0.7,3700000.0,1.0
684,21,13,-8.0,-24.0,-66.0,3700000.0,1.0,gamma,140.0,point,isotropic,0.7,3700000.0,1.0
685,22,13,-6.0,-24.0,-66.0,3700000.0,1.0,gamma,140.0,point,isotropic,0.7,3700000.0,1.0
686,23,13,-4.0,-24.0,-66.0,3700000.0,1.0,gamma,140.0,point,isotropic,0.7,3700000.0,1.0
687,24,13,-2.0,-24.0,-66.0,3700000.0,1.0,gamma,140.0,point,isotropic,0.7,3700000.0,1.0
688,25,13,0.0,-24.0,-66.0,3700000.0,1.0,gamma,140.0,point,isotropic,0.7,3700000.0,1.0
689,26,13,2.0,-24.0,-66.0,3700000.0,1.0,gamma,140.0,point,isotropic,0.7,3700000.0,1.0
690,27,13,4.0,-24.0,-66.0,3700000.0,1.0,gamma,140.0,point,isotropic,0.7,3700000.0,1.0
691,28,13,6.0,-24.0,-66.0,3700000.0,1.0,gamma,140.0,point,isotropic,0.7,3700000.0,1.0
692,29,13,8.0,-24.0,-66.0,3700000.0,1.0,gamma,140.0,point,isotropic,0.7,3700000.0,1.0
693,30,13,10.0,-24.0,-66.0,3700000.0,1.0,gamma,140.0,point,isotropic,0.7,3700000.0,1.0
694,31,13,12.0,-24.0,-66.0,3700000.0,1.0,gamma,140.0,point,isotropic,0.7,3700000.0,1.0
695,32,13,14.0,-24.0,-66.0,3700000.0,1.0,gamma,140.0,point,isotropic,0.7,3700000.0,1.0
696,33,13,16.0,-24.0,-66.0,3700000.0,1.0,gamma,140.0,point,isotropic,0.7,3700000.0,1.0
697,34,13,18.0,-24.0,-66.0,3700000.0,1.0,gamma,140.0,point,isotropic,0.7,3700000.0,1.0
698,35,13,20.0,-24.0,-66.0,3700000.0,1.0,gamma,140.0,point,isotropic,0.7,3700000.0,1.0
699,36,13,22.0,-24.0,-66.0,3700000.0,1.0,gamma,140.0,point,isotropic,0.7,3700000.0,1.0
700,37,13,24.0,-24.0,-66.0,3700000.0,1.0,gamma,140.0,point,isotropic,0.7,3700000.0,1.0
701,38,13,26.0,-24.0,-66.0,3700000.0,1.0,gamma,140.0,point,isotropic,0.7,3700000.0,1.0
702,39,13,28.0,-24.0,-66.0,3700000.0,1.0,gamma,140.0,point,isotropic,0.7,3700000.0,1.0
703,40,13,30.0,-24.0,-66.0,3700000.0,1.0,gamma,140.0,point,isotropic,0.7,3700000.0,1.0
704,41,13,32.0,-24.0,-66.0,3700000.0,1.0,gamma,140.0,point,isotropic,0.7,3700000.0,1.0
705,42,13,34.0,-24.0,-66.0,3700000.0,1.0,gamma,140.0,point,isotropic,0.7,3700000.0,1.0
706,43,13,36.0,-24.0,-66.0,3700000.0,1.0,gamma,140.0,point,isotropic,0.7,3700000.0,1.0
707,44,13,38.0,-24.0,-66.0,3700000.0,1.0,gamma,140.0,point,isotropic,0.7,3700000.0,1.0
708,45,13,40.0,-24.0,-66.0,3700000.0,1.0,gamma,140.0,point,isotropic,0.7,3700000.0,1.0
709,46,13,42.0,-24.0,-66.0,3700000.0,1.0,gamma,140.0,point,isotropic,0.7,3700000.0,1.0
710,47,13,44.0,-24.0,-66.0,3700000.0,1.0,gamma,140.0,point,isotropic,0.7,3700000.0,1.0
711,48,13,46.0,-24.0,-66.0,3700000.0,1.0,gamma,140.0,point,isotropic,0.7,3700000.0,1.0
712,49,13,48.0,-24.0,-66.0,3700000.0,1.0,gamma,140.0,point,isotropic,0.7,3700000.0,1.0
713,50,13,50.0,-24.0,-66.0,3700000.0,1.0,gamma,140.0,point,isotropic,0.7,3700000.0,1.0
714,0,14,-50.0,-22.0,-66.0,3700000.0,1.0,gamma,140.0,point,isotropic,0.7,3700000.0,1.0
715,1,14,-48.0,-22.0,-66.0,3700000.0,1.0,gamma,140.0,point,isotropic,0.7,3700000.0,1.0
716,2,14,-46.0,-22.0,-66.0,3700000.0,1.0,gamma,140.0,point,isotropic,0.7,3700000.0,1.0
717,3,14,-44.0,-22.0,-66.0,3700000.0,1.0,gamma,140.0,point,isotropic,0.7,3700000.0,1.0
718,4,14,-42.0,-22.0,-66.0,3700000.0,1.0,gamma,140.0,point,isotropic,0.7,3700000.0,1.0
719,5,14,-40.0,-22.0,-66.0,3700000.0,1.0,gamma,140.0,point,isotropic,0.7,3700000.0,1.0
720,6,14,-38.0,-22.0,-66.0,3700000.0,1.0,gamma,140.0,point,isotropic,0.7,3700000.0,1.0
721,7,14,-36.0,-22.0,-66.0,3700000.0,1.0,gamma,140.0,point,isotropic,0.7,3700000.0,1.0
722,8,14,-34.0,-22.0,-66.0,3700000.0,1.0,gamma,140.0,point,isotropic,0.7,3700000.0,1.0
723,9,14,-32.0,-22.0,-66.0,3700000.0,1.0,gamma,140.0,point,isotropic,0.7,3700000.0,1.0
724,10,14,-30.0,-22.0,-66.0,3700000.0,1.0,gamma,140.0,point,isotropic,0.7,3700000.0,1.0
725,11,14,-28.0,-22.0,-66.0,3700000.0,1.0,gamma,140.0,point,isotropic,0.7,3700000.0,1.0
726,12,14,-26.0,-22.0,-66.0,3700000.0,1.0,gamma,140.0,point,isotropic,0.7,3700000.0,1.0
727,13,14,-24.0,-22.0,-66.0,3700000.0,1.0,gamma,140.0,point,isotropic,0.7,3700000.0,1.0
728,14,14,-22.0,-22.0,-66.0,3700000.0,1.0,gamma,140.0,point,isotropic,0.7,3700000.0,1.0
729,15,14,-20.0,-22.0,-66.0,3700000.0,1.0,gamma,140.0,point,isotropic,0.7,3700000.0,1.0
730,16,14,-18.0,-22.0,-66.0,3700000.0,1.0,gamma,140.0,point,isotropic,0.7,3700000.0,1.0
731,17,14,-16.0,-22.0,-66.0,3700000.0,1.0,gamma,140.0,point,isotropic,0.7,3700000.0,1.0
732,18,14,-14.0,-22.0,-66.0,3700000.0,1.0,gamma,140.0,point,isotropic,0.7,3700000.0,1.0
733,19,14,-12.0,-22.0,-66.0,3700000.0,1.0,gamma,140.0,point,isotropic,0.7,3700000.0,1.0
734,20,14,-10.0,-22.0,-66.0,3700000.0,1.0,gamma,140.0,point,isotropic,0.7,3700000.0,1.0
735,21,14,-8.0,-22.0,-66.0,3700000.0,1.0,gamma,140.0,point,isotropic,0.7,3700000.0,1.0
736,22,14,-6.0,-22.0,-66.0,3700000.0,1.0,gamma,140.0,point,isotropic,0.7,3700000.0,1.0
737,23,14,-4.0,-22.0,-66.0,3700000.0,1.0,gamma,140.0,point,isotropic,0.7,3700000.0,1.0
738,24,14,-2.0,-22.0,-66.0,3700000.0,1.0,gamma,140.0,point,isotropic,0.7,3700000.0,1.0
739,25,14,0.0,-22.0,-66.0,3700000.0,1.0,gamma,140.0,point,isotropic,0.7,3700000.0,1.0
740,26,14,2.0,-22.0,-66.0,3700000.0,1.0,gamma,140.0,point,isotropic,0.7,3700000.0,1.0
741,27,14,4.0,-22.0,-66.0,3700000.0,1.0,gamma,140.0,point,isotropic,0.7,3700000.0,1.0
742,28,14,6.0,-22.0,-66.0,3700000.0,1.0,gamma,140.0,point,isotropic,0.7,3700000.0,1.0
743,29,14,8.0,-22.0,-66.0,3700000.0,1.0,gamma,140.0,point,isotropic,0.7,3700000.0,1.0
744,30,14,10.0,-22.0,-66.0,3700000.0,1.0,gamma,140.0,point,isotropic,0.7,3700000.0,1.0
745,31,14,12.0,-22.0,-66.0,3700000.0,1.0,gamma,140.0,point,isotropic,0.7,3700000.0,1.0
746,32,14,14.0,-22.0,-66.0,3700000.0,1.0,gamma,140.0,point,isotropic,0.7,3700000.0,1.0
747,33,14,16.0,-22.0,-66.0,3700000.0,1.0,gamma,140.0,point,isotropic,0.7,3700000.0,1.0
748,34,14,18.0,-22.0,-66.0,3700000.0,1.0,gamma,140.0,point,isotropic,0.7,3700000.0,1.0
749,35,14,20.0,-22.0,-66.0,3700000.0,1.0,gamma,140.0,point,isotropic,0.7,3700000.0,1.0
750,36,14,22.0,-22.0,-66.0,3700000.0,1.0,gamma,140.0,point,isotropic,0.7,3700000.0,1.0
751,37,14,24.0,-22.0,-66.0,3700000.0,1.0,gamma,140.0,point,isotropic,0.7,3700000.0,1.0
752,38,14,26.0,-22.0,-66.0,3700000.0,1.0,gamma,140.0,point,isotropic,0.7,3700000.0,1.0
753,39,14,28.0,-22.0,-66.0,3700000.0,1.0,gamma,140.0,point,isotropic,0.7,3700000.0,1.0
754,40,14,30.0,-22.0,-66.0,3700000.0,1.0,gamma,140.0,point,isotropic,0.7,3700000.0,1.0
755,41,14,32.0,-22.0,-66.0,3700000.0,1.0,gamma,140.0,point,isotropic,0.7,3700000.0,1.0
756,42,14,34.0,-22.0,-66.0,3700000.0,1.0,gamma,140.0,point,isotropic,0.7,3700000.0,1.0
757,43,14,36.0,-22.0,-66.0,3700000.0,1.0,gamma,140.0,point,isotropic,0.7,3700000.0,1.0
758,44,14,38.0,-22.0,-66.0,3700000.0,1.0,gamma,140.0,point,isotropic,0.7,3700000.0,1.0
759,45,14,40.0,-22.0,-66.0,3700000.0,1.0,gamma,140.0,point,isotropic,0.7,3700000.0,1.0
760,46,14,42.0,-22.0,-66.0,3700000.0,1.0,gamma,140.0,point,isotropic,0.7,3700000.0,1.0
761,47,14,44.0,-22.0,-66.0,3700000.0,1.0,gamma,140.0,point,isotropic,0.7,3700000.0,1.0
762,48,14,46.0,-22.0,-66.0,3700000.0,1.0,gamma,140.0,point,isotropic,0.7,3700000.0,1.0
763,49,14,48.0,-22.0,-66.0,3700000.0,1.0,gamma,140.0,point,isotropic,0.7,3700000.0,1.0
764,50,14,50.0,-22.0,-66.0,3700000.0,1.0,gamma,140.0,point,isotropic,0.7,3700000.0,1.0
765,0,15,-50.0,-20.0,-66.0,3700000.0,1.0,gamma,140.0,point,isotropic,0.7,3700000.0,1.0
766,1,15,-48.0,-20.0,-66.0,3700000.0,1.0,gamma,140.0,point,isotropic,0.7,3700000.0,1.0
767,2,15,-46.0,-20.0,-66.0,3700000.0,1.0,gamma,140.0,point,isotropic,0.7,3700000.0,1.0
768,3,15,-44.0,-20.0,-66.0,3700000.0,1.0,gamma,140.0,point,isotropic,0.7,3700000.0,1.0
769,4,15,-42.0,-20.0,-66.0,3700000.0,1.0,gamma,140.0,point,isotropic,0.7,3700000.0,1.0
770,5,15,-40.0,-20.0,-66.0,3700000.0,1.0,gamma,140.0,point,isotropic,0.7,3700000.0,1.0
771,6,15,-38.0,-20.0,-66.0,3700000.0,1.0,gamma,140.0,point,isotropic,0.7,3700000.0,1.0
772,7,15,-36.0,-20.0,-66.0,3700000.0,1.0,gamma,140.0,point,isotropic,0.7,3700000.0,1.0
773,8,15,-34.0,-20.0,-66.0,3700000.0,1.0,gamma,140.0,point,isotropic,0.7,3700000.0,1.0
774,9,15,-32.0,-20.0,-66.0,3700000.0,1.0,gamma,140.0,point,isotropic,0.7,3700000.0,1.0
775,10,15,-30.0,-20.0,-66.0,3700000.0,1.0,gamma,140.0,point,isotropic,0.7,3700000.0,1.0
776,11,15,-28.0,-20.0,-66.0,3700000.0,1.0,gamma,140.0,point,isotropic,0.7,3700000.0,1.0
777,12,15,-26.0,-20.0,-66.0,3700000.0,1.0,gamma,140.0,point,isotropic,0.7,3700000.0,1.0
778,13,15,-24.0,-20.0,-66.0,3700000.0,1.0,gamma,140.0,point,isotropic,0.7,3700000.0,1.0
779,14,15,-22.0,-20.0,-66.0,3700000.0,1.0,gamma,140.0,point,isotropic,0.7,3700000.0,1.0
780,15,15,-20.0,-20.0,-66.0,3700000.0,1.0,gamma,140.0,point,isotropic,0.7,3700000.0,1.0
781,16,15,-18.0,-20.0,-66.0,3700000.0,1.0,gamma,140.0,point,isotropic,0.7,3700000.0,1.0
782,17,15,-16.0,-20.0,-66.0,3700000.0,1.0,gamma,140.0,point,isotropic,0.7,3700000.0,1.0
783,18,15,-14.0,-20.0,-66.0,3700000.0,1.0,gamma,140.0,point,isotropic,0.7,3700000.0,1.0
784,19,15,-12.0,-20.0,-66.0,3700000.0,1.0,gamma,140.0,point,isotropic,0.7,3700000.0,1.0
785,20,15,-10.0,-20.0,-66.0,3700000.0,1.0,gamma,140.0,point,isotropic,0.7,3700000.0,1.0
786,21,15,-8.0,-20.0,-66.0,3700000.0,1.0,gamma,140.0,point,isotropic,0.7,3700000.0,1.0
787,22,15,-6.0,-20.0,-66.0,3700000.0,1.0,gamma,140.0,point,isotropic,0.7,3700000.0,1.0
788,23,15,-4.0,-20.0,-66.0,3700000.0,1.0,gamma,140.0,point,isotropic,0.7,3700000.0,1.0
789,24,15,-2.0,-20.0,-66.0,3700000.0,1.0,gamma,140.0,point,isotropic,0.7,3700000.0,1.0
790,25,15,0.0,-20.0,-66.0,3700000.0,1.0,gamma,140.0,point,isotropic,0.7,3700000.0,1.0
791,26,15,2.0,-20.0,-66.0,3700000.0,1.0,gamma,140.0,point,isotropic,0.7,3700000.0,1.0
792,27,15,4.0,-20.0,-66.0,3700000.0,1.0,gamma,140.0,point,isotropic,0.7,3700000.0,1.0
793,28,15,6.0,-20.0,-66.0,3700000.0,1.0,gamma,140.0,point,isotropic,0.7,3700000.0,1.0
794,29,15,8.0,-20.0,-66.0,3700000.0,1.0,gamma,140.0,point,isotropic,0.7,3700000.0,1.0
795,30,15,10.0,-20.0,-66.0,3700000.0,1.0,gamma,140.0,point,isotropic,0.7,3700000.0,1.0
796,31,15,12.0,-20.0,-66.0,3700000.0,1.0,gamma,140.0,point,isotropic,0.7,3700000.0,1.0
797,32,15,14.0,-20.0,-66.0,3700000.0,1.0,gamma,140.0,point,isotropic,0.7,3700000.0,1.0
798,33,15,16.0,-20.0,-66.0,3700000.0,1.0,gamma,140.0,point,isotropic,0.7,3700000.0,1.0
799,34,15,18.0,-20.0,-66.0,3700000.0,1.0,gamma,140.0,point,isotropic,0.7,3700000.0,1.0
800,35,15,20.0,-20.0,-66.0,3700000.0,1.0,gamma,140.0,point,isotropic,0.7,3700000.0,1.0
801,36,15,22.0,-20.0,-66.0,3700000.0,1.0,gamma,140.0,point,isotropic,0.7,3700000.0,1.0
802,37,15,24.0,-20.0,-66.0,3700000.0,1.0,gamma,140.0,point,isotropic,0.7,3700000.0,1.0
803,38,15,26.0,-20.0,-66.0,3700000.0,1.0,gamma,140.0,point,isotropic,0.7,3700000.0,1.0
804,39,15,28.0,-20.0,-66.0,3700000.0,1.0,gamma,140.0,point,isotropic,0.7,3700000.0,1.0
805,40,15,30.0,-20.0,-66.0,3700000.0,1.0,gamma,140.0,point,isotropic,0.7,3700000.0,1.0
806,41,15,32.0,-20.0,-66.0,3700000.0,1.0,gamma,140.0,point,isotropic,0.7,3700000.0,1.0
807,42,15,34.0,-20.0,-66.0,3700000.0,1.0,gamma,140.0,point,isotropic,0.7,3700000.0,1.0
808,43,15,36.0,-20.0,-66.0,3700000.0,1.0,gamma,140.0,point,isotropic,0.7,3700000.0,1.0
809,44,15,38.0,-20.0,-66.0,3700000.0,1.0,gamma,140.0,point,isotropic,0.7,3700000.0,1.0
810,45,15,40.0,-20.0,-66.0,3700000.0,1.0,gamma,140.0,point,isotropic,0.7,3700000.0,1.0
811,46,15,42.0,-20.0,-66.0,3700000.0,1.0,gamma,140.0,point,isotropic,0.7,3700000.0,1.0
812,47,15,44.0,-20.0,-66.0,3700000.0,1.0,gamma,140.0,point,isotropic,0.7,3700000.0,1.0
813,48,15,46.0,-20.0,-66.0,3700000.0,1.0,gamma,140.0,point,isotropic,0.7,3700000.0,1.0
814,49,15,48.0,-20.0,-66.0,3700000.0,1.0,gamma,140.0,point,isotropic,0.7,3700000.0,1.0
815,50,15,50.0,-20.0,-66.0,3700000.0,1.0,gamma,140.0,point,isotropic,0.7,3700000.0,1.0
816,0,16,-50.0,-18.0,-66.0,3700000.0,1.0,gamma,140.0,point,isotropic,0.7,3700000.0,1.0
817,1,16,-48.0,-18.0,-66.0,3700000.0,1.0,gamma,140.0,point,isotropic,0.7,3700000.0,1.0
818,2,16,-46.0,-18.0,-66.0,3700000.0,1.0,gamma,140.0,point,isotropic,0.7,3700000.0,1.0
819,3,16,-44.0,-18.0,-66.0,3700000.0,1.0,gamma,140.0,point,isotropic,0.7,3700000.0,1.0
820,4,16,-42.0,-18.0,-66.0,3700000.0,1.0,gamma,140.0,point,isotropic,0.7,3700000.0,1.0
821,5,16,-40.0,-18.0,-66.0,3700000.0,1.0,gamma,140.0,point,isotropic,0.7,3700000.0,1.0
822,6,16,-38.0,-18.0,-66.0,3700000.0,1.0,gamma,140.0,point,isotropic,0.7,3700000.0,1.0
823,7,16,-36.0,-18.0,-66.0,3700000.0,1.0,gamma,140.0,point,isotropic,0.7,3700000.0,1.0
824,8,16,-34.0,-18.0,-66.0,3700000.0,1.0,gamma,140.0,point,isotropic,0.7,3700000.0,1.0
825,9,16,-32.0,-18.0,-66.0,3700000.0,1.0,gamma,140.0,point,isotropic,0.7,3700000.0,1.0
826,10,16,-30.0,-18.0,-66.0,3700000.0,1.0,gamma,140.0,point,isotropic,0.7,3700000.0,1.0
827,11,16,-28.0,-18.0,-66.0,3700000.0,1.0,gamma,140.0,point,isotropic,0.7,3700000.0,1.0
828,12,16,-26.0,-18.0,-66.0,3700000.0,1.0,gamma,140.0,point,isotropic,0.7,3700000.0,1.0
829,13,16,-24.0,-18.0,-66.0,3700000.0,1.0,gamma,140.0,point,isotropic,0.7,3700000.0,1.0
830,14,16,-22.0,-18.0,-66.0,3700000.0,1.0,gamma,140.0,point,isotropic,0.7,3700000.0,1.0
831,15,16,-20.0,-18.0,-66.0,3700000.0,1.0,gamma,140.0,point,isotropic,0.7,3700000.0,1.0
832,16,16,-18.0,-18.0,-66.0,3700000.0,1.0,gamma,140.0,point,isotropic,0.7,3700000.0,1.0
833,17,16,-16.0,-18.0,-66.0,3700000.0,1.0,gamma,140.0,point,isotropic,0.7,3700000.0,1.0
834,18,16,-14.0,-18.0,-66.0,3700000.0,1.0,gamma,140.0,point,isotropic,0.7,3700000.0,1.0
835,19,16,-12.0,-18.0,-66.0,3700000.0,1.0,gamma,140.0,point,isotropic,0.7,3700000.0,1.0
836,20,16,-10.0,-18.0,-66.0,3700000.0,1.0,gamma,140.0,point,isotropic,0.7,3700000.0,1.0
837,21,16,-8.0,-18.0,-66.0,3700000.0,1.0,gamma,140.0,point,isotropic,0.7,3700000.0,1.0
838,22,16,-6.0,-18.0,-66.0,3700000.0,1.0,gamma,140.0,point,isotropic,0.7,3700000.0,1.0
839,23,16,-4.0,-18.0,-66.0,3700000.0,1.0,gamma,140.0,point,isotropic,0.7,3700000.0,1.0
840,24,16,-2.0,-18.0,-66.0,3700000.0,1.0,gamma,140.0,point,isotropic,0.7,3700000.0,1.0
841,25,16,0.0,-18.0,-66.0,3700000.0,1.0,gamma,140.0,point,isotropic,0.7,3700000.0,1.0
842,26,16,2.0,-18.0,-66.0,3700000.0,1.0,gamma,140.0,point,isotropic,0.7,3700000.0,1.0
843,27,16,4.0,-18.0,-66.0,3700000.0,1.0,gamma,140.0,point,isotropic,0.7,3700000.0,1.0
844,28,16,6.0,-18.0,-66.0,3700000.0,1.0,gamma,140.0,point,isotropic,0.7,3700000.0,1.0
845,29,16,8.0,-18.0,-66.0,3700000.0,1.0,gamma,140.0,point,isotropic,0.7,3700000.0,1.0
846,30,16,10.0,-18.0,-66.0,3700000.0,1.0,gamma,140.0,point,isotropic,0.7,3700000.0,1.0
847,31,16,12.0,-18.0,-66.0,3700000.0,1.0,gamma,140.0,point,isotropic,0.7,3700000.0,1.0
848,32,16,14.0,-18.0,-66.0,3700000.0,1.0,gamma,140.0,point,isotropic,0.7,3700000.0,1.0
849,33,16,16.0,-18.0,-66.0,3700000.0,1.0,gamma,140.0,point,isotropic,0.7,3700000.0,1.0
850,34,16,18.0,-18.0,-66.0,3700000.0,1.0,gamma,140.0,point,isotropic,0.7,3700000.0,1.0
851,35,16,20.0,-18.0,-66.0,3700000.0,1.0,gamma,140.0,point,isotropic,0.7,3700000.0,1.0
852,36,16,22.0,-18.0,-66.0,3700000.0,1.0,gamma,140.0,point,isotropic,0.7,3700000.0,1.0
853,37,16,24.0,-18.0,-66.0,3700000.0,1.0,gamma,140.0,point,isotropic,0.7,3700000.0,1.0
854,38,16,26.0,-18.0,-66.0,3700000.0,1.0,gamma,140.0,point,isotropic,0.7,3700000.0,1.0
855,39,16,28.0,-18.0,-66.0,3700000.0,1.0,gamma,140.0,point,isotropic,0.7,3700000.0,1.0
856,40,16,30.0,-18.0,-66.0,3700000.0,1.0,gamma,140.0,point,isotropic,0.7,3700000.0,1.0
857,41,16,32.0,-18.0,-66.0,3700000.0,1.0,gamma,140.0,point,isotropic,0.7,3700000.0,1.0
858,42,16,34.0,-18.0,-66.0,3700000.0,1.0,gamma,140.0,point,isotropic,0.7,3700000.0,1.0
859,43,16,36.0,-18.0,-66.0,3700000.0,1.0,gamma,140.0,point,isotropic,0.7,3700000.0,1.0
860,44,16,38.0,-18.0,-66.0,3700000.0,1.0,gamma,140.0,point,isotropic,0.7,3700000.0,1.0
861,45,16,40.0,-18.0,-66.0,3700000.0,1.0,gamma,140.0,point,isotropic,0.7,3700000.0,1.0
862,46,16,42.0,-18.0,-66.0,3700000.0,1.0,gamma,140.0,point,isotropic,0.7,3700000.0,1.0
863,47,16,44.0,-18.0,-66.0,3700000.0,1.0,gamma,140.0,point,isotropic,0.7,3700000.0,1.0
864,48,16,46.0,-18.0,-66.0,3700000.0,1.0,gamma,140.0,point,isotropic,0.7,3700000.0,1.0
865,49,16,48.0,-18.0,-66.0,3700000.0,1.0,gamma,140.0,point,isotropic,0.7,3700000.0,1.0
866,50,16,50.0,-18.0,-66.0,3700000.0,1.0,gamma,140.0,point,isotropic,0.7,3700000.0,1.0
867,0,17,-50.0,-16.0,-66.0,3700000.0,1.0,gamma,140.0,point,isotropic,0.7,3700000.0,1.0
868,1,17,-48.0,-16.0,-66.0,3700000.0,1.0,gamma,140.0,point,isotropic,0.7,3700000.0,1.0
869,2,17,-46.0,-16.0,-66.0,3700000.0,1.0,gamma,140.0,point,isotropic,0.7,3700000.0,1.0
870,3,17,-44.0,-16.0,-66.0,3700000.0,1.0,gamma,140.0,point,isotropic,0.7,3700000.0,1.0
871,4,17,-42.0,-16.0,-66.0,3700000.0,1.0,gamma,140.0,point,isotropic,0.7,3700000.0,1.0
872,5,17,-40.0,-16.0,-66.0,3700000.0,1.0,gamma,140.0,point,isotropic,0.7,3700000.0,1.0
873,6,17,-38.0,-16.0,-66.0,3700000.0,1.0,gamma,140.0,point,isotropic,0.7,3700000.0,1.0
874,7,17,-36.0,-16.0,-66.0,3700000.0,1.0,gamma,140.0,point,isotropic,0.7,3700000.0,1.0
875,8,17,-34.0,-16.0,-66.0,3700000.0,1.0,gamma,140.0,point,isotropic,0.7,3700000.0,1.0
876,9,17,-32.0,-16.0,-66.0,3700000.0,1.0,gamma,140.0,point,isotropic,0.7,3700000.0,1.0
877,10,17,-30.0,-16.0,-66.0,3700000.0,1.0,gamma,140.0,point,isotropic,0.7,3700000.0,1.0
878,11,17,-28.0,-16.0,-66.0,3700000.0,1.0,gamma,140.0,point,isotropic,0.7,3700000.0,1.0
879,12,17,-26.0,-16.0,-66.0,3700000.0,1.0,gamma,140.0,point,isotropic,0.7,3700000.0,1.0
880,13,17,-24.0,-16.0,-66.0,3700000.0,1.0,gamma,140.0,point,isotropic,0.7,3700000.0,1.0
881,14,17,-22.0,-16.0,-66.0,3700000.0,1.0,gamma,140.0,point,isotropic,0.7,3700000.0,1.0
882,15,17,-20.0,-16.0,-66.0,3700000.0,1.0,gamma,140.0,point,isotropic,0.7,3700000.0,1.0
883,16,17,-18.0,-16.0,-66.0,3700000.0,1.0,gamma,140.0,point,isotropic,0.7,3700000.0,1.0
884,17,17,-16.0,-16.0,-66.0,3700000.0,1.0,gamma,140.0,point,isotropic,0.7,3700000.0,1.0
885,18,17,-14.0,-16.0,-66.0,3700000.0,1.0,gamma,140.0,point,isotropic,0.7,3700000.0,1.0
886,19,17,-12.0,-16.0,-66.0,3700000.0,1.0,gamma,140.0,point,isotropic,0.7,3700000.0,1.0
887,20,17,-10.0,-16.0,-66.0,3700000.0,1.0,gamma,140.0,point,isotropic,0.7,3700000.0,1.0
888,21,17,-8.0,-16.0,-66.0,3700000.0,1.0,gamma,140.0,point,isotropic,0.7,3700000.0,1.0
889,22,17,-6.0,-16.0,-66.0,3700000.0,1.0,gamma,140.0,point,isotropic,0.7,3700000.0,1.0
890,23,17,-4.0,-16.0,-66.0,3700000.0,1.0,gamma,140.0,point,isotropic,0.7,3700000.0,1.0
891,24,17,-2.0,-16.0,-66.0,3700000.0,1.0,gamma,140.0,point,isotropic,0.7,3700000.0,1.0
892,25,17,0.0,-16.0,-66.0,3700000.0,1.0,gamma,140.0,point,isotropic,0.7,3700000.0,1.0
893,26,17,2.0,-16.0,-66.0,3700000.0,1.0,gamma,140.0,point,isotropic,0.7,3700000.0,1.0
894,27,17,4.0,-16.0,-66.0,3700000.0,1.0,gamma,140.0,point,isotropic,0.7,3700000.0,1.0
895,28,17,6.0,-16.0,-66.0,3700000.0,1.0,gamma,140.0,point,isotropic,0.7,3700000.0,1.0
896,29,17,8.0,-16.0,-66.0,3700000.0,1.0,gamma,140.0,point,isotropic,0.7,3700000.0,1.0
897,30,17,10.0,-16.0,-66.0,3700000.0,1.0,gamma,140.0,point,isotropic,0.7,3700000.0,1.0
898,31,17,12.0,-16.0,-66.0,3700000.0,1.0,gamma,140.0,point,isotropic,0.7,3700000.0,1.0
899,32,17,14.0,-16.0,-66.0,3700000.0,1.0,gamma,140.0,point,isotropic,0.7,3700000.0,1.0
900,33,17,16.0,-16.0,-66.0,3700000.0,1.0,gamma,140.0,point,isotropic,0.7,3700000.0,1.0
901,34,17,18.0,-16.0,-66.0,3700000.0,1.0,gamma,140.0,point,isotropic,0.7,3700000.0,1.0
902,35,17,20.0,-16.0,-66.0,3700000.0,1.0,gamma,140.0,point,isotropic,0.7,3700000.0,1.0
903,36,17,22.0,-16.0,-66.0,3700000.0,1.0,gamma,140.0,point,isotropic,0.7,3700000.0,1.0
904,37,17,24.0,-16.0,-66.0,3700000.0,1.0,gamma,140.0,point,isotropic,0.7,3700000.0,1.0
905,38,17,26.0,-16.0,-66.0,3700000.0,1.0,gamma,140.0,point,isotropic,0.7,3700000.0,1.0
906,39,17,28.0,-16.0,-66.0,3700000.0,1.0,gamma,140.0,point,isotropic,0.7,3700000.0,1.0
907,40,17,30.0,-16.0,-66.0,3700000.0,1.0,gamma,140.0,point,isotropic,0.7,3700000.0,1.0
908,41,17,32.0,-16.0,-66.0,3700000.0,1.0,gamma,140.0,point,isotropic,0.7,3700000.0,1.0
909,42,17,34.0,-16.0,-66.0,3700000.0,1.0,gamma,140.0,point,isotropic,0.7,3700000.0,1.0
910,43,17,36.0,-16.0,-66.0,3700000.0,1.0,gamma,140.0,point,isotropic,0.7,3700000.0,1.0
911,44,17,38.0,-16.0,-66.0,3700000.0,1.0,gamma,140.0,point,isotropic,0.7,3700000.0,1.0
912,45,17,40.0,-16.0,-66.0,3700000.0,1.0,gamma,140.0,point,isotropic,0.7,3700000.0,1.0
913,46,17,42.0,-16.0,-66.0,3700000.0,1.0,gamma,140.0,point,isotropic,0.7,3700000.0,1.0
914,47,17,44.0,-16.0,-66.0,3700000.0,1.0,gamma,140.0,point,isotropic,0.7,3700000.0,1.0
915,48,17,46.0,-16.0,-66.0,3700000.0,1.0,gamma,140.0,point,isotropic,0.7,3700000.0,1.0
916,49,17,48.0,-16.0,-66.0,3700000.0,1.0,gamma,140.0,point,isotropic,0.7,3700000.0,1.0
917,50,17,50.0,-16.0,-66.0,3700000.0,1.0,gamma,140.0,point,isotropic,0.7,3700000.0,1.0
918,0,18,-50.0,-14.0,-66.0,3700000.0,1.0,gamma,140.0,point,isotropic,0.7,3700000.0,1.0
919,1,18,-48.0,-14.0,-66.0,3700000.0,1.0,gamma,140.0,point,isotropic,0.7,3700000.0,1.0
920,2,18,-46.0,-14.0,-66.0,3700000.0,1.0,gamma,140.0,point,isotropic,0.7,3700000.0,1.0
921,3,18,-44.0,-14.0,-66.0,3700000.0,1.0,gamma,140.0,point,isotropic,0.7,3700000.0,1.0
922,4,18,-42.0,-14.0,-66.0,3700000.0,1.0,gamma,140.0,point,isotropic,0.7,3700000.0,1.0
923,5,18,-40.0,-14.0,-66.0,3700000.0,1.0,gamma,140.0,point,isotropic,0.7,3700000.0,1.0
924,6,18,-38.0,-14.0,-66.0,3700000.0,1.0,gamma,140.0,point,isotropic,0.7,3700000.0,1.0
925,7,18,-36.0,-14.0,-66.0,3700000.0,1.0,gamma,140.0,point,isotropic,0.7,3700000.0,1.0
926,8,18,-34.0,-14.0,-66.0,3700000.0,1.0,gamma,140.0,point,isotropic,0.7,3700000.0,1.0
927,9,18,-32.0,-14.0,-66.0,3700000.0,1.0,gamma,140.0,point,isotropic,0.7,3700000.0,1.0
928,10,18,-30.0,-14.0,-66.0,3700000.0,1.0,gamma,140.0,point,isotropic,0.7,3700000.0,1.0
929,11,18,-28.0,-14.0,-66.0,3700000.0,1.0,gamma,140.0,point,isotropic,0.7,3700000.0,1.0
930,12,18,-26.0,-14.0,-66.0,3700000.0,1.0,gamma,140.0,point,isotropic,0.7,3700000.0,1.0
931,13,18,-24.0,-14.0,-66.0,3700000.0,1.0,gamma,140.0,point,isotropic,0.7,3700000.0,1.0
932,14,18,-22.0,-14.0,-66.0,3700000.0,1.0,gamma,140.0,point,isotropic,0.7,3700000.0,1.0
933,15,18,-20.0,-14.0,-66.0,3700000.0,1.0,gamma,140.0,point,isotropic,0.7,3700000.0,1.0
934,16,18,-18.0,-14.0,-66.0,3700000.0,1.0,gamma,140.0,point,isotropic,0.7,3700000.0,1.0
935,17,18,-16.0,-14.0,-66.0,3700000.0,1.0,gamma,140.0,point,isotropic,0.7,3700000.0,1.0
936,18,18,-14.0,-14.0,-66.0,3700000.0,1.0,gamma,140.0,point,isotropic,0.7,3700000.0,1.0
937,19,18,-12.0,-14.0,-66.0,3700000.0,1.0,gamma,140.0,point,isotropic,0.7,3700000.0,1.0
938,20,18,-10.0,-14.0,-66.0,3700000.0,1.0,gamma,140.0,point,isotropic,0.7,3700000.0,1.0
939,21,18,-8.0,-14.0,-66.0,3700000.0,1.0,gamma,140.0,point,isotropic,0.7,3700000.0,1.0
940,22,18,-6.0,-14.0,-66.0,3700000.0,1.0,gamma,140.0,point,isotropic,0.7,3700000.0,1.0
941,23,18,-4.0,-14.0,-66.0,3700000.0,1.0,gamma,140.0,point,isotropic,0.7,3700000.0,1.0
942,24,18,-2.0,-14.0,-66.0,3700000.0,1.0,gamma,140.0,point,isotropic,0.7,3700000.0,1.0
943,25,18,0.0,-14.0,-66.0,3700000.0,1.0,gamma,140.0,point,isotropic,0.7,3700000.0,1.0
944,26,18,2.0,-14.0,-66.0,3700000.0,1.0,gamma,140.0,point,isotropic,0.7,3700000.0,1.0
945,27,18,4.0,-14.0,-66.0,3700000.0,1.0,gamma,140.0,point,isotropic,0.7,3700000.0,1.0
946,28,18,6.0,-14.0,-66.0,3700000.0,1.0,gamma,140.0,point,isotropic,0.7,3700000.0,1.0
947,29,18,8.0,-14.0,-66.0,3700000.0,1.0,gamma,140.0,point,isotropic,0.7,3700000.0,1.0
948,30,18,10.0,-14.0,-66.0,3700000.0,1.0,gamma,140.0,point,isotropic,0.7,3700000.0,1.0
949,31,18,12.0,-14.0,-66.0,3700000.0,1.0,gamma,140.0,point,isotropic,0.7,3700000.0,1.0
950,32,18,14.0,-14.0,-66.0,3700000.0,1.0,gamma,140.0,point,isotropic,0.7,3700000.0,1.0
951,33,18,16.0,-14.0,-66.0,3700000.0,1.0,gamma,140.0,point,isotropic,0.7,3700000.0,1.0
952,34,18,18.0,-14.0,-66.0,3700000.0,1.0,gamma,140.0,point,isotropic,0.7,3700000.0,1.0
953,35,18,20.0,-14.0,-66.0,3700000.0,1.0,gamma,140.0,point,isotropic,0.7,3700000.0,1.0
954,36,18,22.0,-14.0,-66.0,3700000.0,1.0,gamma,140.0,point,isotropic,0.7,3700000.0,1.0
955,37,18,24.0,-14.0,-66.0,3700000.0,1.0,gamma,140.0,point,isotropic,0.7,3700000.0,1.0
956,38,18,26.0,-14.0,-66.0,3700000.0,1.0,gamma,140.0,point,isotropic,0.7,3700000.0,1.0
957,39,18,28.0,-14.0,-66.0,3700000.0,1.0,gamma,140.0,point,isotropic,0.7,3700000.0,1.0
958,40,18,30.0,-14.0,-66.0,3700000.0,1.0,gamma,140.0,point,isotropic,0.7,3700000.0,1.0
959,41,18,32.0,-14.0,-66.0,3700000.0,1.0,gamma,140.0,point,isotropic,0.7,3700000.0,1.0
960,42,18,34.0,-14.0,-66.0,3700000.0,1.0,gamma,140.0,point,isotropic,0.7,3700000.0,1.0
961,43,18,36.0,-14.0,-66.0,3700000.0,1.0,gamma,140.0,point,isotropic,0.7,3700000.0,1.0
962,44,18,38.0,-14.0,-66.0,3700000.0,1.0,gamma,140.0,point,isotropic,0.7,3700000.0,1.0
963,45,18,40.0,-14.0,-66.0,3700000.0,1.0,gamma,140.0,point,isotropic,0.7,3700000.0,1.0
964,46,18,42.0,-14.0,-66.0,3700000.0,1.0,gamma,140.0,point,isotropic,0.7,3700000.0,1.0
965,47,18,44.0,-14.0,-66.0,3700000.0,1.0,gamma,140.0,point,isotropic,0.7,3700000.0,1.0
966,48,18,46.0,-14.0,-66.0,3700000.0,1.0,gamma,140.0,point,isotropic,0.7,3700000.0,1.0
967,49,18,48.0,-14.0,-66.0,3700000.0,1.0,gamma,140.0,point,isotropic,0.7,3700000.0,1.0
968,50,18,50.0,-14.0,-66.0,3700000.0,1.0,gamma,140.0,point,isotropic,0.7,3700000.0,1.0
969,0,19,-50.0,-12.0,-66.0,3700000.0,1.0,gamma,140.0,point,isotropic,0.7,3700000.0,1.0
970,1,19,-48.0,-12.0,-66.0,3700000.0,1.0,gamma,140.0,point,isotropic,0.7,3700000.0,1.0
971,2,19,-46.0,-12.0,-66.0,3700000.0,1.0,gamma,140.0,point,isotropic,0.7,3700000.0,1.0
972,3,19,-44.0,-12.0,-66.0,3700000.0,1.0,gamma,140.0,point,isotropic,0.7,3700000.0,1.0
973,4,19,-42.0,-12.0,-66.0,3700000.0,1.0,gamma,140.0,point,isotropic,0.7,3700000.0,1.0
974,5,19,-40.0,-12.0,-66.0,3700000.0,1.0,gamma,140.0,point,isotropic,0.7,3700000.0,1.0
975,6,19,-38.0,-12.0,-66.0,3700000.0,1.0,gamma,140.0,point,isotropic,0.7,3700000.0,1.0
976,7,19,-36.0,-12.0,-66.0,3700000.0,1.0,gamma,140.0,point,isotropic,0.7,3700000.0,1.0
977,8,19,-34.0,-12.0,-66.0,3700000.0,1.0,gamma,140.0,point,isotropic,0.7,3700000.0,1.0
978,9,19,-32.0,-12.0,-66.0,3700000.0,1.0,gamma,140.0,point,isotropic,0.7,3700000.0,1.0
979,10,19,-30.0,-12.0,-66.0,3700000.0,1.0,gamma,140.0,point,isotropic,0.7,3700000.0,1.0
980,11,19,-28.0,-12.0,-66.0,3700000.0,1.0,gamma,140.0,point,isotropic,0.7,3700000.0,1.0
981,12,19,-26.0,-12.0,-66.0,3700000.0,1.0,gamma,140.0,point,isotropic,0.7,3700000.0,1.0
982,13,19,-24.0,-12.0,-66.0,3700000.0,1.0,gamma,140.0,point,isotropic,0.7,3700000.0,1.0
983,14,19,-22.0,-12.0,-66.0,3700000.0,1.0,gamma,140.0,point,isotropic,0.7,3700000.0,1.0
984,15,19,-20.0,-12.0,-66.0,3700000.0,1.0,gamma,140.0,point,isotropic,0.7,3700000.0,1.0
985,16,19,-18.0,-12.0,-66.0,3700000.0,1.0,gamma,140.0,point,isotropic,0.7,3700000.0,1.0
986,17,19,-16.0,-12.0,-66.0,3700000.0,1.0,gamma,140.0,point,isotropic,0.7,3700000.0,1.0
987,18,19,-14.0,-12.0,-66.0,3700000.0,1.0,gamma,140.0,point,isotropic,0.7,3700000.0,1.0
988,19,19,-12.0,-12.0,-66.0,3700000.0,1.0,gamma,140.0,point,isotropic,0.7,3700000.0,1.0
989,20,19,-10.0,-12.0,-66.0,3700000.0,1.0,gamma,140.0,point,isotropic,0.7,3700000.0,1.0
990,21,19,-8.0,-12.0,-66.0,3700000.0,1.0,gamma,140.0,point,isotropic,0.7,3700000.0,1.0
991,22,19,-6.0,-12.0,-66.0,3700000.0,1.0,gamma,140.0,point,isotropic,0.7,3700000.0,1.0
992,23,19,-4.0,-12.0,-66.0,3700000.0,1.0,gamma,140.0,point,isotropic,0.7,3700000.0,1.0
993,24,19,-2.0,-12.0,-66.0,3700000.0,1.0,gamma,140.0,point,isotropic,0.7,3700000.0,1.0
994,25,19,0.0,-12.0,-66.0,3700000.0,1.0,gamma,140.0,point,isotropic,0.7,3700000.0,1.0
995,26,19,2.0,-12.0,-66.0,3700000.0,1.0,gamma,140.0,point,isotropic,0.7,3700000.0,1.0
996,27,19,4.0,-12.0,-66.0,3700000.0,1.0,gamma,140.0,point,isotropic,0.7,3700000.0,1.0
997,28,19,6.0,-12.0,-66.0,3700000.0,1.0,gamma,140.0,point,isotropic,0.7,3700000.0,1.0
998,29,19,8.0,-12.0,-66.0,3700000.0,1.0,gamma,140.0,point,isotropic,0.7,3700000.0,1.0
999,30,19,10.0,-12.0,-66.0,3700000.0,1.0,gamma,140.0,point,isotropic,0.7,3700000.0,1.0
1000,31,19,12.0,-12.0,-66.0,3700000.0,1.0,gamma,140.0,point,isotropic,0.7,3700000.0,1.0
1001,32,19,14.0,-12.0,-66.0,3700000.0,1.0,gamma,140.0,point,isotropic,0.7,3700000.0,1.0
1002,33,19,16.0,-12.0,-66.0,3700000.0,1.0,gamma,140.0,point,isotropic,0.7,3700000.0,1.0
1003,34,19,18.0,-12.0,-66.0,3700000.0,1.0,gamma,140.0,point,isotropic,0.7,3700000.0,1.0
1004,35,19,20.0,-12.0,-66.0,3700000.0,1.0,gamma,140.0,point,isotropic,0.7,3700000.0,1.0
1005,36,19,22.0,-12.0,-66.0,3700000.0,1.0,gamma,140.0,point,isotropic,0.7,3700000.0,1.0
1006,37,19,24.0,-12.0,-66.0,3700000.0,1.0,gamma,140.0,point,isotropic,0.7,3700000.0,1.0
1007,38,19,26.0,-12.0,-66.0,3700000.0,1.0,gamma,140.0,point,isotropic,0.7,3700000.0,1.0
1008,39,19,28.0,-12.0,-66.0,3700000.0,1.0,gamma,140.0,point,isotropic,0.7,3700000.0,1.0
1009,40,19,30.0,-12.0,-66.0,3700000.0,1.0,gamma,140.0,point,isotropic,0.7,3700000.0,1.0
1010,41,19,32.0,-12.0,-66.0,3700000.0,1.0,gamma,140.0,point,isotropic,0.7,3700000.0,1.0
1011,42,19,34.0,-12.0,-66.0,3700000.0,1.0,gamma,140.0,point,isotropic,0.7,3700000.0,1.0
1012,43,19,36.0,-12.0,-66.0,3700000.0,1.0,gamma,140.0,point,isotropic,0.7,3700000.0,1.0
1013,44,19,38.0,-12.0,-66.0,3700000.0,1.0,gamma,140.0,point,isotropic,0.7,3700000.0,1.0
1014,45,19,40.0,-12.0,-66.0,3700000.0,1.0,gamma,140.0,point,isotropic,0.7,3700000.0,1.0
1015,46,19,42.0,-12.0,-66.0,3700000.0,1.0,gamma,140.0,point,isotropic,0.7,3700000.0,1.0
1016,47,19,44.0,-12.0,-66.0,3700000.0,1.0,gamma,140.0,point,isotropic,0.7,3700000.0,1.0
1017,48,19,46.0,-12.0,-66.0,3700000.0,1.0,gamma,140.0,point,isotropic,0.7,3700000.0,1.0
1018,49,19,48.0,-12.0,-66.0,3700000.0,1.0,gamma,140.0,point,isotropic,0.7,3700000.0,1.0
1019,50,19,50.0,-12.0,-66.0,3700000.0,1.0,gamma,140.0,point,isotropic,0.7,3700000.0,1.0
1020,0,20,-50.0,-10.0,-66.0,3700000.0,1.0,gamma,140.0,point,isotropic,0.7,3700000.0,1.0
1021,1,20,-48.0,-10.0,-66.0,3700000.0,1.0,gamma,140.0,point,isotropic,0.7,3700000.0,1.0
1022,2,20,-46.0,-10.0,-66.0,3700000.0,1.0,gamma,140.0,point,isotropic,0.7,3700000.0,1.0
1023,3,20,-44.0,-10.0,-66.0,3700000.0,1.0,gamma,140.0,point,isotropic,0.7,3700000.0,1.0
1024,4,20,-42.0,-10.0,-66.0,3700000.0,1.0,gamma,140.0,point,isotropic,0.7,3700000.0,1.0
1025,5,20,-40.0,-10.0,-66.0,3700000.0,1.0,gamma,140.0,point,isotropic,0.7,3700000.0,1.0
1026,6,20,-38.0,-10.0,-66.0,3700000.0,1.0,gamma,140.0,point,isotropic,0.7,3700000.0,1.0
1027,7,20,-36.0,-10.0,-66.0,3700000.0,1.0,gamma,140.0,point,isotropic,0.7,3700000.0,1.0
1028,8,20,-34.0,-10.0,-66.0,3700000.0,1.0,gamma,140.0,point,isotropic,0.7,3700000.0,1.0
1029,9,20,-32.0,-10.0,-66.0,3700000.0,1.0,gamma,140.0,point,isotropic,0.7,3700000.0,1.0
1030,10,20,-30.0,-10.0,-66.0,3700000.0,1.0,gamma,140.0,point,isotropic,0.7,3700000.0,1.0
1031,11,20,-28.0,-10.0,-66.0,3700000.0,1.0,gamma,140.0,point,isotropic,0.7,3700000.0,1.0
1032,12,20,-26.0,-10.0,-66.0,3700000.0,1.0,gamma,140.0,point,isotropic,0.7,3700000.0,1.0
1033,13,20,-24.0,-10.0,-66.0,3700000.0,1.0,gamma,140.0,point,isotropic,0.7,3700000.0,1.0
1034,14,20,-22.0,-10.0,-66.0,3700000.0,1.0,gamma,140.0,point,isotropic,0.7,3700000.0,1.0
1035,15,20,-20.0,-10.0,-66.0,3700000.0,1.0,gamma,140.0,point,isotropic,0.7,3700000.0,1.0
1036,16,20,-18.0,-10.0,-66.0,3700000.0,1.0,gamma,140.0,point,isotropic,0.7,3700000.0,1.0
1037,17,20,-16.0,-10.0,-66.0,3700000.0,1.0,gamma,140.0,point,isotropic,0.7,3700000.0,1.0
1038,18,20,-14.0,-10.0,-66.0,3700000.0,1.0,gamma,140.0,point,isotropic,0.7,3700000.0,1.0
1039,19,20,-12.0,-10.0,-66.0,3700000.0,1.0,gamma,140.0,point,isotropic,0.7,3700000.0,1.0
1040,20,20,-10.0,-10.0,-66.0,3700000.0,1.0,gamma,140.0,point,isotropic,0.7,3700000.0,1.0
1041,21,20,-8.0,-10.0,-66.0,3700000.0,1.0,gamma,140.0,point,isotropic,0.7,3700000.0,1.0
1042,22,20,-6.0,-10.0,-66.0,3700000.0,1.0,gamma,140.0,point,isotropic,0.7,3700000.0,1.0
1043,23,20,-4.0,-10.0,-66.0,3700000.0,1.0,gamma,140.0,point,isotropic,0.7,3700000.0,1.0
1044,24,20,-2.0,-10.0,-66.0,3700000.0,1.0,gamma,140.0,point,isotropic,0.7,3700000.0,1.0
1045,25,20,0.0,-10.0,-66.0,3700000.0,1.0,gamma,140.0,point,isotropic,0.7,3700000.0,1.0
1046,26,20,2.0,-10.0,-66.0,3700000.0,1.0,gamma,140.0,point,isotropic,0.7,3700000.0,1.0
1047,27,20,4.0,-10.0,-66.0,3700000.0,1.0,gamma,140.0,point,isotropic,0.7,3700000.0,1.0
1048,28,20,6.0,-10.0,-66.0,3700000.0,1.0,gamma,140.0,point,isotropic,0.7,3700000.0,1.0
1049,29,20,8.0,-10.0,-66.0,3700000.0,1.0,gamma,140.0,point,isotropic,0.7,3700000.0,1.0
1050,30,20,10.0,-10.0,-66.0,3700000.0,1.0,gamma,140.0,point,isotropic,0.7,3700000.0,1.0
1051,31,20,12.0,-10.0,-66.0,3700000.0,1.0,gamma,140.0,point,isotropic,0.7,3700000.0,1.0
1052,32,20,14.0,-10.0,-66.0,3700000.0,1.0,gamma,140.0,point,isotropic,0.7,3700000.0,1.0
1053,33,20,16.0,-10.0,-66.0,3700000.0,1.0,gamma,140.0,point,isotropic,0.7,3700000.0,1.0
1054,34,20,18.0,-10.0,-66.0,3700000.0,1.0,gamma,140.0,point,isotropic,0.7,3700000.0,1.0
1055,35,20,20.0,-10.0,-66.0,3700000.0,1.0,gamma,140.0,point,isotropic,0.7,3700000.0,1.0
1056,36,20,22.0,-10.0,-66.0,3700000.0,1.0,gamma,140.0,point,isotropic,0.7,3700000.0,1.0
1057,37,20,24.0,-10.0,-66.0,3700000.0,1.0,gamma,140.0,point,isotropic,0.7,3700000.0,1.0
1058,38,20,26.0,-10.0,-66.0,3700000.0,1.0,gamma,140.0,point,isotropic,0.7,3700000.0,1.0
1059,39,20,28.0,-10.0,-66.0,3700000.0,1.0,gamma,140.0,point,isotropic,0.7,3700000.0,1.0
1060,40,20,30.0,-10.0,-66.0,3700000.0,1.0,gamma,140.0,point,isotropic,0.7,3700000.0,1.0
1061,41,20,32.0,-10.0,-66.0,3700000.0,1.0,gamma,140.0,point,isotropic,0.7,3700000.0,1.0
1062,42,20,34.0,-10.0,-66.0,3700000.0,1.0,gamma,140.0,point,isotropic,0.7,3700000.0,1.0
1063,43,20,36.0,-10.0,-66.0,3700000.0,1.0,gamma,140.0,point,isotropic,0.7,3700000.0,1.0
1064,44,20,38.0,-10.0,-66.0,3700000.0,1.0,gamma,140.0,point,isotropic,0.7,3700000.0,1.0
1065,45,20,40.0,-10.0,-66.0,3700000.0,1.0,gamma,140.0,point,isotropic,0.7,3700000.0,1.0
1066,46,20,42.0,-10.0,-66.0,3700000.0,1.0,gamma,140.0,point,isotropic,0.7,3700000.0,1.0
1067,47,20,44.0,-10.0,-66.0,3700000.0,1.0,gamma,140.0,point,isotropic,0.7,3700000.0,1.0
1068,48,20,46.0,-10.0,-66.0,3700000.0,1.0,gamma,140.0,point,isotropic,0.7,3700000.0,1.0
1069,49,20,48.0,-10.0,-66.0,3700000.0,1.0,gamma,140.0,point,isotropic,0.7,3700000.0,1.0
1070,50,20,50.0,-10.0,-66.0,3700000.0,1.0,gamma,140.0,point,isotropic,0.7,3700000.0,1.0
1071,0,21,-50.0,-8.0,-66.0,3700000.0,1.0,gamma,140.0,point,isotropic,0.7,3700000.0,1.0
1072,1,21,-48.0,-8.0,-66.0,3700000.0,1.0,gamma,140.0,point,isotropic,0.7,3700000.0,1.0
1073,2,21,-46.0,-8.0,-66.0,3700000.0,1.0,gamma,140.0,point,isotropic,0.7,3700000.0,1.0
1074,3,21,-44.0,-8.0,-66.0,3700000.0,1.0,gamma,140.0,point,isotropic,0.7,3700000.0,1.0
1075,4,21,-42.0,-8.0,-66.0,3700000.0,1.0,gamma,140.0,point,isotropic,0.7,3700000.0,1.0
1076,5,21,-40.0,-8.0,-66.0,3700000.0,1.0,gamma,140.0,point,isotropic,0.7,3700000.0,1.0
1077,6,21,-38.0,-8.0,-66.0,3700000.0,1.0,gamma,140.0,point,isotropic,0.7,3700000.0,1.0
1078,7,21,-36.0,-8.0,-66.0,3700000.0,1.0,gamma,140.0,point,isotropic,0.7,3700000.0,1.0
1079,8,21,-34.0,-8.0,-66.0,3700000.0,1.0,gamma,140.0,point,isotropic,0.7,3700000.0,1.0
1080,9,21,-32.0,-8.0,-66.0,3700000.0,1.0,gamma,140.0,point,isotropic,0.7,3700000.0,1.0
1081,10,21,-30.0,-8.0,-66.0,3700000.0,1.0,gamma,140.0,point,isotropic,0.7,3700000.0,1.0
1082,11,21,-28.0,-8.0,-66.0,3700000.0,1.0,gamma,140.0,point,isotropic,0.7,3700000.0,1.0
1083,12,21,-26.0,-8.0,-66.0,3700000.0,1.0,gamma,140.0,point,isotropic,0.7,3700000.0,1.0
1084,13,21,-24.0,-8.0,-66.0,3700000.0,1.0,gamma,140.0,point,isotropic,0.7,3700000.0,1.0
1085,14,21,-22.0,-8.0,-66.0,3700000.0,1.0,gamma,140.0,point,isotropic,0.7,3700000.0,1.0
1086,15,21,-20.0,-8.0,-66.0,3700000.0,1.0,gamma,140.0,point,isotropic,0.7,3700000.0,1.0
1087,16,21,-18.0,-8.0,-66.0,3700000.0,1.0,gamma,140.0,point,isotropic,0.7,3700000.0,1.0
1088,17,21,-16.0,-8.0,-66.0,3700000.0,1.0,gamma,140.0,point,isotropic,0.7,3700000.0,1.0
1089,18,21,-14.0,-8.0,-66.0,3700000.0,1.0,gamma,140.0,point,isotropic,0.7,3700000.0,1.0
1090,19,21,-12.0,-8.0,-66.0,3700000.0,1.0,gamma,140.0,point,isotropic,0.7,3700000.0,1.0
1091,20,21,-10.0,-8.0,-66.0,3700000.0,1.0,gamma,140.0,point,isotropic,0.7,3700000.0,1.0
1092,21,21,-8.0,-8.0,-66.0,3700000.0,1.0,gamma,140.0,point,isotropic,0.7,3700000.0,1.0
1093,22,21,-6.0,-8.0,-66.0,3700000.0,1.0,gamma,140.0,point,isotropic,0.7,3700000.0,1.0
1094,23,21,-4.0,-8.0,-66.0,3700000.0,1.0,gamma,140.0,point,isotropic,0.7,3700000.0,1.0
1095,24,21,-2.0,-8.0,-66.0,3700000.0,1.0,gamma,140.0,point,isotropic,0.7,3700000.0,1.0
1096,25,21,0.0,-8.0,-66.0,3700000.0,1.0,gamma,140.0,point,isotropic,0.7,3700000.0,1.0
1097,26,21,2.0,-8.0,-66.0,3700000.0,1.0,gamma,140.0,point,isotropic,0.7,3700000.0,1.0
1098,27,21,4.0,-8.0,-66.0,3700000.0,1.0,gamma,140.0,point,isotropic,0.7,3700000.0,1.0
1099,28,21,6.0,-8.0,-66.0,3700000.0,1.0,gamma,140.0,point,isotropic,0.7,3700000.0,1.0
1100,29,21,8.0,-8.0,-66.0,3700000.0,1.0,gamma,140.0,point,isotropic,0.7,3700000.0,1.0
1101,30,21,10.0,-8.0,-66.0,3700000.0,1.0,gamma,140.0,point,isotropic,0.7,3700000.0,1.0
1102,31,21,12.0,-8.0,-66.0,3700000.0,1.0,gamma,140.0,point,isotropic,0.7,3700000.0,1.0
1103,32,21,14.0,-8.0,-66.0,3700000.0,1.0,gamma,140.0,point,isotropic,0.7,3700000.0,1.0
1104,33,21,16.0,-8.0,-66.0,3700000.0,1.0,gamma,140.0,point,isotropic,0.7,3700000.0,1.0
1105,34,21,18.0,-8.0,-66.0,3700000.0,1.0,gamma,140.0,point,isotropic,0.7,3700000.0,1.0
1106,35,21,20.0,-8.0,-66.0,3700000.0,1.0,gamma,140.0,point,isotropic,0.7,3700000.0,1.0
1107,36,21,22.0,-8.0,-66.0,3700000.0,1.0,gamma,140.0,point,isotropic,0.7,3700000.0,1.0
1108,37,21,24.0,-8.0,-66.0,3700000.0,1.0,gamma,140.0,point,isotropic,0.7,3700000.0,1.0
1109,38,21,26.0,-8.0,-66.0,3700000.0,1.0,gamma,140.0,point,isotropic,0.7,3700000.0,1.0
1110,39,21,28.0,-8.0,-66.0,3700000.0,1.0,gamma,140.0,point,isotropic,0.7,3700000.0,1.0
1111,40,21,30.0,-8.0,-66.0,3700000.0,1.0,gamma,140.0,point,isotropic,0.7,3700000.0,1.0
1112,41,21,32.0,-8.0,-66.0,3700000.0,1.0,gamma,140.0,point,isotropic,0.7,3700000.0,1.0
1113,42,21,34.0,-8.0,-66.0,3700000.0,1.0,gamma,140.0,point,isotropic,0.7,3700000.0,1.0
1114,43,21,36.0,-8.0,-66.0,3700000.0,1.0,gamma,140.0,point,isotropic,0.7,3700000.0,1.0
1115,44,21,38.0,-8.0,-66.0,3700000.0,1.0,gamma,140.0,point,isotropic,0.7,3700000.0,1.0
1116,45,21,40.0,-8.0,-66.0,3700000.0,1.0,gamma,140.0,point,isotropic,0.7,3700000.0,1.0
1117,46,21,42.0,-8.0,-66.0,3700000.0,1.0,gamma,140.0,point,isotropic,0.7,3700000.0,1.0
1118,47,21,44.0,-8.0,-66.0,3700000.0,1.0,gamma,140.0,point,isotropic,0.7,3700000.0,1.0
1119,48,21,46.0,-8.0,-66.0,3700000.0,1.0,gamma,140.0,point,isotropic,0.7,3700000.0,1.0
1120,49,21,48.0,-8.0,-66.0,3700000.0,1.0,gamma,140.0,point,isotropic,0.7,3700000.0,1.0
1121,50,21,50.0,-8.0,-66.0,3700000.0,1.0,gamma,140.0,point,isotropic,0.7,3700000.0,1.0
1122,0,22,-50.0,-6.0,-66.0,3700000.0,1.0,gamma,140.0,point,isotropic,0.7,3700000.0,1.0
1123,1,22,-48.0,-6.0,-66.0,3700000.0,1.0,gamma,140.0,point,isotropic,0.7,3700000.0,1.0
1124,2,22,-46.0,-6.0,-66.0,3700000.0,1.0,gamma,140.0,point,isotropic,0.7,3700000.0,1.0
1125,3,22,-44.0,-6.0,-66.0,3700000.0,1.0,gamma,140.0,point,isotropic,0.7,3700000.0,1.0
1126,4,22,-42.0,-6.0,-66.0,3700000.0,1.0,gamma,140.0,point,isotropic,0.7,3700000.0,1.0
1127,5,22,-40.0,-6.0,-66.0,3700000.0,1.0,gamma,140.0,point,isotropic,0.7,3700000.0,1.0
1128,6,22,-38.0,-6.0,-66.0,3700000.0,1.0,gamma,140.0,point,isotropic,0.7,3700000.0,1.0
1129,7,22,-36.0,-6.0,-66.0,3700000.0,1.0,gamma,140.0,point,isotropic,0.7,3700000.0,1.0
1130,8,22,-34.0,-6.0,-66.0,3700000.0,1.0,gamma,140.0,point,isotropic,0.7,3700000.0,1.0
1131,9,22,-32.0,-6.0,-66.0,3700000.0,1.0,gamma,140.0,point,isotropic,0.7,3700000.0,1.0
1132,10,22,-30.0,-6.0,-66.0,3700000.0,1.0,gamma,140.0,point,isotropic,0.7,3700000.0,1.0
1133,11,22,-28.0,-6.0,-66.0,3700000.0,1.0,gamma,140.0,point,isotropic,0.7,3700000.0,1.0
1134,12,22,-26.0,-6.0,-66.0,3700000.0,1.0,gamma,140.0,point,isotropic,0.7,3700000.0,1.0
1135,13,22,-24.0,-6.0,-66.0,3700000.0,1.0,gamma,140.0,point,isotropic,0.7,3700000.0,1.0
1136,14,22,-22.0,-6.0,-66.0,3700000.0,1.0,gamma,140.0,point,isotropic,0.7,3700000.0,1.0
1137,15,22,-20.0,-6.0,-66.0,3700000.0,1.0,gamma,140.0,point,isotropic,0.7,3700000.0,1.0
1138,16,22,-18.0,-6.0,-66.0,3700000.0,1.0,gamma,140.0,point,isotropic,0.7,3700000.0,1.0
1139,17,22,-16.0,-6.0,-66.0,3700000.0,1.0,gamma,140.0,point,isotropic,0.7,3700000.0,1.0
1140,18,22,-14.0,-6.0,-66.0,3700000.0,1.0,gamma,140.0,point,isotropic,0.7,3700000.0,1.0
1141,19,22,-12.0,-6.0,-66.0,3700000.0,1.0,gamma,140.0,point,isotropic,0.7,3700000.0,1.0
1142,20,22,-10.0,-6.0,-66.0,3700000.0,1.0,gamma,140.0,point,isotropic,0.7,3700000.0,1.0
1143,21,22,-8.0,-6.0,-66.0,3700000.0,1.0,gamma,140.0,point,isotropic,0.7,3700000.0,1.0
1144,22,22,-6.0,-6.0,-66.0,3700000.0,1.0,gamma,140.0,point,isotropic,0.7,3700000.0,1.0
1145,23,22,-4.0,-6.0,-66.0,3700000.0,1.0,gamma,140.0,point,isotropic,0.7,3700000.0,1.0
1146,24,22,-2.0,-6.0,-66.0,3700000.0,1.0,gamma,140.0,point,isotropic,0.7,3700000.0,1.0
1147,25,22,0.0,-6.0,-66.0,3700000.0,1.0,gamma,140.0,point,isotropic,0.7,3700000.0,1.0
1148,26,22,2.0,-6.0,-66.0,3700000.0,1.0,gamma,140.0,point,isotropic,0.7,3700000.0,1.0
1149,27,22,4.0,-6.0,-66.0,3700000.0,1.0,gamma,140.0,point,isotropic,0.7,3700000.0,1.0
1150,28,22,6.0,-6.0,-66.0,3700000.0,1.0,gamma,140.0,point,isotropic,0.7,3700000.0,1.0
1151,29,22,8.0,-6.0,-66.0,3700000.0,1.0,gamma,140.0,point,isotropic,0.7,3700000.0,1.0
1152,30,22,10.0,-6.0,-66.0,3700000.0,1.0,gamma,140.0,point,isotropic,0.7,3700000.0,1.0
1153,31,22,12.0,-6.0,-66.0,3700000.0,1.0,gamma,140.0,point,isotropic,0.7,3700000.0,1.0
1154,32,22,14.0,-6.0,-66.0,3700000.0,1.0,gamma,140.0,point,isotropic,0.7,3700000.0,1.0
1155,33,22,16.0,-6.0,-66.0,3700000.0,1.0,gamma,140.0,point,isotropic,0.7,3700000.0,1.0
1156,34,22,18.0,-6.0,-66.0,3700000.0,1.0,gamma,140.0,point,isotropic,0.7,3700000.0,1.0
1157,35,22,20.0,-6.0,-66.0,3700000.0,1.0,gamma,140.0,point,isotropic,0.7,3700000.0,1.0
1158,36,22,22.0,-6.0,-66.0,3700000.0,1.0,gamma,140.0,point,isotropic,0.7,3700000.0,1.0
1159,37,22,24.0,-6.0,-66.0,3700000.0,1.0,gamma,140.0,point,isotropic,0.7,3700000.0,1.0
1160,38,22,26.0,-6.0,-66.0,3700000.0,1.0,gamma,140.0,point,isotropic,0.7,3700000.0,1.0
1161,39,22,28.0,-6.0,-66.0,3700000.0,1.0,gamma,140.0,point,isotropic,0.7,3700000.0,1.0
1162,40,22,30.0,-6.0,-66.0,3700000.0,1.0,gamma,140.0,point,isotropic,0.7,3700000.0,1.0
1163,41,22,32.0,-6.0,-66.0,3700000.0,1.0,gamma,140.0,point,isotropic,0.7,3700000.0,1.0
1164,42,22,34.0,-6.0,-66.0,3700000.0,1.0,gamma,140.0,point,isotropic,0.7,3700000.0,1.0
1165,43,22,36.0,-6.0,-66.0,3700000.0,1.0,gamma,140.0,point,isotropic,0.7,3700000.0,1.0
1166,44,22,38.0,-6.0,-66.0,3700000.0,1.0,gamma,140.0,point,isotropic,0.7,3700000.0,1.0
1167,45,22,40.0,-6.0,-66.0,3700000.0,1.0,gamma,140.0,point,isotropic,0.7,3700000.0,1.0
1168,46,22,42.0,-6.0,-66.0,3700000.0,1.0,gamma,140.0,point,isotropic,0.7,3700000.0,1.0
1169,47,22,44.0,-6.0,-66.0,3700000.0,1.0,gamma,140.0,point,isotropic,0.7,3700000.0,1.0
1170,48,22,46.0,-6.0,-66.0,3700000.0,1.0,gamma,140.0,point,isotropic,0.7,3700000.0,1.0
1171,49,22,48.0,-6.0,-66.0,3700000.0,1.0,gamma,140.0,point,isotropic,0.7,3700000.0,1.0
1172,50,22,50.0,-6.0,-66.0,3700000.0,1.0,gamma,140.0,point,isotropic,0.7,3700000.0,1.0
1173,0,23,-50.0,-4.0,-66.0,3700000.0,1.0,gamma,140.0,point,isotropic,0.7,3700000.0,1.0
1174,1,23,-48.0,-4.0,-66.0,3700000.0,1.0,gamma,140.0,point,isotropic,0.7,3700000.0,1.0
1175,2,23,-46.0,-4.0,-66.0,3700000.0,1.0,gamma,140.0,point,isotropic,0.7,3700000.0,1.0
1176,3,23,-44.0,-4.0,-66.0,3700000.0,1.0,gamma,140.0,point,isotropic,0.7,3700000.0,1.0
1177,4,23,-42.0,-4.0,-66.0,3700000.0,1.0,gamma,140.0,point,isotropic,0.7,3700000.0,1.0
1178,5,23,-40.0,-4.0,-66.0,3700000.0,1.0,gamma,140.0,point,isotropic,0.7,3700000.0,1.0
1179,6,23,-38.0,-4.0,-66.0,3700000.0,1.0,gamma,140.0,point,isotropic,0.7,3700000.0,1.0
1180,7,23,-36.0,-4.0,-66.0,3700000.0,1.0,gamma,140.0,point,isotropic,0.7,3700000.0,1.0
1181,8,23,-34.0,-4.0,-66.0,3700000.0,1.0,gamma,140.0,point,isotropic,0.7,3700000.0,1.0
1182,9,23,-32.0,-4.0,-66.0,3700000.0,1.0,gamma,140.0,point,isotropic,0.7,3700000.0,1.0
1183,10,23,-30.0,-4.0,-66.0,3700000.0,1.0,gamma,140.0,point,isotropic,0.7,3700000.0,1.0
1184,11,23,-28.0,-4.0,-66.0,3700000.0,1.0,gamma,140.0,point,isotropic,0.7,3700000.0,1.0
1185,12,23,-26.0,-4.0,-66.0,3700000.0,1.0,gamma,140.0,point,isotropic,0.7,3700000.0,1.0
1186,13,23,-24.0,-4.0,-66.0,3700000.0,1.0,gamma,140.0,point,isotropic,0.7,3700000.0,1.0
1187,14,23,-22.0,-4.0,-66.0,3700000.0,1.0,gamma,140.0,point,isotropic,0.7,3700000.0,1.0
1188,15,23,-20.0,-4.0,-66.0,3700000.0,1.0,gamma,140.0,point,isotropic,0.7,3700000.0,1.0
1189,16,23,-18.0,-4.0,-66.0,3700000.0,1.0,gamma,140.0,point,isotropic,0.7,3700000.0,1.0
1190,17,23,-16.0,-4.0,-66.0,3700000.0,1.0,gamma,140.0,point,isotropic,0.7,3700000.0,1.0
1191,18,23,-14.0,-4.0,-66.0,3700000.0,1.0,gamma,140.0,point,isotropic,0.7,3700000.0,1.0
1192,19,23,-12.0,-4.0,-66.0,3700000.0,1.0,gamma,140.0,point,isotropic,0.7,3700000.0,1.0
1193,20,23,-10.0,-4.0,-66.0,3700000.0,1.0,gamma,140.0,point,isotropic,0.7,3700000.0,1.0
1194,21,23,-8.0,-4.0,-66.0,3700000.0,1.0,gamma,140.0,point,isotropic,0.7,3700000.0,1.0
1195,22,23,-6.0,-4.0,-66.0,3700000.0,1.0,gamma,140.0,point,isotropic,0.7,3700000.0,1.0
1196,23,23,-4.0,-4.0,-66.0,3700000.0,1.0,gamma,140.0,point,isotropic,0.7,3700000.0,1.0
1197,24,23,-2.0,-4.0,-66.0,3700000.0,1.0,gamma,140.0,point,isotropic,0.7,3700000.0,1.0
1198,25,23,0.0,-4.0,-66.0,3700000.0,1.0,gamma,140.0,point,isotropic,0.7,3700000.0,1.0
1199,26,23,2.0,-4.0,-66.0,3700000.0,1.0,gamma,140.0,point,isotropic,0.7,3700000.0,1.0
1200,27,23,4.0,-4.0,-66.0,3700000.0,1.0,gamma,140.0,point,isotropic,0.7,3700000.0,1.0
1201,28,23,6.0,-4.0,-66.0,3700000.0,1.0,gamma,140.0,point,isotropic,0.7,3700000.0,1.0
1202,29,23,8.0,-4.0,-66.0,3700000.0,1.0,gamma,140.0,point,isotropic,0.7,3700000.0,1.0
1203,30,23,10.0,-4.0,-66.0,3700000.0,1.0,gamma,140.0,point,isotropic,0.7,3700000.0,1.0
1204,31,23,12.0,-4.0,-66.0,3700000.0,1.0,gamma,140.0,point,isotropic,0.7,3700000.0,1.0
1205,32,23,14.0,-4.0,-66.0,3700000.0,1.0,gamma,140.0,point,isotropic,0.7,3700000.0,1.0
1206,33,23,16.0,-4.0,-66.0,3700000.0,1.0,gamma,140.0,point,isotropic,0.7,3700000.0,1.0
1207,34,23,18.0,-4.0,-66.0,3700000.0,1.0,gamma,140.0,point,isotropic,0.7,3700000.0,1.0
1208,35,23,20.0,-4.0,-66.0,3700000.0,1.0,gamma,140.0,point,isotropic,0.7,3700000.0,1.0
1209,36,23,22.0,-4.0,-66.0,3700000.0,1.0,gamma,140.0,point,isotropic,0.7,3700000.0,1.0
1210,37,23,24.0,-4.0,-66.0,3700000.0,1.0,gamma,140.0,point,isotropic,0.7,3700000.0,1.0
1211,38,23,26.0,-4.0,-66.0,3700000.0,1.0,gamma,140.0,point,isotropic,0.7,3700000.0,1.0
1212,39,23,28.0,-4.0,-66.0,3700000.0,1.0,gamma,140.0,point,isotropic,0.7,3700000.0,1.0
1213,40,23,30.0,-4.0,-66.0,3700000.0,1.0,gamma,140.0,point,isotropic,0.7,3700000.0,1.0
1214,41,23,32.0,-4.0,-66.0,3700000.0,1.0,gamma,140.0,point,isotropic,0.7,3700000.0,1.0
1215,42,23,34.0,-4.0,-66.0,3700000.0,1.0,gamma,140.0,point,isotropic,0.7,3700000.0,1.0
1216,43,23,36.0,-4.0,-66.0,3700000.0,1.0,gamma,140.0,point,isotropic,0.7,3700000.0,1.0
1217,44,23,38.0,-4.0,-66.0,3700000.0,1.0,gamma,140.0,point,isotropic,0.7,3700000.0,1.0
1218,45,23,40.0,-4.0,-66.0,3700000.0,1.0,gamma,140.0,point,isotropic,0.7,3700000.0,1.0
1219,46,23,42.0,-4.0,-66.0,3700000.0,1.0,gamma,140.0,point,isotropic,0.7,3700000.0,1.0
1220,47,23,44.0,-4.0,-66.0,3700000.0,1.0,gamma,140.0,point,isotropic,0.7,3700000.0,1.0
1221,48,23,46.0,-4.0,-66.0,3700000.0,1.0,gamma,140.0,point,isotropic,0.7,3700000.0,1.0
1222,49,23,48.0,-4.0,-66.0,3700000.0,1.0,gamma,140.0,point,isotropic,0.7,3700000.0,1.0
1223,50,23,50.0,-4.0,-66.0,3700000.0,1.0,gamma,140.0,point,isotropic,0.7,3700000.0,1.0
1224,0,24,-50.0,-2.0,-66.0,3700000.0,1.0,gamma,140.0,point,isotropic,0.7,3700000.0,1.0
1225,1,24,-48.0,-2.0,-66.0,3700000.0,1.0,gamma,140.0,point,isotropic,0.7,3700000.0,1.0
1226,2,24,-46.0,-2.0,-66.0,3700000.0,1.0,gamma,140.0,point,isotropic,0.7,3700000.0,1.0
1227,3,24,-44.0,-2.0,-66.0,3700000.0,1.0,gamma,140.0,point,isotropic,0.7,3700000.0,1.0
1228,4,24,-42.0,-2.0,-66.0,3700000.0,1.0,gamma,140.0,point,isotropic,0.7,3700000.0,1.0
1229,5,24,-40.0,-2.0,-66.0,3700000.0,1.0,gamma,140.0,point,isotropic,0.7,3700000.0,1.0
1230,6,24,-38.0,-2.0,-66.0,3700000.0,1.0,gamma,140.0,point,isotropic,0.7,3700000.0,1.0
1231,7,24,-36.0,-2.0,-66.0,3700000.0,1.0,gamma,140.0,point,isotropic,0.7,3700000.0,1.0
1232,8,24,-34.0,-2.0,-66.0,3700000.0,1.0,gamma,140.0,point,isotropic,0.7,3700000.0,1.0
1233,9,24,-32.0,-2.0,-66.0,3700000.0,1.0,gamma,140.0,point,isotropic,0.7,3700000.0,1.0
1234,10,24,-30.0,-2.0,-66.0,3700000.0,1.0,gamma,140.0,point,isotropic,0.7,3700000.0,1.0
1235,11,24,-28.0,-2.0,-66.0,3700000.0,1.0,gamma,140.0,point,isotropic,0.7,3700000.0,1.0
1236,12,24,-26.0,-2.0,-66.0,3700000.0,1.0,gamma,140.0,point,isotropic,0.7,3700000.0,1.0
1237,13,24,-24.0,-2.0,-66.0,3700000.0,1.0,gamma,140.0,point,isotropic,0.7,3700000.0,1.0
1238,14,24,-22.0,-2.0,-66.0,3700000.0,1.0,gamma,140.0,point,isotropic,0.7,3700000.0,1.0
1239,15,24,-20.0,-2.0,-66.0,3700000.0,1.0,gamma,140.0,point,isotropic,0.7,3700000.0,1.0
1240,16,24,-18.0,-2.0,-66.0,3700000.0,1.0,gamma,140.0,point,isotropic,0.7,3700000.0,1.0
1241,17,24,-16.0,-2.0,-66.0,3700000.0,1.0,gamma,140.0,point,isotropic,0.7,3700000.0,1.0
1242,18,24,-14.0,-2.0,-66.0,3700000.0,1.0,gamma,140.0,point,isotropic,0.7,3700000.0,1.0
1243,19,24,-12.0,-2.0,-66.0,3700000.0,1.0,gamma,140.0,point,isotropic,0.7,3700000.0,1.0
1244,20,24,-10.0,-2.0,-66.0,3700000.0,1.0,gamma,140.0,point,isotropic,0.7,3700000.0,1.0
1245,21,24,-8.0,-2.0,-66.0,3700000.0,1.0,gamma,140.0,point,isotropic,0.7,3700000.0,1.0
1246,22,24,-6.0,-2.0,-66.0,3700000.0,1.0,gamma,140.0,point,isotropic,0.7,3700000.0,1.0
1247,23,24,-4.0,-2.0,-66.0,3700000.0,1.0,gamma,140.0,point,isotropic,0.7,3700000.0,1.0
1248,24,24,-2.0,-2.0,-66.0,3700000.0,1.0,gamma,140.0,point,isotropic,0.7,3700000.0,1.0
1249,25,24,0.0,-2.0,-66.0,3700000.0,1.0,gamma,140.0,point,isotropic,0.7,3700000.0,1.0
1250,26,24,2.0,-2.0,-66.0,3700000.0,1.0,gamma,140.0,point,isotropic,0.7,3700000.0,1.0
1251,27,24,4.0,-2.0,-66.0,3700000.0,1.0,gamma,140.0,point,isotropic,0.7,3700000.0,1.0
1252,28,24,6.0,-2.0,-66.0,3700000.0,1.0,gamma,140.0,point,isotropic,0.7,3700000.0,1.0
1253,29,24,8.0,-2.0,-66.0,3700000.0,1.0,gamma,140.0,point,isotropic,0.7,3700000.0,1.0
1254,30,24,10.0,-2.0,-66.0,3700000.0,1.0,gamma,140.0,point,isotropic,0.7,3700000.0,1.0
1255,31,24,12.0,-2.0,-66.0,3700000.0,1.0,gamma,140.0,point,isotropic,0.7,3700000.0,1.0
1256,32,24,14.0,-2.0,-66.0,3700000.0,1.0,gamma,140.0,point,isotropic,0.7,3700000.0,1.0
1257,33,24,16.0,-2.0,-66.0,3700000.0,1.0,gamma,140.0,point,isotropic,0.7,3700000.0,1.0
1258,34,24,18.0,-2.0,-66.0,3700000.0,1.0,gamma,140.0,point,isotropic,0.7,3700000.0,1.0
1259,35,24,20.0,-2.0,-66.0,3700000.0,1.0,gamma,140.0,point,isotropic,0.7,3700000.0,1.0
1260,36,24,22.0,-2.0,-66.0,3700000.0,1.0,gamma,140.0,point,isotropic,0.7,3700000.0,1.0
1261,37,24,24.0,-2.0,-66.0,3700000.0,1.0,gamma,140.0,point,isotropic,0.7,3700000.0,1.0
1262,38,24,26.0,-2.0,-66.0,3700000.0,1.0,gamma,140.0,point,isotropic,0.7,3700000.0,1.0
1263,39,24,28.0,-2.0,-66.0,3700000.0,1.0,gamma,140.0,point,isotropic,0.7,3700000.0,1.0
1264,40,24,30.0,-2.0,-66.0,3700000.0,1.0,gamma,140.0,point,isotropic,0.7,3700000.0,1.0
1265,41,24,32.0,-2.0,-66.0,3700000.0,1.0,gamma,140.0,point,isotropic,0.7,3700000.0,1.0
1266,42,24,34.0,-2.0,-66.0,3700000.0,1.0,gamma,140.0,point,isotropic,0.7,3700000.0,1.0
1267,43,24,36.0,-2.0,-66.0,3700000.0,1.0,gamma,140.0,point,isotropic,0.7,3700000.0,1.0
1268,44,24,38.0,-2.0,-66.0,3700000.0,1.0,gamma,140.0,point,isotropic,0.7,3700000.0,1.0
1269,45,24,40.0,-2.0,-66.0,3700000.0,1.0,gamma,140.0,point,isotropic,0.7,3700000.0,1.0
1270,46,24,42.0,-2.0,-66.0,3700000.0,1.0,gamma,140.0,point,isotropic,0.7,3700000.0,1.0
1271,47,24,44.0,-2.0,-66.0,3700000.0,1.0,gamma,140.0,point,isotropic,0.7,3700000.0,1.0
1272,48,24,46.0,-2.0,-66.0,3700000.0,1.0,gamma,140.0,point,isotropic,0.7,3700000.0,1.0
1273,49,24,48.0,-2.0,-66.0,3700000.0,1.0,gamma,140.0,point,isotropic,0.7,3700000.0,1.0
1274,50,24,50.0,-2.0,-66.0,3700000.0,1.0,gamma,140.0,point,isotropic,0.7,3700000.0,1.0
1275,0,25,-50.0,0.0,-66.0,3700000.0,1.0,gamma,140.0,point,isotropic,0.7,3700000.0,1.0
1276,1,25,-48.0,0.0,-66.0,3700000.0,1.0,gamma,140.0,point,isotropic,0.7,3700000.0,1.0
1277,2,25,-46.0,0.0,-66.0,3700000.0,1.0,gamma,140.0,point,isotropic,0.7,3700000.0,1.0
1278,3,25,-44.0,0.0,-66.0,3700000.0,1.0,gamma,140.0,point,isotropic,0.7,3700000.0,1.0
1279,4,25,-42.0,0.0,-66.0,3700000.0,1.0,gamma,140.0,point,isotropic,0.7,3700000.0,1.0
1280,5,25,-40.0,0.0,-66.0,3700000.0,1.0,gamma,140.0,point,isotropic,0.7,3700000.0,1.0
1281,6,25,-38.0,0.0,-66.0,3700000.0,1.0,gamma,140.0,point,isotropic,0.7,3700000.0,1.0
1282,7,25,-36.0,0.0,-66.0,3700000.0,1.0,gamma,140.0,point,isotropic,0.7,3700000.0,1.0
1283,8,25,-34.0,0.0,-66.0,3700000.0,1.0,gamma,140.0,point,isotropic,0.7,3700000.0,1.0
1284,9,25,-32.0,0.0,-66.0,3700000.0,1.0,gamma,140.0,point,isotropic,0.7,3700000.0,1.0
1285,10,25,-30.0,0.0,-66.0,3700000.0,1.0,gamma,140.0,point,isotropic,0.7,3700000.0,1.0
1286,11,25,-28.0,0.0,-66.0,3700000.0,1.0,gamma,140.0,point,isotropic,0.7,3700000.0,1.0
1287,12,25,-26.0,0.0,-66.0,3700000.0,1.0,gamma,140.0,point,isotropic,0.7,3700000.0,1.0
1288,13,25,-24.0,0.0,-66.0,3700000.0,1.0,gamma,140.0,point,isotropic,0.7,3700000.0,1.0
1289,14,25,-22.0,0.0,-66.0,3700000.0,1.0,gamma,140.0,point,isotropic,0.7,3700000.0,1.0
1290,15,25,-20.0,0.0,-66.0,3700000.0,1.0,gamma,140.0,point,isotropic,0.7,3700000.0,1.0
1291,16,25,-18.0,0.0,-66.0,3700000.0,1.0,gamma,140.0,point,isotropic,0.7,3700000.0,1.0
1292,17,25,-16.0,0.0,-66.0,3700000.0,1.0,gamma,140.0,point,isotropic,0.7,3700000.0,1.0
1293,18,25,-14.0,0.0,-66.0,3700000.0,1.0,gamma,140.0,point,isotropic,0.7,3700000.0,1.0
1294,19,25,-12.0,0.0,-66.0,3700000.0,1.0,gamma,140.0,point,isotropic,0.7,3700000.0,1.0
1295,20,25,-10.0,0.0,-66.0,3700000.0,1.0,gamma,140.0,point,isotropic,0.7,3700000.0,1.0
1296,21,25,-8.0,0.0,-66.0,3700000.0,1.0,gamma,140.0,point,isotropic,0.7,3700000.0,1.0
1297,22,25,-6.0,0.0,-66.0,3700000.0,1.0,gamma,140.0,point,isotropic,0.7,3700000.0,1.0
1298,23,25,-4.0,0.0,-66.0,3700000.0,1.0,gamma,140.0,point,isotropic,0.7,3700000.0,1.0
1299,24,25,-2.0,0.0,-66.0,3700000.0,1.0,gamma,140.0,point,isotropic,0.7,3700000.0,1.0
1300,25,25,0.0,0.0,-66.0,3700000.0,1.0,gamma,140.0,point,isotropic,0.7,3700000.0,1.0
1301,26,25,2.0,0.0,-66.0,3700000.0,1.0,gamma,140.0,point,isotropic,0.7,3700000.0,1.0
1302,27,25,4.0,0.0,-66.0,3700000.0,1.0,gamma,140.0,point,isotropic,0.7,3700000.0,1.0
1303,28,25,6.0,0.0,-66.0,3700000.0,1.0,gamma,140.0,point,isotropic,0.7,3700000.0,1.0
1304,29,25,8.0,0.0,-66.0,3700000.0,1.0,gamma,140.0,point,isotropic,0.7,3700000.0,1.0
1305,30,25,10.0,0.0,-66.0,3700000.0,1.0,gamma,140.0,point,isotropic,0.7,3700000.0,1.0
1306,31,25,12.0,0.0,-66.0,3700000.0,1.0,gamma,140.0,point,isotropic,0.7,3700000.0,1.0
1307,32,25,14.0,0.0,-66.0,3700000.0,1.0,gamma,140.0,point,isotropic,0.7,3700000.0,1.0
1308,33,25,16.0,0.0,-66.0,3700000.0,1.0,gamma,140.0,point,isotropic,0.7,3700000.0,1.0
1309,34,25,18.0,0.0,-66.0,3700000.0,1.0,gamma,140.0,point,isotropic,0.7,3700000.0,1.0
1310,35,25,20.0,0.0,-66.0,3700000.0,1.0,gamma,140.0,point,isotropic,0.7,3700000.0,1.0
1311,36,25,22.0,0.0,-66.0,3700000.0,1.0,gamma,140.0,point,isotropic,0.7,3700000.0,1.0
1312,37,25,24.0,0.0,-66.0,3700000.0,1.0,gamma,140.0,point,isotropic,0.7,3700000.0,1.0
1313,38,25,26.0,0.0,-66.0,3700000.0,1.0,gamma,140.0,point,isotropic,0.7,3700000.0,1.0
1314,39,25,28.0,0.0,-66.0,3700000.0,1.0,gamma,140.0,point,isotropic,0.7,3700000.0,1.0
1315,40,25,30.0,0.0,-66.0,3700000.0,1.0,gamma,140.0,point,isotropic,0.7,3700000.0,1.0
1316,41,25,32.0,0.0,-66.0,3700000.0,1.0,gamma,140.0,point,isotropic,0.7,3700000.0,1.0
1317,42,25,34.0,0.0,-66.0,3700000.0,1.0,gamma,140.0,point,isotropic,0.7,3700000.0,1.0
1318,43,25,36.0,0.0,-66.0,3700000.0,1.0,gamma,140.0,point,isotropic,0.7,3700000.0,1.0
1319,44,25,38.0,0.0,-66.0,3700000.0,1.0,gamma,140.0,point,isotropic,0.7,3700000.0,1.0
1320,45,25,40.0,0.0,-66.0,3700000.0,1.0,gamma,140.0,point,isotropic,0.7,3700000.0,1.0
1321,46,25,42.0,0.0,-66.0,3700000.0,1.0,gamma,140.0,point,isotropic,0.7,3700000.0,1.0
1322,47,25,44.0,0.0,-66.0,3700000.0,1.0,gamma,140.0,point,isotropic,0.7,3700000.0,1.0
1323,48,25,46.0,0.0,-66.0,3700000.0,1.0,gamma,140.0,point,isotropic,0.7,3700000.0,1.0
1324,49,25,48.0,0.0,-66.0,3700000.0,1.0,gamma,140.0,point,isotropic,0.7,3700000.0,1.0
1325,50,25,50.0,0.0,-66.0,3700000.0,1.0,gamma,140.0,point,isotropic,0.7,3700000.0,1.0
1326,0,26,-50.0,2.0,-66.0,3700000.0,1.0,gamma,140.0,point,isotropic,0.7,3700000.0,1.0
1327,1,26,-48.0,2.0,-66.0,3700000.0,1.0,gamma,140.0,point,isotropic,0.7,3700000.0,1.0
1328,2,26,-46.0,2.0,-66.0,3700000.0,1.0,gamma,140.0,point,isotropic,0.7,3700000.0,1.0
1329,3,26,-44.0,2.0,-66.0,3700000.0,1.0,gamma,140.0,point,isotropic,0.7,3700000.0,1.0
1330,4,26,-42.0,2.0,-66.0,3700000.0,1.0,gamma,140.0,point,isotropic,0.7,3700000.0,1.0
1331,5,26,-40.0,2.0,-66.0,3700000.0,1.0,gamma,140.0,point,isotropic,0.7,3700000.0,1.0
1332,6,26,-38.0,2.0,-66.0,3700000.0,1.0,gamma,140.0,point,isotropic,0.7,3700000.0,1.0
1333,7,26,-36.0,2.0,-66.0,3700000.0,1.0,gamma,140.0,point,isotropic,0.7,3700000.0,1.0
1334,8,26,-34.0,2.0,-66.0,3700000.0,1.0,gamma,140.0,point,isotropic,0.7,3700000.0,1.0
1335,9,26,-32.0,2.0,-66.0,3700000.0,1.0,gamma,140.0,point,isotropic,0.7,3700000.0,1.0
1336,10,26,-30.0,2.0,-66.0,3700000.0,1.0,gamma,140.0,point,isotropic,0.7,3700000.0,1.0
1337,11,26,-28.0,2.0,-66.0,3700000.0,1.0,gamma,140.0,point,isotropic,0.7,3700000.0,1.0
1338,12,26,-26.0,2.0,-66.0,3700000.0,1.0,gamma,140.0,point,isotropic,0.7,3700000.0,1.0
1339,13,26,-24.0,2.0,-66.0,3700000.0,1.0,gamma,140.0,point,isotropic,0.7,3700000.0,1.0
1340,14,26,-22.0,2.0,-66.0,3700000.0,1.0,gamma,140.0,point,isotropic,0.7,3700000.0,1.0
1341,15,26,-20.0,2.0,-66.0,3700000.0,1.0,gamma,140.0,point,isotropic,0.7,3700000.0,1.0
1342,16,26,-18.0,2.0,-66.0,3700000.0,1.0,gamma,140.0,point,isotropic,0.7,3700000.0,1.0
1343,17,26,-16.0,2.0,-66.0,3700000.0,1.0,gamma,140.0,point,isotropic,0.7,3700000.0,1.0
1344,18,26,-14.0,2.0,-66.0,3700000.0,1.0,gamma,140.0,point,isotropic,0.7,3700000.0,1.0
1345,19,26,-12.0,2.0,-66.0,3700000.0,1.0,gamma,140.0,point,isotropic,0.7,3700000.0,1.0
1346,20,26,-10.0,2.0,-66.0,3700000.0,1.0,gamma,140.0,point,isotropic,0.7,3700000.0,1.0
1347,21,26,-8.0,2.0,-66.0,3700000.0,1.0,gamma,140.0,point,isotropic,0.7,3700000.0,1.0
1348,22,26,-6.0,2.0,-66.0,3700000.0,1.0,gamma,140.0,point,isotropic,0.7,3700000.0,1.0
1349,23,26,-4.0,2.0,-66.0,3700000.0,1.0,gamma,140.0,point,isotropic,0.7,3700000.0,1.0
1350,24,26,-2.0,2.0,-66.0,3700000.0,1.0,gamma,140.0,point,isotropic,0.7,3700000.0,1.0
1351,25,26,0.0,2.0,-66.0,3700000.0,1.0,gamma,140.0,point,isotropic,0.7,3700000.0,1.0
1352,26,26,2.0,2.0,-66.0,3700000.0,1.0,gamma,140.0,point,isotropic,0.7,3700000.0,1.0
1353,27,26,4.0,2.0,-66.0,3700000.0,1.0,gamma,140.0,point,isotropic,0.7,3700000.0,1.0
1354,28,26,6.0,2.0,-66.0,3700000.0,1.0,gamma,140.0,point,isotropic,0.7,3700000.0,1.0
1355,29,26,8.0,2.0,-66.0,3700000.0,1.0,gamma,140.0,point,isotropic,0.7,3700000.0,1.0
1356,30,26,10.0,2.0,-66.0,3700000.0,1.0,gamma,140.0,point,isotropic,0.7,3700000.0,1.0
1357,31,26,12.0,2.0,-66.0,3700000.0,1.0,gamma,140.0,point,isotropic,0.7,3700000.0,1.0
1358,32,26,14.0,2.0,-66.0,3700000.0,1.0,gamma,140.0,point,isotropic,0.7,3700000.0,1.0
1359,33,26,16.0,2.0,-66.0,3700000.0,1.0,gamma,140.0,point,isotropic,0.7,3700000.0,1.0
1360,34,26,18.0,2.0,-66.0,3700000.0,1.0,gamma,140.0,point,isotropic,0.7,3700000.0,1.0
1361,35,26,20.0,2.0,-66.0,3700000.0,1.0,gamma,140.0,point,isotropic,0.7,3700000.0,1.0
1362,36,26,22.0,2.0,-66.0,3700000.0,1.0,gamma,140.0,point,isotropic,0.7,3700000.0,1.0
1363,37,26,24.0,2.0,-66.0,3700000.0,1.0,gamma,140.0,point,isotropic,0.7,3700000.0,1.0
1364,38,26,26.0,2.0,-66.0,3700000.0,1.0,gamma,140.0,point,isotropic,0.7,3700000.0,1.0
1365,39,26,28.0,2.0,-66.0,3700000.0,1.0,gamma,140.0,point,isotropic,0.7,3700000.0,1.0
1366,40,26,30.0,2.0,-66.0,3700000.0,1.0,gamma,140.0,point,isotropic,0.7,3700000.0,1.0
1367,41,26,32.0,2.0,-66.0,3700000.0,1.0,gamma,140.0,point,isotropic,0.7,3700000.0,1.0
1368,42,26,34.0,2.0,-66.0,3700000.0,1.0,gamma,140.0,point,isotropic,0.7,3700000.0,1.0
1369,43,26,36.0,2.0,-66.0,3700000.0,1.0,gamma,140.0,point,isotropic,0.7,3700000.0,1.0
1370,44,26,38.0,2.0,-66.0,3700000.0,1.0,gamma,140.0,point,isotropic,0.7,3700000.0,1.0
1371,45,26,40.0,2.0,-66.0,3700000.0,1.0,gamma,140.0,point,isotropic,0.7,3700000.0,1.0
1372,46,26,42.0,2.0,-66.0,3700000.0,1.0,gamma,140.0,point,isotropic,0.7,3700000.0,1.0
1373,47,26,44.0,2.0,-66.0,3700000.0,1.0,gamma,140.0,point,isotropic,0.7,3700000.0,1.0
1374,48,26,46.0,2.0,-66.0,3700000.0,1.0,gamma,140.0,point,isotropic,0.7,3700000.0,1.0
1375,49,26,48.0,2.0,-66.0,3700000.0,1.0,gamma,140.0,point,isotropic,0.7,3700000.0,1.0
1376,50,26,50.0,2.0,-66.0,3700000.0,1.0,gamma,140.0,point,isotropic,0.7,3700000.0,1.0
1377,0,27,-50.0,4.0,-66.0,3700000.0,1.0,gamma,140.0,point,isotropic,0.7,3700000.0,1.0
1378,1,27,-48.0,4.0,-66.0,3700000.0,1.0,gamma,140.0,point,isotropic,0.7,3700000.0,1.0
1379,2,27,-46.0,4.0,-66.0,3700000.0,1.0,gamma,140.0,point,isotropic,0.7,3700000.0,1.0
1380,3,27,-44.0,4.0,-66.0,3700000.0,1.0,gamma,140.0,point,isotropic,0.7,3700000.0,1.0
1381,4,27,-42.0,4.0,-66.0,3700000.0,1.0,gamma,140.0,point,isotropic,0.7,3700000.0,1.0
1382,5,27,-40.0,4.0,-66.0,3700000.0,1.0,gamma,140.0,point,isotropic,0.7,3700000.0,1.0
1383,6,27,-38.0,4.0,-66.0,3700000.0,1.0,gamma,140.0,point,isotropic,0.7,3700000.0,1.0
1384,7,27,-36.0,4.0,-66.0,3700000.0,1.0,gamma,140.0,point,isotropic,0.7,3700000.0,1.0
1385,8,27,-34.0,4.0,-66.0,3700000.0,1.0,gamma,140.0,point,isotropic,0.7,3700000.0,1.0
1386,9,27,-32.0,4.0,-66.0,3700000.0,1.0,gamma,140.0,point,isotropic,0.7,3700000.0,1.0
1387,10,27,-30.0,4.0,-66.0,3700000.0,1.0,gamma,140.0,point,isotropic,0.7,3700000.0,1.0
1388,11,27,-28.0,4.0,-66.0,3700000.0,1.0,gamma,140.0,point,isotropic,0.7,3700000.0,1.0
1389,12,27,-26.0,4.0,-66.0,3700000.0,1.0,gamma,140.0,point,isotropic,0.7,3700000.0,1.0
1390,13,27,-24.0,4.0,-66.0,3700000.0,1.0,gamma,140.0,point,isotropic,0.7,3700000.0,1.0
1391,14,27,-22.0,4.0,-66.0,3700000.0,1.0,gamma,140.0,point,isotropic,0.7,3700000.0,1.0
1392,15,27,-20.0,4.0,-66.0,3700000.0,1.0,gamma,140.0,point,isotropic,0.7,3700000.0,1.0
1393,16,27,-18.0,4.0,-66.0,3700000.0,1.0,gamma,140.0,point,isotropic,0.7,3700000.0,1.0
1394,17,27,-16.0,4.0,-66.0,3700000.0,1.0,gamma,140.0,point,isotropic,0.7,3700000.0,1.0
1395,18,27,-14.0,4.0,-66.0,3700000.0,1.0,gamma,140.0,point,isotropic,0.7,3700000.0,1.0
1396,19,27,-12.0,4.0,-66.0,3700000.0,1.0,gamma,140.0,point,isotropic,0.7,3700000.0,1.0
1397,20,27,-10.0,4.0,-66.0,3700000.0,1.0,gamma,140.0,point,isotropic,0.7,3700000.0,1.0
1398,21,27,-8.0,4.0,-66.0,3700000.0,1.0,gamma,140.0,point,isotropic,0.7,3700000.0,1.0
1399,22,27,-6.0,4.0,-66.0,3700000.0,1.0,gamma,140.0,point,isotropic,0.7,3700000.0,1.0
1400,23,27,-4.0,4.0,-66.0,3700000.0,1.0,gamma,140.0,point,isotropic,0.7,3700000.0,1.0
1401,24,27,-2.0,4.0,-66.0,3700000.0,1.0,gamma,140.0,point,isotropic,0.7,3700000.0,1.0
1402,25,27,0.0,4.0,-66.0,3700000.0,1.0,gamma,140.0,point,isotropic,0.7,3700000.0,1.0
1403,26,27,2.0,4.0,-66.0,3700000.0,1.0,gamma,140.0,point,isotropic,0.7,3700000.0,1.0
1404,27,27,4.0,4.0,-66.0,3700000.0,1.0,gamma,140.0,point,isotropic,0.7,3700000.0,1.0
1405,28,27,6.0,4.0,-66.0,3700000.0,1.0,gamma,140.0,point,isotropic,0.7,3700000.0,1.0
1406,29,27,8.0,4.0,-66.0,3700000.0,1.0,gamma,140.0,point,isotropic,0.7,3700000.0,1.0
1407,30,27,10.0,4.0,-66.0,3700000.0,1.0,gamma,140.0,point,isotropic,0.7,3700000.0,1.0
1408,31,27,12.0,4.0,-66.0,3700000.0,1.0,gamma,140.0,point,isotropic,0.7,3700000.0,1.0
1409,32,27,14.0,4.0,-66.0,3700000.0,1.0,gamma,140.0,point,isotropic,0.7,3700000.0,1.0
1410,33,27,16.0,4.0,-66.0,3700000.0,1.0,gamma,140.0,point,isotropic,0.7,3700000.0,1.0
1411,34,27,18.0,4.0,-66.0,3700000.0,1.0,gamma,140.0,point,isotropic,0.7,3700000.0,1.0
1412,35,27,20.0,4.0,-66.0,3700000.0,1.0,gamma,140.0,point,isotropic,0.7,3700000.0,1.0
1413,36,27,22.0,4.0,-66.0,3700000.0,1.0,gamma,140.0,point,isotropic,0.7,3700000.0,1.0
1414,37,27,24.0,4.0,-66.0,3700000.0,1.0,gamma,140.0,point,isotropic,0.7,3700000.0,1.0
1415,38,27,26.0,4.0,-66.0,3700000.0,1.0,gamma,140.0,point,isotropic,0.7,3700000.0,1.0
1416,39,27,28.0,4.0,-66.0,3700000.0,1.0,gamma,140.0,point,isotropic,0.7,3700000.0,1.0
1417,40,27,30.0,4.0,-66.0,3700000.0,1.0,gamma,140.0,point,isotropic,0.7,3700000.0,1.0
1418,41,27,32.0,4.0,-66.0,3700000.0,1.0,gamma,140.0,point,isotropic,0.7,3700000.0,1.0
1419,42,27,34.0,4.0,-66.0,3700000.0,1.0,gamma,140.0,point,isotropic,0.7,3700000.0,1.0
1420,43,27,36.0,4.0,-66.0,3700000.0,1.0,gamma,140.0,point,isotropic,0.7,3700000.0,1.0
1421,44,27,38.0,4.0,-66.0,3700000.0,1.0,gamma,140.0,point,isotropic,0.7,3700000.0,1.0
1422,45,27,40.0,4.0,-66.0,3700000.0,1.0,gamma,140.0,point,isotropic,0.7,3700000.0,1.0
1423,46,27,42.0,4.0,-66.0,3700000.0,1.0,gamma,140.0,point,isotropic,0.7,3700000.0,1.0
1424,47,27,44.0,4.0,-66.0,3700000.0,1.0,gamma,140.0,point,isotropic,0.7,3700000.0,1.0
1425,48,27,46.0,4.0,-66.0,3700000.0,1.0,gamma,140.0,point,isotropic,0.7,3700000.0,1.0
1426,49,27,48.0,4.0,-66.0,3700000.0,1.0,gamma,140.0,point,isotropic,0.7,3700000.0,1.0
1427,50,27,50.0,4.0,-66.0,3700000.0,1.0,gamma,140.0,point,isotropic,0.7,3700000.0,1.0
1428,0,28,-50.0,6.0,-66.0,3700000.0,1.0,gamma,140.0,point,isotropic,0.7,3700000.0,1.0
1429,1,28,-48.0,6.0,-66.0,3700000.0,1.0,gamma,140.0,point,isotropic,0.7,3700000.0,1.0
1430,2,28,-46.0,6.0,-66.0,3700000.0,1.0,gamma,140.0,point,isotropic,0.7,3700000.0,1.0
1431,3,28,-44.0,6.0,-66.0,3700000.0,1.0,gamma,140.0,point,isotropic,0.7,3700000.0,1.0
1432,4,28,-42.0,6.0,-66.0,3700000.0,1.0,gamma,140.0,point,isotropic,0.7,3700000.0,1.0
1433,5,28,-40.0,6.0,-66.0,3700000.0,1.0,gamma,140.0,point,isotropic,0.7,3700000.0,1.0
1434,6,28,-38.0,6.0,-66.0,3700000.0,1.0,gamma,140.0,point,isotropic,0.7,3700000.0,1.0
1435,7,28,-36.0,6.0,-66.0,3700000.0,1.0,gamma,140.0,point,isotropic,0.7,3700000.0,1.0
1436,8,28,-34.0,6.0,-66.0,3700000.0,1.0,gamma,140.0,point,isotropic,0.7,3700000.0,1.0
1437,9,28,-32.0,6.0,-66.0,3700000.0,1.0,gamma,140.0,point,isotropic,0.7,3700000.0,1.0
1438,10,28,-30.0,6.0,-66.0,3700000.0,1.0,gamma,140.0,point,isotropic,0.7,3700000.0,1.0
1439,11,28,-28.0,6.0,-66.0,3700000.0,1.0,gamma,140.0,point,isotropic,0.7,3700000.0,1.0
1440,12,28,-26.0,6.0,-66.0,3700000.0,1.0,gamma,140.0,point,isotropic,0.7,3700000.0,1.0
1441,13,28,-24.0,6.0,-66.0,3700000.0,1.0,gamma,140.0,point,isotropic,0.7,3700000.0,1.0
1442,14,28,-22.0,6.0,-66.0,3700000.0,1.0,gamma,140.0,point,isotropic,0.7,3700000.0,1.0
1443,15,28,-20.0,6.0,-66.0,3700000.0,1.0,gamma,140.0,point,isotropic,0.7,3700000.0,1.0
1444,16,28,-18.0,6.0,-66.0,3700000.0,1.0,gamma,140.0,point,isotropic,0.7,3700000.0,1.0
1445,17,28,-16.0,6.0,-66.0,3700000.0,1.0,gamma,140.0,point,isotropic,0.7,3700000.0,1.0
1446,18,28,-14.0,6.0,-66.0,3700000.0,1.0,gamma,140.0,point,isotropic,0.7,3700000.0,1.0
1447,19,28,-12.0,6.0,-66.0,3700000.0,1.0,gamma,140.0,point,isotropic,0.7,3700000.0,1.0
1448,20,28,-10.0,6.0,-66.0,3700000.0,1.0,gamma,140.0,point,isotropic,0.7,3700000.0,1.0
1449,21,28,-8.0,6.0,-66.0,3700000.0,1.0,gamma,140.0,point,isotropic,0.7,3700000.0,1.0
1450,22,28,-6.0,6.0,-66.0,3700000.0,1.0,gamma,140.0,point,isotropic,0.7,3700000.0,1.0
1451,23,28,-4.0,6.0,-66.0,3700000.0,1.0,gamma,140.0,point,isotropic,0.7,3700000.0,1.0
1452,24,28,-2.0,6.0,-66.0,3700000.0,1.0,gamma,140.0,point,isotropic,0.7,3700000.0,1.0
1453,25,28,0.0,6.0,-66.0,3700000.0,1.0,gamma,140.0,point,isotropic,0.7,3700000.0,1.0
1454,26,28,2.0,6.0,-66.0,3700000.0,1.0,gamma,140.0,point,isotropic,0.7,3700000.0,1.0
1455,27,28,4.0,6.0,-66.0,3700000.0,1.0,gamma,140.0,point,isotropic,0.7,3700000.0,1.0
1456,28,28,6.0,6.0,-66.0,3700000.0,1.0,gamma,140.0,point,isotropic,0.7,3700000.0,1.0
1457,29,28,8.0,6.0,-66.0,3700000.0,1.0,gamma,140.0,point,isotropic,0.7,3700000.0,1.0
1458,30,28,10.0,6.0,-66.0,3700000.0,1.0,gamma,140.0,point,isotropic,0.7,3700000.0,1.0
1459,31,28,12.0,6.0,-66.0,3700000.0,1.0,gamma,140.0,point,isotropic,0.7,3700000.0,1.0
1460,32,28,14.0,6.0,-66.0,3700000.0,1.0,gamma,140.0,point,isotropic,0.7,3700000.0,1.0
1461,33,28,16.0,6.0,-66.0,3700000.0,1.0,gamma,140.0,point,isotropic,0.7,3700000.0,1.0
1462,34,28,18.0,6.0,-66.0,3700000.0,1.0,gamma,140.0,point,isotropic,0.7,3700000.0,1.0
1463,35,28,20.0,6.0,-66.0,3700000.0,1.0,gamma,140.0,point,isotropic,0.7,3700000.0,1.0
1464,36,28,22.0,6.0,-66.0,3700000.0,1.0,gamma,140.0,point,isotropic,0.7,3700000.0,1.0
1465,37,28,24.0,6.0,-66.0,3700000.0,1.0,gamma,140.0,point,isotropic,0.7,3700000.0,1.0
1466,38,28,26.0,6.0,-66.0,3700000.0,1.0,gamma,140.0,point,isotropic,0.7,3700000.0,1.0
1467,39,28,28.0,6.0,-66.0,3700000.0,1.0,gamma,140.0,point,isotropic,0.7,3700000.0,1.0
1468,40,28,30.0,6.0,-66.0,3700000.0,1.0,gamma,140.0,point,isotropic,0.7,3700000.0,1.0
1469,41,28,32.0,6.0,-66.0,3700000.0,1.0,gamma,140.0,point,isotropic,0.7,3700000.0,1.0
1470,42,28,34.0,6.0,-66.0,3700000.0,1.0,gamma,140.0,point,isotropic,0.7,3700000.0,1.0
1471,43,28,36.0,6.0,-66.0,3700000.0,1.0,gamma,140.0,point,isotropic,0.7,3700000.0,1.0
1472,44,28,38.0,6.0,-66.0,3700000.0,1.0,gamma,140.0,point,isotropic,0.7,3700000.0,1.0
1473,45,28,40.0,6.0,-66.0,3700000.0,1.0,gamma,140.0,point,isotropic,0.7,3700000.0,1.0
1474,46,28,42.0,6.0,-66.0,3700000.0,1.0,gamma,140.0,point,isotropic,0.7,3700000.0,1.0
1475,47,28,44.0,6.0,-66.0,3700000.0,1.0,gamma,140.0,point,isotropic,0.7,3700000.0,1.0
1476,48,28,46.0,6.0,-66.0,3700000.0,1.0,gamma,140.0,point,isotropic,0.7,3700000.0,1.0
1477,49,28,48.0,6.0,-66.0,3700000.0,1.0,gamma,140.0,point,isotropic,0.7,3700000.0,1.0
1478,50,28,50.0,6.0,-66.0,3700000.0,1.0,gamma,140.0,point,isotropic,0.7,3700000.0,1.0
1479,0,29,-50.0,8.0,-66.0,3700000.0,1.0,gamma,140.0,point,isotropic,0.7,3700000.0,1.0
1480,1,29,-48.0,8.0,-66.0,3700000.0,1.0,gamma,140.0,point,isotropic,0.7,3700000.0,1.0
1481,2,29,-46.0,8.0,-66.0,3700000.0,1.0,gamma,140.0,point,isotropic,0.7,3700000.0,1.0
1482,3,29,-44.0,8.0,-66.0,3700000.0,1.0,gamma,140.0,point,isotropic,0.7,3700000.0,1.0
1483,4,29,-42.0,8.0,-66.0,3700000.0,1.0,gamma,140.0,point,isotropic,0.7,3700000.0,1.0
1484,5,29,-40.0,8.0,-66.0,3700000.0,1.0,gamma,140.0,point,isotropic,0.7,3700000.0,1.0
1485,6,29,-38.0,8.0,-66.0,3700000.0,1.0,gamma,140.0,point,isotropic,0.7,3700000.0,1.0
1486,7,29,-36.0,8.0,-66.0,3700000.0,1.0,gamma,140.0,point,isotropic,0.7,3700000.0,1.0
1487,8,29,-34.0,8.0,-66.0,3700000.0,1.0,gamma,140.0,point,isotropic,0.7,3700000.0,1.0
1488,9,29,-32.0,8.0,-66.0,3700000.0,1.0,gamma,140.0,point,isotropic,0.7,3700000.0,1.0
1489,10,29,-30.0,8.0,-66.0,3700000.0,1.0,gamma,140.0,point,isotropic,0.7,3700000.0,1.0
1490,11,29,-28.0,8.0,-66.0,3700000.0,1.0,gamma,140.0,point,isotropic,0.7,3700000.0,1.0
1491,12,29,-26.0,8.0,-66.0,3700000.0,1.0,gamma,140.0,point,isotropic,0.7,3700000.0,1.0
1492,13,29,-24.0,8.0,-66.0,3700000.0,1.0,gamma,140.0,point,isotropic,0.7,3700000.0,1.0
1493,14,29,-22.0,8.0,-66.0,3700000.0,1.0,gamma,140.0,point,isotropic,0.7,3700000.0,1.0
1494,15,29,-20.0,8.0,-66.0,3700000.0,1.0,gamma,140.0,point,isotropic,0.7,3700000.0,1.0
1495,16,29,-18.0,8.0,-66.0,3700000.0,1.0,gamma,140.0,point,isotropic,0.7,3700000.0,1.0
1496,17,29,-16.0,8.0,-66.0,3700000.0,1.0,gamma,140.0,point,isotropic,0.7,3700000.0,1.0
1497,18,29,-14.0,8.0,-66.0,3700000.0,1.0,gamma,140.0,point,isotropic,0.7,3700000.0,1.0
1498,19,29,-12.0,8.0,-66.0,3700000.0,1.0,gamma,140.0,point,isotropic,0.7,3700000.0,1.0
1499,20,29,-10.0,8.0,-66.0,3700000.0,1.0,gamma,140.0,point,isotropic,0.7,3700000.0,1.0
1500,21,29,-8.0,8.0,-66.0,3700000.0,1.0,gamma,140.0,point,isotropic,0.7,3700000.0,1.0
1501,22,29,-6.0,8.0,-66.0,3700000.0,1.0,gamma,140.0,point,isotropic,0.7,3700000.0,1.0
1502,23,29,-4.0,8.0,-66.0,3700000.0,1.0,gamma,140.0,point,isotropic,0.7,3700000.0,1.0
1503,24,29,-2.0,8.0,-66.0,3700000.0,1.0,gamma,140.0,point,isotropic,0.7,3700000.0,1.0
1504,25,29,0.0,8.0,-66.0,3700000.0,1.0,gamma,140.0,point,isotropic,0.7,3700000.0,1.0
1505,26,29,2.0,8.0,-66.0,3700000.0,1.0,gamma,140.0,point,isotropic,0.7,3700000.0,1.0
1506,27,29,4.0,8.0,-66.0,3700000.0,1.0,gamma,140.0,point,isotropic,0.7,3700000.0,1.0
1507,28,29,6.0,8.0,-66.0,3700000.0,1.0,gamma,140.0,point,isotropic,0.7,3700000.0,1.0
1508,29,29,8.0,8.0,-66.0,3700000.0,1.0,gamma,140.0,point,isotropic,0.7,3700000.0,1.0
1509,30,29,10.0,8.0,-66.0,3700000.0,1.0,gamma,140.0,point,isotropic,0.7,3700000.0,1.0
1510,31,29,12.0,8.0,-66.0,3700000.0,1.0,gamma,140.0,point,isotropic,0.7,3700000.0,1.0
1511,32,29,14.0,8.0,-66.0,3700000.0,1.0,gamma,140.0,point,isotropic,0.7,3700000.0,1.0
1512,33,29,16.0,8.0,-66.0,3700000.0,1.0,gamma,140.0,point,isotropic,0.7,3700000.0,1.0
1513,34,29,18.0,8.0,-66.0,3700000.0,1.0,gamma,140.0,point,isotropic,0.7,3700000.0,1.0
1514,35,29,20.0,8.0,-66.0,3700000.0,1.0,gamma,140.0,point,isotropic,0.7,3700000.0,1.0
1515,36,29,22.0,8.0,-66.0,3700000.0,1.0,gamma,140.0,point,isotropic,0.7,3700000.0,1.0
1516,37,29,24.0,8.0,-66.0,3700000.0,1.0,gamma,140.0,point,isotropic,0.7,3700000.0,1.0
1517,38,29,26.0,8.0,-66.0,3700000.0,1.0,gamma,140.0,point,isotropic,0.7,3700000.0,1.0
1518,39,29,28.0,8.0,-66.0,3700000.0,1.0,gamma,140.0,point,isotropic,0.7,3700000.0,1.0
1519,40,29,30.0,8.0,-66.0,3700000.0,1.0,gamma,140.0,point,isotropic,0.7,3700000.0,1.0
1520,41,29,32.0,8.0,-66.0,3700000.0,1.0,gamma,140.0,point,isotropic,0.7,3700000.0,1.0
1521,42,29,34.0,8.0,-66.0,3700000.0,1.0,gamma,140.0,point,isotropic,0.7,3700000.0,1.0
1522,43,29,36.0,8.0,-66.0,3700000.0,1.0,gamma,140.0,point,isotropic,0.7,3700000.0,1.0
1523,44,29,38.0,8.0,-66.0,3700000.0,1.0,gamma,140.0,point,isotropic,0.7,3700000.0,1.0
1524,45,29,40.0,8.0,-66.0,3700000.0,1.0,gamma,140.0,point,isotropic,0.7,3700000.0,1.0
1525,46,29,42.0,8.0,-66.0,3700000.0,1.0,gamma,140.0,point,isotropic,0.7,3700000.0,1.0
1526,47,29,44.0,8.0,-66.0,3700000.0,1.0,gamma,140.0,point,isotropic,0.7,3700000.0,1.0
1527,48,29,46.0,8.0,-66.0,3700000.0,1.0,gamma,140.0,point,isotropic,0.7,3700000.0,1.0
1528,49,29,48.0,8.0,-66.0,3700000.0,1.0,gamma,140.0,point,isotropic,0.7,3700000.0,1.0
1529,50,29,50.0,8.0,-66.0,3700000.0,1.0,gamma,140.0,point,isotropic,0.7,3700000.0,1.0
1530,0,30,-50.0,10.0,-66.0,3700000.0,1.0,gamma,140.0,point,isotropic,0.7,3700000.0,1.0
1531,1,30,-48.0,10.0,-66.0,3700000.0,1.0,gamma,140.0,point,isotropic,0.7,3700000.0,1.0
1532,2,30,-46.0,10.0,-66.0,3700000.0,1.0,gamma,140.0,point,isotropic,0.7,3700000.0,1.0
1533,3,30,-44.0,10.0,-66.0,3700000.0,1.0,gamma,140.0,point,isotropic,0.7,3700000.0,1.0
1534,4,30,-42.0,10.0,-66.0,3700000.0,1.0,gamma,140.0,point,isotropic,0.7,3700000.0,1.0
1535,5,30,-40.0,10.0,-66.0,3700000.0,1.0,gamma,140.0,point,isotropic,0.7,3700000.0,1.0
1536,6,30,-38.0,10.0,-66.0,3700000.0,1.0,gamma,140.0,point,isotropic,0.7,3700000.0,1.0
1537,7,30,-36.0,10.0,-66.0,3700000.0,1.0,gamma,140.0,point,isotropic,0.7,3700000.0,1.0
1538,8,30,-34.0,10.0,-66.0,3700000.0,1.0,gamma,140.0,point,isotropic,0.7,3700000.0,1.0
1539,9,30,-32.0,10.0,-66.0,3700000.0,1.0,gamma,140.0,point,isotropic,0.7,3700000.0,1.0
1540,10,30,-30.0,10.0,-66.0,3700000.0,1.0,gamma,140.0,point,isotropic,0.7,3700000.0,1.0
1541,11,30,-28.0,10.0,-66.0,3700000.0,1.0,gamma,140.0,point,isotropic,0.7,3700000.0,1.0
1542,12,30,-26.0,10.0,-66.0,3700000.0,1.0,gamma,140.0,point,isotropic,0.7,3700000.0,1.0
1543,13,30,-24.0,10.0,-66.0,3700000.0,1.0,gamma,140.0,point,isotropic,0.7,3700000.0,1.0
1544,14,30,-22.0,10.0,-66.0,3700000.0,1.0,gamma,140.0,point,isotropic,0.7,3700000.0,1.0
1545,15,30,-20.0,10.0,-66.0,3700000.0,1.0,gamma,140.0,point,isotropic,0.7,3700000.0,1.0
1546,16,30,-18.0,10.0,-66.0,3700000.0,1.0,gamma,140.0,point,isotropic,0.7,3700000.0,1.0
1547,17,30,-16.0,10.0,-66.0,3700000.0,1.0,gamma,140.0,point,isotropic,0.7,3700000.0,1.0
1548,18,30,-14.0,10.0,-66.0,3700000.0,1.0,gamma,140.0,point,isotropic,0.7,3700000.0,1.0
1549,19,30,-12.0,10.0,-66.0,3700000.0,1.0,gamma,140.0,point,isotropic,0.7,3700000.0,1.0
1550,20,30,-10.0,10.0,-66.0,3700000.0,1.0,gamma,140.0,point,isotropic,0.7,3700000.0,1.0
1551,21,30,-8.0,10.0,-66.0,3700000.0,1.0,gamma,140.0,point,isotropic,0.7,3700000.0,1.0
1552,22,30,-6.0,10.0,-66.0,3700000.0,1.0,gamma,140.0,point,isotropic,0.7,3700000.0,1.0
1553,23,30,-4.0,10.0,-66.0,3700000.0,1.0,gamma,140.0,point,isotropic,0.7,3700000.0,1.0
1554,24,30,-2.0,10.0,-66.0,3700000.0,1.0,gamma,140.0,point,isotropic,0.7,3700000.0,1.0
1555,25,30,0.0,10.0,-66.0,3700000.0,1.0,gamma,140.0,point,isotropic,0.7,3700000.0,1.0
1556,26,30,2.0,10.0,-66.0,3700000.0,1.0,gamma,140.0,point,isotropic,0.7,3700000.0,1.0
1557,27,30,4.0,10.0,-66.0,3700000.0,1.0,gamma,140.0,point,isotropic,0.7,3700000.0,1.0
1558,28,30,6.0,10.0,-66.0,3700000.0,1.0,gamma,140.0,point,isotropic,0.7,3700000.0,1.0
1559,29,30,8.0,10.0,-66.0,3700000.0,1.0,gamma,140.0,point,isotropic,0.7,3700000.0,1.0
1560,30,30,10.0,10.0,-66.0,3700000.0,1.0,gamma,140.0,point,isotropic,0.7,3700000.0,1.0
1561,31,30,12.0,10.0,-66.0,3700000.0,1.0,gamma,140.0,point,isotropic,0.7,3700000.0,1.0
1562,32,30,14.0,10.0,-66.0,3700000.0,1.0,gamma,140.0,point,isotropic,0.7,3700000.0,1.0
1563,33,30,16.0,10.0,-66.0,3700000.0,1.0,gamma,140.0,point,isotropic,0.7,3700000.0,1.0
1564,34,30,18.0,10.0,-66.0,3700000.0,1.0,gamma,140.0,point,isotropic,0.7,3700000.0,1.0
1565,35,30,20.0,10.0,-66.0,3700000.0,1.0,gamma,140.0,point,isotropic,0.7,3700000.0,1.0
1566,36,30,22.0,10.0,-66.0,3700000.0,1.0,gamma,140.0,point,isotropic,0.7,3700000.0,1.0
1567,37,30,24.0,10.0,-66.0,3700000.0,1.0,gamma,140.0,point,isotropic,0.7,3700000.0,1.0
1568,38,30,26.0,10.0,-66.0,3700000.0,1.0,gamma,140.0,point,isotropic,0.7,3700000.0,1.0
1569,39,30,28.0,10.0,-66.0,3700000.0,1.0,gamma,140.0,point,isotropic,0.7,3700000.0,1.0
1570,40,30,30.0,10.0,-66.0,3700000.0,1.0,gamma,140.0,point,isotropic,0.7,3700000.0,1.0
1571,41,30,32.0,10.0,-66.0,3700000.0,1.0,gamma,140.0,point,isotropic,0.7,3700000.0,1.0
1572,42,30,34.0,10.0,-66.0,3700000.0,1.0,gamma,140.0,point,isotropic,0.7,3700000.0,1.0
1573,43,30,36.0,10.0,-66.0,3700000.0,1.0,gamma,140.0,point,isotropic,0.7,3700000.0,1.0
1574,44,30,38.0,10.0,-66.0,3700000.0,1.0,gamma,140.0,point,isotropic,0.7,3700000.0,1.0
1575,45,30,40.0,10.0,-66.0,3700000.0,1.0,gamma,140.0,point,isotropic,0.7,3700000.0,1.0
1576,46,30,42.0,10.0,-66.0,3700000.0,1.0,gamma,140.0,point,isotropic,0.7,3700000.0,1.0
1577,47,30,44.0,10.0,-66.0,3700000.0,1.0,gamma,140.0,point,isotropic,0.7,3700000.0,1.0
1578,48,30,46.0,10.0,-66.0,3700000.0,1.0,gamma,140.0,point,isotropic,0.7,3700000.0,1.0
1579,49,30,48.0,10.0,-66.0,3700000.0,1.0,gamma,140.0,point,isotropic,0.7,3700000.0,1.0
1580,50,30,50.0,10.0,-66.0,3700000.0,1.0,gamma,140.0,point,isotropic,0.7,3700000.0,1.0
1581,0,31,-50.0,12.0,-66.0,3700000.0,1.0,gamma,140.0,point,isotropic,0.7,3700000.0,1.0
1582,1,31,-48.0,12.0,-66.0,3700000.0,1.0,gamma,140.0,point,isotropic,0.7,3700000.0,1.0
1583,2,31,-46.0,12.0,-66.0,3700000.0,1.0,gamma,140.0,point,isotropic,0.7,3700000.0,1.0
1584,3,31,-44.0,12.0,-66.0,3700000.0,1.0,gamma,140.0,point,isotropic,0.7,3700000.0,1.0
1585,4,31,-42.0,12.0,-66.0,3700000.0,1.0,gamma,140.0,point,isotropic,0.7,3700000.0,1.0
1586,5,31,-40.0,12.0,-66.0,3700000.0,1.0,gamma,140.0,point,isotropic,0.7,3700000.0,1.0
1587,6,31,-38.0,12.0,-66.0,3700000.0,1.0,gamma,140.0,point,isotropic,0.7,3700000.0,1.0
1588,7,31,-36.0,12.0,-66.0,3700000.0,1.0,gamma,140.0,point,isotropic,0.7,3700000.0,1.0
1589,8,31,-34.0,12.0,-66.0,3700000.0,1.0,gamma,140.0,point,isotropic,0.7,3700000.0,1.0
1590,9,31,-32.0,12.0,-66.0,3700000.0,1.0,gamma,140.0,point,isotropic,0.7,3700000.0,1.0
1591,10,31,-30.0,12.0,-66.0,3700000.0,1.0,gamma,140.0,point,isotropic,0.7,3700000.0,1.0
1592,11,31,-28.0,12.0,-66.0,3700000.0,1.0,gamma,140.0,point,isotropic,0.7,3700000.0,1.0
1593,12,31,-26.0,12.0,-66.0,3700000.0,1.0,gamma,140.0,point,isotropic,0.7,3700000.0,1.0
1594,13,31,-24.0,12.0,-66.0,3700000.0,1.0,gamma,140.0,point,isotropic,0.7,3700000.0,1.0
1595,14,31,-22.0,12.0,-66.0,3700000.0,1.0,gamma,140.0,point,isotropic,0.7,3700000.0,1.0
1596,15,31,-20.0,12.0,-66.0,3700000.0,1.0,gamma,140.0,point,isotropic,0.7,3700000.0,1.0
1597,16,31,-18.0,12.0,-66.0,3700000.0,1.0,gamma,140.0,point,isotropic,0.7,3700000.0,1.0
1598,17,31,-16.0,12.0,-66.0,3700000.0,1.0,gamma,140.0,point,isotropic,0.7,3700000.0,1.0
1599,18,31,-14.0,12.0,-66.0,3700000.0,1.0,gamma,140.0,point,isotropic,0.7,3700000.0,1.0
1600,19,31,-12.0,12.0,-66.0,3700000.0,1.0,gamma,140.0,point,isotropic,0.7,3700000.0,1.0
1601,20,31,-10.0,12.0,-66.0,3700000.0,1.0,gamma,140.0,point,isotropic,0.7,3700000.0,1.0
1602,21,31,-8.0,12.0,-66.0,3700000.0,1.0,gamma,140.0,point,isotropic,0.7,3700000.0,1.0
1603,22,31,-6.0,12.0,-66.0,3700000.0,1.0,gamma,140.0,point,isotropic,0.7,3700000.0,1.0
1604,23,31,-4.0,12.0,-66.0,3700000.0,1.0,gamma,140.0,point,isotropic,0.7,3700000.0,1.0
1605,24,31,-2.0,12.0,-66.0,3700000.0,1.0,gamma,140.0,point,isotropic,0.7,3700000.0,1.0
1606,25,31,0.0,12.0,-66.0,3700000.0,1.0,gamma,140.0,point,isotropic,0.7,3700000.0,1.0
1607,26,31,2.0,12.0,-66.0,3700000.0,1.0,gamma,140.0,point,isotropic,0.7,3700000.0,1.0
1608,27,31,4.0,12.0,-66.0,3700000.0,1.0,gamma,140.0,point,isotropic,0.7,3700000.0,1.0
1609,28,31,6.0,12.0,-66.0,3700000.0,1.0,gamma,140.0,point,isotropic,0.7,3700000.0,1.0
1610,29,31,8.0,12.0,-66.0,3700000.0,1.0,gamma,140.0,point,isotropic,0.7,3700000.0,1.0
1611,30,31,10.0,12.0,-66.0,3700000.0,1.0,gamma,140.0,point,isotropic,0.7,3700000.0,1.0
1612,31,31,12.0,12.0,-66.0,3700000.0,1.0,gamma,140.0,point,isotropic,0.7,3700000.0,1.0
1613,32,31,14.0,12.0,-66.0,3700000.0,1.0,gamma,140.0,point,isotropic,0.7,3700000.0,1.0
1614,33,31,16.0,12.0,-66.0,3700000.0,1.0,gamma,140.0,point,isotropic,0.7,3700000.0,1.0
1615,34,31,18.0,12.0,-66.0,3700000.0,1.0,gamma,140.0,point,isotropic,0.7,3700000.0,1.0
1616,35,31,20.0,12.0,-66.0,3700000.0,1.0,gamma,140.0,point,isotropic,0.7,3700000.0,1.0
1617,36,31,22.0,12.0,-66.0,3700000.0,1.0,gamma,140.0,point,isotropic,0.7,3700000.0,1.0
1618,37,31,24.0,12.0,-66.0,3700000.0,1.0,gamma,140.0,point,isotropic,0.7,3700000.0,1.0
1619,38,31,26.0,12.0,-66.0,3700000.0,1.0,gamma,140.0,point,isotropic,0.7,3700000.0,1.0
1620,39,31,28.0,12.0,-66.0,3700000.0,1.0,gamma,140.0,point,isotropic,0.7,3700000.0,1.0
1621,40,31,30.0,12.0,-66.0,3700000.0,1.0,gamma,140.0,point,isotropic,0.7,3700000.0,1.0
1622,41,31,32.0,12.0,-66.0,3700000.0,1.0,gamma,140.0,point,isotropic,0.7,3700000.0,1.0
1623,42,31,34.0,12.0,-66.0,3700000.0,1.0,gamma,140.0,point,isotropic,0.7,3700000.0,1.0
1624,43,31,36.0,12.0,-66.0,3700000.0,1.0,gamma,140.0,point,isotropic,0.7,3700000.0,1.0
1625,44,31,38.0,12.0,-66.0,3700000.0,1.0,gamma,140.0,point,isotropic,0.7,3700000.0,1.0
1626,45,31,40.0,12.0,-66.0,3700000.0,1.0,gamma,140.0,point,isotropic,0.7,3700000.0,1.0
1627,46,31,42.0,12.0,-66.0,3700000.0,1.0,gamma,140.0,point,isotropic,0.7,3700000.0,1.0
1628,47,31,44.0,12.0,-66.0,3700000.0,1.0,gamma,140.0,point,isotropic,0.7,3700000.0,1.0
1629,48,31,46.0,12.0,-66.0,3700000.0,1.0,gamma,140.0,point,isotropic,0.7,3700000.0,1.0
1630,49,31,48.0,12.0,-66.0,3700000.0,1.0,gamma,140.0,point,isotropic,0.7,3700000.0,1.0
1631,50,31,50.0,12.0,-66.0,3700000.0,1.0,gamma,140.0,point,isotropic,0.7,3700000.0,1.0
1632,0,32,-50.0,14.0,-66.0,3700000.0,1.0,gamma,140.0,point,isotropic,0.7,3700000.0,1.0
1633,1,32,-48.0,14.0,-66.0,3700000.0,1.0,gamma,140.0,point,isotropic,0.7,3700000.0,1.0
1634,2,32,-46.0,14.0,-66.0,3700000.0,1.0,gamma,140.0,point,isotropic,0.7,3700000.0,1.0
1635,3,32,-44.0,14.0,-66.0,3700000.0,1.0,gamma,140.0,point,isotropic,0.7,3700000.0,1.0
1636,4,32,-42.0,14.0,-66.0,3700000.0,1.0,gamma,140.0,point,isotropic,0.7,3700000.0,1.0
1637,5,32,-40.0,14.0,-66.0,3700000.0,1.0,gamma,140.0,point,isotropic,0.7,3700000.0,1.0
1638,6,32,-38.0,14.0,-66.0,3700000.0,1.0,gamma,140.0,point,isotropic,0.7,3700000.0,1.0
1639,7,32,-36.0,14.0,-66.0,3700000.0,1.0,gamma,140.0,point,isotropic,0.7,3700000.0,1.0
1640,8,32,-34.0,14.0,-66.0,3700000.0,1.0,gamma,140.0,point,isotropic,0.7,3700000.0,1.0
1641,9,32,-32.0,14.0,-66.0,3700000.0,1.0,gamma,140.0,point,isotropic,0.7,3700000.0,1.0
1642,10,32,-30.0,14.0,-66.0,3700000.0,1.0,gamma,140.0,point,isotropic,0.7,3700000.0,1.0
1643,11,32,-28.0,14.0,-66.0,3700000.0,1.0,gamma,140.0,point,isotropic,0.7,3700000.0,1.0
1644,12,32,-26.0,14.0,-66.0,3700000.0,1.0,gamma,140.0,point,isotropic,0.7,3700000.0,1.0
1645,13,32,-24.0,14.0,-66.0,3700000.0,1.0,gamma,140.0,point,isotropic,0.7,3700000.0,1.0
1646,14,32,-22.0,14.0,-66.0,3700000.0,1.0,gamma,140.0,point,isotropic,0.7,3700000.0,1.0
1647,15,32,-20.0,14.0,-66.0,3700000.0,1.0,gamma,140.0,point,isotropic,0.7,3700000.0,1.0
1648,16,32,-18.0,14.0,-66.0,3700000.0,1.0,gamma,140.0,point,isotropic,0.7,3700000.0,1.0
1649,17,32,-16.0,14.0,-66.0,3700000.0,1.0,gamma,140.0,point,isotropic,0.7,3700000.0,1.0
1650,18,32,-14.0,14.0,-66.0,3700000.0,1.0,gamma,140.0,point,isotropic,0.7,3700000.0,1.0
1651,19,32,-12.0,14.0,-66.0,3700000.0,1.0,gamma,140.0,point,isotropic,0.7,3700000.0,1.0
1652,20,32,-10.0,14.0,-66.0,3700000.0,1.0,gamma,140.0,point,isotropic,0.7,3700000.0,1.0
1653,21,32,-8.0,14.0,-66.0,3700000.0,1.0,gamma,140.0,point,isotropic,0.7,3700000.0,1.0
1654,22,32,-6.0,14.0,-66.0,3700000.0,1.0,gamma,140.0,point,isotropic,0.7,3700000.0,1.0
1655,23,32,-4.0,14.0,-66.0,3700000.0,1.0,gamma,140.0,point,isotropic,0.7,3700000.0,1.0
1656,24,32,-2.0,14.0,-66.0,3700000.0,1.0,gamma,140.0,point,isotropic,0.7,3700000.0,1.0
1657,25,32,0.0,14.0,-66.0,3700000.0,1.0,gamma,140.0,point,isotropic,0.7,3700000.0,1.0
1658,26,32,2.0,14.0,-66.0,3700000.0,1.0,gamma,140.0,point,isotropic,0.7,3700000.0,1.0
1659,27,32,4.0,14.0,-66.0,3700000.0,1.0,gamma,140.0,point,isotropic,0.7,3700000.0,1.0
1660,28,32,6.0,14.0,-66.0,3700000.0,1.0,gamma,140.0,point,isotropic,0.7,3700000.0,1.0
1661,29,32,8.0,14.0,-66.0,3700000.0,1.0,gamma,140.0,point,isotropic,0.7,3700000.0,1.0
1662,30,32,10.0,14.0,-66.0,3700000.0,1.0,gamma,140.0,point,isotropic,0.7,3700000.0,1.0
1663,31,32,12.0,14.0,-66.0,3700000.0,1.0,gamma,140.0,point,isotropic,0.7,3700000.0,1.0
1664,32,32,14.0,14.0,-66.0,3700000.0,1.0,gamma,140.0,point,isotropic,0.7,3700000.0,1.0
1665,33,32,16.0,14.0,-66.0,3700000.0,1.0,gamma,140.0,point,isotropic,0.7,3700000.0,1.0
1666,34,32,18.0,14.0,-66.0,3700000.0,1.0,gamma,140.0,point,isotropic,0.7,3700000.0,1.0
1667,35,32,20.0,14.0,-66.0,3700000.0,1.0,gamma,140.0,point,isotropic,0.7,3700000.0,1.0
1668,36,32,22.0,14.0,-66.0,3700000.0,1.0,gamma,140.0,point,isotropic,0.7,3700000.0,1.0
1669,37,32,24.0,14.0,-66.0,3700000.0,1.0,gamma,140.0,point,isotropic,0.7,3700000.0,1.0
1670,38,32,26.0,14.0,-66.0,3700000.0,1.0,gamma,140.0,point,isotropic,0.7,3700000.0,1.0
1671,39,32,28.0,14.0,-66.0,3700000.0,1.0,gamma,140.0,point,isotropic,0.7,3700000.0,1.0
1672,40,32,30.0,14.0,-66.0,3700000.0,1.0,gamma,140.0,point,isotropic,0.7,3700000.0,1.0
1673,41,32,32.0,14.0,-66.0,3700000.0,1.0,gamma,140.0,point,isotropic,0.7,3700000.0,1.0
1674,42,32,34.0,14.0,-66.0,3700000.0,1.0,gamma,140.0,point,isotropic,0.7,3700000.0,1.0
1675,43,32,36.0,14.0,-66.0,3700000.0,1.0,gamma,140.0,point,isotropic,0.7,3700000.0,1.0
1676,44,32,38.0,14.0,-66.0,3700000.0,1.0,gamma,140.0,point,isotropic,0.7,3700000.0,1.0
1677,45,32,40.0,14.0,-66.0,3700000.0,1.0,gamma,140.0,point,isotropic,0.7,3700000.0,1.0
1678,46,32,42.0,14.0,-66.0,3700000.0,1.0,gamma,140.0,point,isotropic,0.7,3700000.0,1.0
1679,47,32,44.0,14.0,-66.0,3700000.0,1.0,gamma,140.0,point,isotropic,0.7,3700000.0,1.0
1680,48,32,46.0,14.0,-66.0,3700000.0,1.0,gamma,140.0,point,isotropic,0.7,3700000.0,1.0
1681,49,32,48.0,14.0,-66.0,3700000.0,1.0,gamma,140.0,point,isotropic,0.7,3700000.0,1.0
1682,50,32,50.0,14.0,-66.0,3700000.0,1.0,gamma,140.0,point,isotropic,0.7,3700000.0,1.0
1683,0,33,-50.0,16.0,-66.0,3700000.0,1.0,gamma,140.0,point,isotropic,0.7,3700000.0,1.0
1684,1,33,-48.0,16.0,-66.0,3700000.0,1.0,gamma,140.0,point,isotropic,0.7,3700000.0,1.0
1685,2,33,-46.0,16.0,-66.0,3700000.0,1.0,gamma,140.0,point,isotropic,0.7,3700000.0,1.0
1686,3,33,-44.0,16.0,-66.0,3700000.0,1.0,gamma,140.0,point,isotropic,0.7,3700000.0,1.0
1687,4,33,-42.0,16.0,-66.0,3700000.0,1.0,gamma,140.0,point,isotropic,0.7,3700000.0,1.0
1688,5,33,-40.0,16.0,-66.0,3700000.0,1.0,gamma,140.0,point,isotropic,0.7,3700000.0,1.0
1689,6,33,-38.0,16.0,-66.0,3700000.0,1.0,gamma,140.0,point,isotropic,0.7,3700000.0,1.0
1690,7,33,-36.0,16.0,-66.0,3700000.0,1.0,gamma,140.0,point,isotropic,0.7,3700000.0,1.0
1691,8,33,-34.0,16.0,-66.0,3700000.0,1.0,gamma,140.0,point,isotropic,0.7,3700000.0,1.0
1692,9,33,-32.0,16.0,-66.0,3700000.0,1.0,gamma,140.0,point,isotropic,0.7,3700000.0,1.0
1693,10,33,-30.0,16.0,-66.0,3700000.0,1.0,gamma,140.0,point,isotropic,0.7,3700000.0,1.0
1694,11,33,-28.0,16.0,-66.0,3700000.0,1.0,gamma,140.0,point,isotropic,0.7,3700000.0,1.0
1695,12,33,-26.0,16.0,-66.0,3700000.0,1.0,gamma,140.0,point,isotropic,0.7,3700000.0,1.0
1696,13,33,-24.0,16.0,-66.0,3700000.0,1.0,gamma,140.0,point,isotropic,0.7,3700000.0,1.0
1697,14,33,-22.0,16.0,-66.0,3700000.0,1.0,gamma,140.0,point,isotropic,0.7,3700000.0,1.0
1698,15,33,-20.0,16.0,-66.0,3700000.0,1.0,gamma,140.0,point,isotropic,0.7,3700000.0,1.0
1699,16,33,-18.0,16.0,-66.0,3700000.0,1.0,gamma,140.0,point,isotropic,0.7,3700000.0,1.0
1700,17,33,-16.0,16.0,-66.0,3700000.0,1.0,gamma,140.0,point,isotropic,0.7,3700000.0,1.0
1701,18,33,-14.0,16.0,-66.0,3700000.0,1.0,gamma,140.0,point,isotropic,0.7,3700000.0,1.0
1702,19,33,-12.0,16.0,-66.0,3700000.0,1.0,gamma,140.0,point,isotropic,0.7,3700000.0,1.0
1703,20,33,-10.0,16.0,-66.0,3700000.0,1.0,gamma,140.0,point,isotropic,0.7,3700000.0,1.0
1704,21,33,-8.0,16.0,-66.0,3700000.0,1.0,gamma,140.0,point,isotropic,0.7,3700000.0,1.0
1705,22,33,-6.0,16.0,-66.0,3700000.0,1.0,gamma,140.0,point,isotropic,0.7,3700000.0,1.0
1706,23,33,-4.0,16.0,-66.0,3700000.0,1.0,gamma,140.0,point,isotropic,0.7,3700000.0,1.0
1707,24,33,-2.0,16.0,-66.0,3700000.0,1.0,gamma,140.0,point,isotropic,0.7,3700000.0,1.0
1708,25,33,0.0,16.0,-66.0,3700000.0,1.0,gamma,140.0,point,isotropic,0.7,3700000.0,1.0
1709,26,33,2.0,16.0,-66.0,3700000.0,1.0,gamma,140.0,point,isotropic,0.7,3700000.0,1.0
1710,27,33,4.0,16.0,-66.0,3700000.0,1.0,gamma,140.0,point,isotropic,0.7,3700000.0,1.0
1711,28,33,6.0,16.0,-66.0,3700000.0,1.0,gamma,140.0,point,isotropic,0.7,3700000.0,1.0
1712,29,33,8.0,16.0,-66.0,3700000.0,1.0,gamma,140.0,point,isotropic,0.7,3700000.0,1.0
1713,30,33,10.0,16.0,-66.0,3700000.0,1.0,gamma,140.0,point,isotropic,0.7,3700000.0,1.0
1714,31,33,12.0,16.0,-66.0,3700000.0,1.0,gamma,140.0,point,isotropic,0.7,3700000.0,1.0
1715,32,33,14.0,16.0,-66.0,3700000.0,1.0,gamma,140.0,point,isotropic,0.7,3700000.0,1.0
1716,33,33,16.0,16.0,-66.0,3700000.0,1.0,gamma,140.0,point,isotropic,0.7,3700000.0,1.0
1717,34,33,18.0,16.0,-66.0,3700000.0,1.0,gamma,140.0,point,isotropic,0.7,3700000.0,1.0
1718,35,33,20.0,16.0,-66.0,3700000.0,1.0,gamma,140.0,point,isotropic,0.7,3700000.0,1.0
1719,36,33,22.0,16.0,-66.0,3700000.0,1.0,gamma,140.0,point,isotropic,0.7,3700000.0,1.0
1720,37,33,24.0,16.0,-66.0,3700000.0,1.0,gamma,140.0,point,isotropic,0.7,3700000.0,1.0
1721,38,33,26.0,16.0,-66.0,3700000.0,1.0,gamma,140.0,point,isotropic,0.7,3700000.0,1.0
1722,39,33,28.0,16.0,-66.0,3700000.0,1.0,gamma,140.0,point,isotropic,0.7,3700000.0,1.0
1723,40,33,30.0,16.0,-66.0,3700000.0,1.0,gamma,140.0,point,isotropic,0.7,3700000.0,1.0
1724,41,33,32.0,16.0,-66.0,3700000.0,1.0,gamma,140.0,point,isotropic,0.7,3700000.0,1.0
1725,42,33,34.0,16.0,-66.0,3700000.0,1.0,gamma,140.0,point,isotropic,0.7,3700000.0,1.0
1726,43,33,36.0,16.0,-66.0,3700000.0,1.0,gamma,140.0,point,isotropic,0.7,3700000.0,1.0
1727,44,33,38.0,16.0,-66.0,3700000.0,1.0,gamma,140.0,point,isotropic,0.7,3700000.0,1.0
1728,45,33,40.0,16.0,-66.0,3700000.0,1.0,gamma,140.0,point,isotropic,0.7,3700000.0,1.0
1729,46,33,42.0,16.0,-66.0,3700000.0,1.0,gamma,140.0,point,isotropic,0.7,3700000.0,1.0
1730,47,33,44.0,16.0,-66.0,3700000.0,1.0,gamma,140.0,point,isotropic,0.7,3700000.0,1.0
1731,48,33,46.0,16.0,-66.0,3700000.0,1.0,gamma,140.0,point,isotropic,0.7,3700000.0,1.0
1732,49,33,48.0,16.0,-66.0,3700000.0,1.0,gamma,140.0,point,isotropic,0.7,3700000.0,1.0
1733,50,33,50.0,16.0,-66.0,3700000.0,1.0,gamma,140.0,point,isotropic,0.7,3700000.0,1.0
1734,0,34,-50.0,18.0,-66.0,3700000.0,1.0,gamma,140.0,point,isotropic,0.7,3700000.0,1.0
1735,1,34,-48.0,18.0,-66.0,3700000.0,1.0,gamma,140.0,point,isotropic,0.7,3700000.0,1.0
1736,2,34,-46.0,18.0,-66.0,3700000.0,1.0,gamma,140.0,point,isotropic,0.7,3700000.0,1.0
1737,3,34,-44.0,18.0,-66.0,3700000.0,1.0,gamma,140.0,point,isotropic,0.7,3700000.0,1.0
1738,4,34,-42.0,18.0,-66.0,3700000.0,1.0,gamma,140.0,point,isotropic,0.7,3700000.0,1.0
1739,5,34,-40.0,18.0,-66.0,3700000.0,1.0,gamma,140.0,point,isotropic,0.7,3700000.0,1.0
1740,6,34,-38.0,18.0,-66.0,3700000.0,1.0,gamma,140.0,point,isotropic,0.7,3700000.0,1.0
1741,7,34,-36.0,18.0,-66.0,3700000.0,1.0,gamma,140.0,point,isotropic,0.7,3700000.0,1.0
1742,8,34,-34.0,18.0,-66.0,3700000.0,1.0,gamma,140.0,point,isotropic,0.7,3700000.0,1.0
1743,9,34,-32.0,18.0,-66.0,3700000.0,1.0,gamma,140.0,point,isotropic,0.7,3700000.0,1.0
1744,10,34,-30.0,18.0,-66.0,3700000.0,1.0,gamma,140.0,point,isotropic,0.7,3700000.0,1.0
1745,11,34,-28.0,18.0,-66.0,3700000.0,1.0,gamma,140.0,point,isotropic,0.7,3700000.0,1.0
1746,12,34,-26.0,18.0,-66.0,3700000.0,1.0,gamma,140.0,point,isotropic,0.7,3700000.0,1.0
1747,13,34,-24.0,18.0,-66.0,3700000.0,1.0,gamma,140.0,point,isotropic,0.7,3700000.0,1.0
1748,14,34,-22.0,18.0,-66.0,3700000.0,1.0,gamma,140.0,point,isotropic,0.7,3700000.0,1.0
1749,15,34,-20.0,18.0,-66.0,3700000.0,1.0,gamma,140.0,point,isotropic,0.7,3700000.0,1.0
1750,16,34,-18.0,18.0,-66.0,3700000.0,1.0,gamma,140.0,point,isotropic,0.7,3700000.0,1.0
1751,17,34,-16.0,18.0,-66.0,3700000.0,1.0,gamma,140.0,point,isotropic,0.7,3700000.0,1.0
1752,18,34,-14.0,18.0,-66.0,3700000.0,1.0,gamma,140.0,point,isotropic,0.7,3700000.0,1.0
1753,19,34,-12.0,18.0,-66.0,3700000.0,1.0,gamma,140.0,point,isotropic,0.7,3700000.0,1.0
1754,20,34,-10.0,18.0,-66.0,3700000.0,1.0,gamma,140.0,point,isotropic,0.7,3700000.0,1.0
1755,21,34,-8.0,18.0,-66.0,3700000.0,1.0,gamma,140.0,point,isotropic,0.7,3700000.0,1.0
1756,22,34,-6.0,18.0,-66.0,3700000.0,1.0,gamma,140.0,point,isotropic,0.7,3700000.0,1.0
1757,23,34,-4.0,18.0,-66.0,3700000.0,1.0,gamma,140.0,point,isotropic,0.7,3700000.0,1.0
1758,24,34,-2.0,18.0,-66.0,3700000.0,1.0,gamma,140.0,point,isotropic,0.7,3700000.0,1.0
1759,25,34,0.0,18.0,-66.0,3700000.0,1.0,gamma,140.0,point,isotropic,0.7,3700000.0,1.0
1760,26,34,2.0,18.0,-66.0,3700000.0,1.0,gamma,140.0,point,isotropic,0.7,3700000.0,1.0
1761,27,34,4.0,18.0,-66.0,3700000.0,1.0,gamma,140.0,point,isotropic,0.7,3700000.0,1.0
1762,28,34,6.0,18.0,-66.0,3700000.0,1.0,gamma,140.0,point,isotropic,0.7,3700000.0,1.0
1763,29,34,8.0,18.0,-66.0,3700000.0,1.0,gamma,140.0,point,isotropic,0.7,3700000.0,1.0
1764,30,34,10.0,18.0,-66.0,3700000.0,1.0,gamma,140.0,point,isotropic,0.7,3700000.0,1.0
1765,31,34,12.0,18.0,-66.0,3700000.0,1.0,gamma,140.0,point,isotropic,0.7,3700000.0,1.0
1766,32,34,14.0,18.0,-66.0,3700000.0,1.0,gamma,140.0,point,isotropic,0.7,3700000.0,1.0
1767,33,34,16.0,18.0,-66.0,3700000.0,1.0,gamma,140.0,point,isotropic,0.7,3700000.0,1.0
1768,34,34,18.0,18.0,-66.0,3700000.0,1.0,gamma,140.0,point,isotropic,0.7,3700000.0,1.0
1769,35,34,20.0,18.0,-66.0,3700000.0,1.0,gamma,140.0,point,isotropic,0.7,3700000.0,1.0
1770,36,34,22.0,18.0,-66.0,3700000.0,1.0,gamma,140.0,point,isotropic,0.7,3700000.0,1.0
1771,37,34,24.0,18.0,-66.0,3700000.0,1.0,gamma,140.0,point,isotropic,0.7,3700000.0,1.0
1772,38,34,26.0,18.0,-66.0,3700000.0,1.0,gamma,140.0,point,isotropic,0.7,3700000.0,1.0
1773,39,34,28.0,18.0,-66.0,3700000.0,1.0,gamma,140.0,point,isotropic,0.7,3700000.0,1.0
1774,40,34,30.0,18.0,-66.0,3700000.0,1.0,gamma,140.0,point,isotropic,0.7,3700000.0,1.0
1775,41,34,32.0,18.0,-66.0,3700000.0,1.0,gamma,140.0,point,isotropic,0.7,3700000.0,1.0
1776,42,34,34.0,18.0,-66.0,3700000.0,1.0,gamma,140.0,point,isotropic,0.7,3700000.0,1.0
1777,43,34,36.0,18.0,-66.0,3700000.0,1.0,gamma,140.0,point,isotropic,0.7,3700000.0,1.0
1778,44,34,38.0,18.0,-66.0,3700000.0,1.0,gamma,140.0,point,isotropic,0.7,3700000.0,1.0
1779,45,34,40.0,18.0,-66.0,3700000.0,1.0,gamma,140.0,point,isotropic,0.7,3700000.0,1.0
1780,46,34,42.0,18.0,-66.0,3700000.0,1.0,gamma,140.0,point,isotropic,0.7,3700000.0,1.0
1781,47,34,44.0,18.0,-66.0,3700000.0,1.0,gamma,140.0,point,isotropic,0.7,3700000.0,1.0
1782,48,34,46.0,18.0,-66.0,3700000.0,1.0,gamma,140.0,point,isotropic,0.7,3700000.0,1.0
1783,49,34,48.0,18.0,-66.0,3700000.0,1.0,gamma,140.0,point,isotropic,0.7,3700000.0,1.0
1784,50,34,50.0,18.0,-66.0,3700000.0,1.0,gamma,140.0,point,isotropic,0.7,3700000.0,1.0
1785,0,35,-50.0,20.0,-66.0,3700000.0,1.0,gamma,140.0,point,isotropic,0.7,3700000.0,1.0
1786,1,35,-48.0,20.0,-66.0,3700000.0,1.0,gamma,140.0,point,isotropic,0.7,3700000.0,1.0
1787,2,35,-46.0,20.0,-66.0,3700000.0,1.0,gamma,140.0,point,isotropic,0.7,3700000.0,1.0
1788,3,35,-44.0,20.0,-66.0,3700000.0,1.0,gamma,140.0,point,isotropic,0.7,3700000.0,1.0
1789,4,35,-42.0,20.0,-66.0,3700000.0,1.0,gamma,140.0,point,isotropic,0.7,3700000.0,1.0
1790,5,35,-40.0,20.0,-66.0,3700000.0,1.0,gamma,140.0,point,isotropic,0.7,3700000.0,1.0
1791,6,35,-38.0,20.0,-66.0,3700000.0,1.0,gamma,140.0,point,isotropic,0.7,3700000.0,1.0
1792,7,35,-36.0,20.0,-66.0,3700000.0,1.0,gamma,140.0,point,isotropic,0.7,3700000.0,1.0
1793,8,35,-34.0,20.0,-66.0,3700000.0,1.0,gamma,140.0,point,isotropic,0.7,3700000.0,1.0
1794,9,35,-32.0,20.0,-66.0,3700000.0,1.0,gamma,140.0,point,isotropic,0.7,3700000.0,1.0
1795,10,35,-30.0,20.0,-66.0,3700000.0,1.0,gamma,140.0,point,isotropic,0.7,3700000.0,1.0
1796,11,35,-28.0,20.0,-66.0,3700000.0,1.0,gamma,140.0,point,isotropic,0.7,3700000.0,1.0
1797,12,35,-26.0,20.0,-66.0,3700000.0,1.0,gamma,140.0,point,isotropic,0.7,3700000.0,1.0
1798,13,35,-24.0,20.0,-66.0,3700000.0,1.0,gamma,140.0,point,isotropic,0.7,3700000.0,1.0
1799,14,35,-22.0,20.0,-66.0,3700000.0,1.0,gamma,140.0,point,isotropic,0.7,3700000.0,1.0
1800,15,35,-20.0,20.0,-66.0,3700000.0,1.0,gamma,140.0,point,isotropic,0.7,3700000.0,1.0
1801,16,35,-18.0,20.0,-66.0,3700000.0,1.0,gamma,140.0,point,isotropic,0.7,3700000.0,1.0
1802,17,35,-16.0,20.0,-66.0,3700000.0,1.0,gamma,140.0,point,isotropic,0.7,3700000.0,1.0
1803,18,35,-14.0,20.0,-66.0,3700000.0,1.0,gamma,140.0,point,isotropic,0.7,3700000.0,1.0
1804,19,35,-12.0,20.0,-66.0,3700000.0,1.0,gamma,140.0,point,isotropic,0.7,3700000.0,1.0
1805,20,35,-10.0,20.0,-66.0,3700000.0,1.0,gamma,140.0,point,isotropic,0.7,3700000.0,1.0
1806,21,35,-8.0,20.0,-66.0,3700000.0,1.0,gamma,140.0,point,isotropic,0.7,3700000.0,1.0
1807,22,35,-6.0,20.0,-66.0,3700000.0,1.0,gamma,140.0,point,isotropic,0.7,3700000.0,1.0
1808,23,35,-4.0,20.0,-66.0,3700000.0,1.0,gamma,140.0,point,isotropic,0.7,3700000.0,1.0
1809,24,35,-2.0,20.0,-66.0,3700000.0,1.0,gamma,140.0,point,isotropic,0.7,3700000.0,1.0
1810,25,35,0.0,20.0,-66.0,3700000.0,1.0,gamma,140.0,point,isotropic,0.7,3700000.0,1.0
1811,26,35,2.0,20.0,-66.0,3700000.0,1.0,gamma,140.0,point,isotropic,0.7,3700000.0,1.0
1812,27,35,4.0,20.0,-66.0,3700000.0,1.0,gamma,140.0,point,isotropic,0.7,3700000.0,1.0
1813,28,35,6.0,20.0,-66.0,3700000.0,1.0,gamma,140.0,point,isotropic,0.7,3700000.0,1.0
1814,29,35,8.0,20.0,-66.0,3700000.0,1.0,gamma,140.0,point,isotropic,0.7,3700000.0,1.0
1815,30,35,10.0,20.0,-66.0,3700000.0,1.0,gamma,140.0,point,isotropic,0.7,3700000.0,1.0
1816,31,35,12.0,20.0,-66.0,3700000.0,1.0,gamma,140.0,point,isotropic,0.7,3700000.0,1.0
1817,32,35,14.0,20.0,-66.0,3700000.0,1.0,gamma,140.0,point,isotropic,0.7,3700000.0,1.0
1818,33,35,16.0,20.0,-66.0,3700000.0,1.0,gamma,140.0,point,isotropic,0.7,3700000.0,1.0
1819,34,35,18.0,20.0,-66.0,3700000.0,1.0,gamma,140.0,point,isotropic,0.7,3700000.0,1.0
1820,35,35,20.0,20.0,-66.0,3700000.0,1.0,gamma,140.0,point,isotropic,0.7,3700000.0,1.0
1821,36,35,22.0,20.0,-66.0,3700000.0,1.0,gamma,140.0,point,isotropic,0.7,3700000.0,1.0
1822,37,35,24.0,20.0,-66.0,3700000.0,1.0,gamma,140.0,point,isotropic,0.7,3700000.0,1.0
1823,38,35,26.0,20.0,-66.0,3700000.0,1.0,gamma,140.0,point,isotropic,0.7,3700000.0,1.0
1824,39,35,28.0,20.0,-66.0,3700000.0,1.0,gamma,140.0,point,isotropic,0.7,3700000.0,1.0
1825,40,35,30.0,20.0,-66.0,3700000.0,1.0,gamma,140.0,point,isotropic,0.7,3700000.0,1.0
1826,41,35,32.0,20.0,-66.0,3700000.0,1.0,gamma,140.0,point,isotropic,0.7,3700000.0,1.0
1827,42,35,34.0,20.0,-66.0,3700000.0,1.0,gamma,140.0,point,isotropic,0.7,3700000.0,1.0
1828,43,35,36.0,20.0,-66.0,3700000.0,1.0,gamma,140.0,point,isotropic,0.7,3700000.0,1.0
1829,44,35,38.0,20.0,-66.0,3700000.0,1.0,gamma,140.0,point,isotropic,0.7,3700000.0,1.0
1830,45,35,40.0,20.0,-66.0,3700000.0,1.0,gamma,140.0,point,isotropic,0.7,3700000.0,1.0
1831,46,35,42.0,20.0,-66.0,3700000.0,1.0,gamma,140.0,point,isotropic,0.7,3700000.0,1.0
1832,47,35,44.0,20.0,-66.0,3700000.0,1.0,gamma,140.0,point,isotropic,0.7,3700000.0,1.0
1833,48,35,46.0,20.0,-66.0,3700000.0,1.0,gamma,140.0,point,isotropic,0.7,3700000.0,1.0
1834,49,35,48.0,20.0,-66.0,3700000.0,1.0,gamma,140.0,point,isotropic,0.7,3700000.0,1.0
1835,50,35,50.0,20.0,-66.0,3700000.0,1.0,gamma,140.0,point,isotropic,0.7,3700000.0,1.0
1836,0,36,-50.0,22.0,-66.0,3700000.0,1.0,gamma,140.0,point,isotropic,0.7,3700000.0,1.0
1837,1,36,-48.0,22.0,-66.0,3700000.0,1.0,gamma,140.0,point,isotropic,0.7,3700000.0,1.0
1838,2,36,-46.0,22.0,-66.0,3700000.0,1.0,gamma,140.0,point,isotropic,0.7,3700000.0,1.0
1839,3,36,-44.0,22.0,-66.0,3700000.0,1.0,gamma,140.0,point,isotropic,0.7,3700000.0,1.0
1840,4,36,-42.0,22.0,-66.0,3700000.0,1.0,gamma,140.0,point,isotropic,0.7,3700000.0,1.0
1841,5,36,-40.0,22.0,-66.0,3700000.0,1.0,gamma,140.0,point,isotropic,0.7,3700000.0,1.0
1842,6,36,-38.0,22.0,-66.0,3700000.0,1.0,gamma,140.0,point,isotropic,0.7,3700000.0,1.0
1843,7,36,-36.0,22.0,-66.0,3700000.0,1.0,gamma,140.0,point,isotropic,0.7,3700000.0,1.0
1844,8,36,-34.0,22.0,-66.0,3700000.0,1.0,gamma,140.0,point,isotropic,0.7,3700000.0,1.0
1845,9,36,-32.0,22.0,-66.0,3700000.0,1.0,gamma,140.0,point,isotropic,0.7,3700000.0,1.0
1846,10,36,-30.0,22.0,-66.0,3700000.0,1.0,gamma,140.0,point,isotropic,0.7,3700000.0,1.0
1847,11,36,-28.0,22.0,-66.0,3700000.0,1.0,gamma,140.0,point,isotropic,0.7,3700000.0,1.0
1848,12,36,-26.0,22.0,-66.0,3700000.0,1.0,gamma,140.0,point,isotropic,0.7,3700000.0,1.0
1849,13,36,-24.0,22.0,-66.0,3700000.0,1.0,gamma,140.0,point,isotropic,0.7,3700000.0,1.0
1850,14,36,-22.0,22.0,-66.0,3700000.0,1.0,gamma,140.0,point,isotropic,0.7,3700000.0,1.0
1851,15,36,-20.0,22.0,-66.0,3700000.0,1.0,gamma,140.0,point,isotropic,0.7,3700000.0,1.0
1852,16,36,-18.0,22.0,-66.0,3700000.0,1.0,gamma,140.0,point,isotropic,0.7,3700000.0,1.0
1853,17,36,-16.0,22.0,-66.0,3700000.0,1.0,gamma,140.0,point,isotropic,0.7,3700000.0,1.0
1854,18,36,-14.0,22.0,-66.0,3700000.0,1.0,gamma,140.0,point,isotropic,0.7,3700000.0,1.0
1855,19,36,-12.0,22.0,-66.0,3700000.0,1.0,gamma,140.0,point,isotropic,0.7,3700000.0,1.0
1856,20,36,-10.0,22.0,-66.0,3700000.0,1.0,gamma,140.0,point,isotropic,0.7,3700000.0,1.0
1857,21,36,-8.0,22.0,-66.0,3700000.0,1.0,gamma,140.0,point,isotropic,0.7,3700000.0,1.0
1858,22,36,-6.0,22.0,-66.0,3700000.0,1.0,gamma,140.0,point,isotropic,0.7,3700000.0,1.0
1859,23,36,-4.0,22.0,-66.0,3700000.0,1.0,gamma,140.0,point,isotropic,0.7,3700000.0,1.0
1860,24,36,-2.0,22.0,-66.0,3700000.0,1.0,gamma,140.0,point,isotropic,0.7,3700000.0,1.0
1861,25,36,0.0,22.0,-66.0,3700000.0,1.0,gamma,140.0,point,isotropic,0.7,3700000.0,1.0
1862,26,36,2.0,22.0,-66.0,3700000.0,1.0,gamma,140.0,point,isotropic,0.7,3700000.0,1.0
1863,27,36,4.0,22.0,-66.0,3700000.0,1.0,gamma,140.0,point,isotropic,0.7,3700000.0,1.0
1864,28,36,6.0,22.0,-66.0,3700000.0,1.0,gamma,140.0,point,isotropic,0.7,3700000.0,1.0
1865,29,36,8.0,22.0,-66.0,3700000.0,1.0,gamma,140.0,point,isotropic,0.7,3700000.0,1.0
1866,30,36,10.0,22.0,-66.0,3700000.0,1.0,gamma,140.0,point,isotropic,0.7,3700000.0,1.0
1867,31,36,12.0,22.0,-66.0,3700000.0,1.0,gamma,140.0,point,isotropic,0.7,3700000.0,1.0
1868,32,36,14.0,22.0,-66.0,3700000.0,1.0,gamma,140.0,point,isotropic,0.7,3700000.0,1.0
1869,33,36,16.0,22.0,-66.0,3700000.0,1.0,gamma,140.0,point,isotropic,0.7,3700000.0,1.0
1870,34,36,18.0,22.0,-66.0,3700000.0,1.0,gamma,140.0,point,isotropic,0.7,3700000.0,1.0
1871,35,36,20.0,22.0,-66.0,3700000.0,1.0,gamma,140.0,point,isotropic,0.7,3700000.0,1.0
1872,36,36,22.0,22.0,-66.0,3700000.0,1.0,gamma,140.0,point,isotropic,0.7,3700000.0,1.0
1873,37,36,24.0,22.0,-66.0,3700000.0,1.0,gamma,140.0,point,isotropic,0.7,3700000.0,1.0
1874,38,36,26.0,22.0,-66.0,3700000.0,1.0,gamma,140.0,point,isotropic,0.7,3700000.0,1.0
1875,39,36,28.0,22.0,-66.0,3700000.0,1.0,gamma,140.0,point,isotropic,0.7,3700000.0,1.0
1876,40,36,30.0,22.0,-66.0,3700000.0,1.0,gamma,140.0,point,isotropic,0.7,3700000.0,1.0
1877,41,36,32.0,22.0,-66.0,3700000.0,1.0,gamma,140.0,point,isotropic,0.7,3700000.0,1.0
1878,42,36,34.0,22.0,-66.0,3700000.0,1.0,gamma,140.0,point,isotropic,0.7,3700000.0,1.0
1879,43,36,36.0,22.0,-66.0,3700000.0,1.0,gamma,140.0,point,isotropic,0.7,3700000.0,1.0
1880,44,36,38.0,22.0,-66.0,3700000.0,1.0,gamma,140.0,point,isotropic,0.7,3700000.0,1.0
1881,45,36,40.0,22.0,-66.0,3700000.0,1.0,gamma,140.0,point,isotropic,0.7,3700000.0,1.0
1882,46,36,42.0,22.0,-66.0,3700000.0,1.0,gamma,140.0,point,isotropic,0.7,3700000.0,1.0
1883,47,36,44.0,22.0,-66.0,3700000.0,1.0,gamma,140.0,point,isotropic,0.7,3700000.0,1.0
1884,48,36,46.0,22.0,-66.0,3700000.0,1.0,gamma,140.0,point,isotropic,0.7,3700000.0,1.0
1885,49,36,48.0,22.0,-66.0,3700000.0,1.0,gamma,140.0,point,isotropic,0.7,3700000.0,1.0
1886,50,36,50.0,22.0,-66.0,3700000.0,1.0,gamma,140.0,point,isotropic,0.7,3700000.0,1.0
1887,0,37,-50.0,24.0,-66.0,3700000.0,1.0,gamma,140.0,point,isotropic,0.7,3700000.0,1.0
1888,1,37,-48.0,24.0,-66.0,3700000.0,1.0,gamma,140.0,point,isotropic,0.7,3700000.0,1.0
1889,2,37,-46.0,24.0,-66.0,3700000.0,1.0,gamma,140.0,point,isotropic,0.7,3700000.0,1.0
1890,3,37,-44.0,24.0,-66.0,3700000.0,1.0,gamma,140.0,point,isotropic,0.7,3700000.0,1.0
1891,4,37,-42.0,24.0,-66.0,3700000.0,1.0,gamma,140.0,point,isotropic,0.7,3700000.0,1.0
1892,5,37,-40.0,24.0,-66.0,3700000.0,1.0,gamma,140.0,point,isotropic,0.7,3700000.0,1.0
1893,6,37,-38.0,24.0,-66.0,3700000.0,1.0,gamma,140.0,point,isotropic,0.7,3700000.0,1.0
1894,7,37,-36.0,24.0,-66.0,3700000.0,1.0,gamma,140.0,point,isotropic,0.7,3700000.0,1.0
1895,8,37,-34.0,24.0,-66.0,3700000.0,1.0,gamma,140.0,point,isotropic,0.7,3700000.0,1.0
1896,9,37,-32.0,24.0,-66.0,3700000.0,1.0,gamma,140.0,point,isotropic,0.7,3700000.0,1.0
1897,10,37,-30.0,24.0,-66.0,3700000.0,1.0,gamma,140.0,point,isotropic,0.7,3700000.0,1.0
1898,11,37,-28.0,24.0,-66.0,3700000.0,1.0,gamma,140.0,point,isotropic,0.7,3700000.0,1.0
1899,12,37,-26.0,24.0,-66.0,3700000.0,1.0,gamma,140.0,point,isotropic,0.7,3700000.0,1.0
1900,13,37,-24.0,24.0,-66.0,3700000.0,1.0,gamma,140.0,point,isotropic,0.7,3700000.0,1.0
1901,14,37,-22.0,24.0,-66.0,3700000.0,1.0,gamma,140.0,point,isotropic,0.7,3700000.0,1.0
1902,15,37,-20.0,24.0,-66.0,3700000.0,1.0,gamma,140.0,point,isotropic,0.7,3700000.0,1.0
1903,16,37,-18.0,24.0,-66.0,3700000.0,1.0,gamma,140.0,point,isotropic,0.7,3700000.0,1.0
1904,17,37,-16.0,24.0,-66.0,3700000.0,1.0,gamma,140.0,point,isotropic,0.7,3700000.0,1.0
1905,18,37,-14.0,24.0,-66.0,3700000.0,1.0,gamma,140.0,point,isotropic,0.7,3700000.0,1.0
1906,19,37,-12.0,24.0,-66.0,3700000.0,1.0,gamma,140.0,point,isotropic,0.7,3700000.0,1.0
1907,20,37,-10.0,24.0,-66.0,3700000.0,1.0,gamma,140.0,point,isotropic,0.7,3700000.0,1.0
1908,21,37,-8.0,24.0,-66.0,3700000.0,1.0,gamma,140.0,point,isotropic,0.7,3700000.0,1.0
1909,22,37,-6.0,24.0,-66.0,3700000.0,1.0,gamma,140.0,point,isotropic,0.7,3700000.0,1.0
1910,23,37,-4.0,24.0,-66.0,3700000.0,1.0,gamma,140.0,point,isotropic,0.7,3700000.0,1.0
1911,24,37,-2.0,24.0,-66.0,3700000.0,1.0,gamma,140.0,point,isotropic,0.7,3700000.0,1.0
1912,25,37,0.0,24.0,-66.0,3700000.0,1.0,gamma,140.0,point,isotropic,0.7,3700000.0,1.0
1913,26,37,2.0,24.0,-66.0,3700000.0,1.0,gamma,140.0,point,isotropic,0.7,3700000.0,1.0
1914,27,37,4.0,24.0,-66.0,3700000.0,1.0,gamma,140.0,point,isotropic,0.7,3700000.0,1.0
1915,28,37,6.0,24.0,-66.0,3700000.0,1.0,gamma,140.0,point,isotropic,0.7,3700000.0,1.0
1916,29,37,8.0,24.0,-66.0,3700000.0,1.0,gamma,140.0,point,isotropic,0.7,3700000.0,1.0
1917,30,37,10.0,24.0,-66.0,3700000.0,1.0,gamma,140.0,point,isotropic,0.7,3700000.0,1.0
1918,31,37,12.0,24.0,-66.0,3700000.0,1.0,gamma,140.0,point,isotropic,0.7,3700000.0,1.0
1919,32,37,14.0,24.0,-66.0,3700000.0,1.0,gamma,140.0,point,isotropic,0.7,3700000.0,1.0
1920,33,37,16.0,24.0,-66.0,3700000.0,1.0,gamma,140.0,point,isotropic,0.7,3700000.0,1.0
1921,34,37,18.0,24.0,-66.0,3700000.0,1.0,gamma,140.0,point,isotropic,0.7,3700000.0,1.0
1922,35,37,20.0,24.0,-66.0,3700000.0,1.0,gamma,140.0,point,isotropic,0.7,3700000.0,1.0
1923,36,37,22.0,24.0,-66.0,3700000.0,1.0,gamma,140.0,point,isotropic,0.7,3700000.0,1.0
1924,37,37,24.0,24.0,-66.0,3700000.0,1.0,gamma,140.0,point,isotropic,0.7,3700000.0,1.0
1925,38,37,26.0,24.0,-66.0,3700000.0,1.0,gamma,140.0,point,isotropic,0.7,3700000.0,1.0
1926,39,37,28.0,24.0,-66.0,3700000.0,1.0,gamma,140.0,point,isotropic,0.7,3700000.0,1.0
1927,40,37,30.0,24.0,-66.0,3700000.0,1.0,gamma,140.0,point,isotropic,0.7,3700000.0,1.0
1928,41,37,32.0,24.0,-66.0,3700000.0,1.0,gamma,140.0,point,isotropic,0.7,3700000.0,1.0
1929,42,37,34.0,24.0,-66.0,3700000.0,1.0,gamma,140.0,point,isotropic,0.7,3700000.0,1.0
1930,43,37,36.0,24.0,-66.0,3700000.0,1.0,gamma,140.0,point,isotropic,0.7,3700000.0,1.0
1931,44,37,38.0,24.0,-66.0,3700000.0,1.0,gamma,140.0,point,isotropic,0.7,3700000.0,1.0
1932,45,37,40.0,24.0,-66.0,3700000.0,1.0,gamma,140.0,point,isotropic,0.7,3700000.0,1.0
1933,46,37,42.0,24.0,-66.0,3700000.0,1.0,gamma,140.0,point,isotropic,0.7,3700000.0,1.0
1934,47,37,44.0,24.0,-66.0,3700000.0,1.0,gamma,140.0,point,isotropic,0.7,3700000.0,1.0
1935,48,37,46.0,24.0,-66.0,3700000.0,1.0,gamma,140.0,point,isotropic,0.7,3700000.0,1.0
1936,49,37,48.0,24.0,-66.0,3700000.0,1.0,gamma,140.0,point,isotropic,0.7,3700000.0,1.0
1937,50,37,50.0,24.0,-66.0,3700000.0,1.0,gamma,140.0,point,isotropic,0.7,3700000.0,1.0
1938,0,38,-50.0,26.0,-66.0,3700000.0,1.0,gamma,140.0,point,isotropic,0.7,3700000.0,1.0
1939,1,38,-48.0,26.0,-66.0,3700000.0,1.0,gamma,140.0,point,isotropic,0.7,3700000.0,1.0
1940,2,38,-46.0,26.0,-66.0,3700000.0,1.0,gamma,140.0,point,isotropic,0.7,3700000.0,1.0
1941,3,38,-44.0,26.0,-66.0,3700000.0,1.0,gamma,140.0,point,isotropic,0.7,3700000.0,1.0
1942,4,38,-42.0,26.0,-66.0,3700000.0,1.0,gamma,140.0,point,isotropic,0.7,3700000.0,1.0
1943,5,38,-40.0,26.0,-66.0,3700000.0,1.0,gamma,140.0,point,isotropic,0.7,3700000.0,1.0
1944,6,38,-38.0,26.0,-66.0,3700000.0,1.0,gamma,140.0,point,isotropic,0.7,3700000.0,1.0
1945,7,38,-36.0,26.0,-66.0,3700000.0,1.0,gamma,140.0,point,isotropic,0.7,3700000.0,1.0
1946,8,38,-34.0,26.0,-66.0,3700000.0,1.0,gamma,140.0,point,isotropic,0.7,3700000.0,1.0
1947,9,38,-32.0,26.0,-66.0,3700000.0,1.0,gamma,140.0,point,isotropic,0.7,3700000.0,1.0
1948,10,38,-30.0,26.0,-66.0,3700000.0,1.0,gamma,140.0,point,isotropic,0.7,3700000.0,1.0
1949,11,38,-28.0,26.0,-66.0,3700000.0,1.0,gamma,140.0,point,isotropic,0.7,3700000.0,1.0
1950,12,38,-26.0,26.0,-66.0,3700000.0,1.0,gamma,140.0,point,isotropic,0.7,3700000.0,1.0
1951,13,38,-24.0,26.0,-66.0,3700000.0,1.0,gamma,140.0,point,isotropic,0.7,3700000.0,1.0
1952,14,38,-22.0,26.0,-66.0,3700000.0,1.0,gamma,140.0,point,isotropic,0.7,3700000.0,1.0
1953,15,38,-20.0,26.0,-66.0,3700000.0,1.0,gamma,140.0,point,isotropic,0.7,3700000.0,1.0
1954,16,38,-18.0,26.0,-66.0,3700000.0,1.0,gamma,140.0,point,isotropic,0.7,3700000.0,1.0
1955,17,38,-16.0,26.0,-66.0,3700000.0,1.0,gamma,140.0,point,isotropic,0.7,3700000.0,1.0
1956,18,38,-14.0,26.0,-66.0,3700000.0,1.0,gamma,140.0,point,isotropic,0.7,3700000.0,1.0
1957,19,38,-12.0,26.0,-66.0,3700000.0,1.0,gamma,140.0,point,isotropic,0.7,3700000.0,1.0
1958,20,38,-10.0,26.0,-66.0,3700000.0,1.0,gamma,140.0,point,isotropic,0.7,3700000.0,1.0
1959,21,38,-8.0,26.0,-66.0,3700000.0,1.0,gamma,140.0,point,isotropic,0.7,3700000.0,1.0
1960,22,38,-6.0,26.0,-66.0,3700000.0,1.0,gamma,140.0,point,isotropic,0.7,3700000.0,1.0
1961,23,38,-4.0,26.0,-66.0,3700000.0,1.0,gamma,140.0,point,isotropic,0.7,3700000.0,1.0
1962,24,38,-2.0,26.0,-66.0,3700000.0,1.0,gamma,140.0,point,isotropic,0.7,3700000.0,1.0
1963,25,38,0.0,26.0,-66.0,3700000.0,1.0,gamma,140.0,point,isotropic,0.7,3700000.0,1.0
1964,26,38,2.0,26.0,-66.0,3700000.0,1.0,gamma,140.0,point,isotropic,0.7,3700000.0,1.0
1965,27,38,4.0,26.0,-66.0,3700000.0,1.0,gamma,140.0,point,isotropic,0.7,3700000.0,1.0
1966,28,38,6.0,26.0,-66.0,3700000.0,1.0,gamma,140.0,point,isotropic,0.7,3700000.0,1.0
1967,29,38,8.0,26.0,-66.0,3700000.0,1.0,gamma,140.0,point,isotropic,0.7,3700000.0,1.0
1968,30,38,10.0,26.0,-66.0,3700000.0,1.0,gamma,140.0,point,isotropic,0.7,3700000.0,1.0
1969,31,38,12.0,26.0,-66.0,3700000.0,1.0,gamma,140.0,point,isotropic,0.7,3700000.0,1.0
1970,32,38,14.0,26.0,-66.0,3700000.0,1.0,gamma,140.0,point,isotropic,0.7,3700000.0,1.0
1971,33,38,16.0,26.0,-66.0,3700000.0,1.0,gamma,140.0,point,isotropic,0.7,3700000.0,1.0
1972,34,38,18.0,26.0,-66.0,3700000.0,1.0,gamma,140.0,point,isotropic,0.7,3700000.0,1.0
1973,35,38,20.0,26.0,-66.0,3700000.0,1.0,gamma,140.0,point,isotropic,0.7,3700000.0,1.0
1974,36,38,22.0,26.0,-66.0,3700000.0,1.0,gamma,140.0,point,isotropic,0.7,3700000.0,1.0
1975,37,38,24.0,26.0,-66.0,3700000.0,1.0,gamma,140.0,point,isotropic,0.7,3700000.0,1.0
1976,38,38,26.0,26.0,-66.0,3700000.0,1.0,gamma,140.0,point,isotropic,0.7,3700000.0,1.0
1977,39,38,28.0,26.0,-66.0,3700000.0,1.0,gamma,140.0,point,isotropic,0.7,3700000.0,1.0
1978,40,38,30.0,26.0,-66.0,3700000.0,1.0,gamma,140.0,point,isotropic,0.7,3700000.0,1.0
1979,41,38,32.0,26.0,-66.0,3700000.0,1.0,gamma,140.0,point,isotropic,0.7,3700000.0,1.0
1980,42,38,34.0,26.0,-66.0,3700000.0,1.0,gamma,140.0,point,isotropic,0.7,3700000.0,1.0
1981,43,38,36.0,26.0,-66.0,3700000.0,1.0,gamma,140.0,point,isotropic,0.7,3700000.0,1.0
1982,44,38,38.0,26.0,-66.0,3700000.0,1.0,gamma,140.0,point,isotropic,0.7,3700000.0,1.0
1983,45,38,40.0,26.0,-66.0,3700000.0,1.0,gamma,140.0,point,isotropic,0.7,3700000.0,1.0
1984,46,38,42.0,26.0,-66.0,3700000.0,1.0,gamma,140.0,point,isotropic,0.7,3700000.0,1.0
1985,47,38,44.0,26.0,-66.0,3700000.0,1.0,gamma,140.0,point,isotropic,0.7,3700000.0,1.0
1986,48,38,46.0,26.0,-66.0,3700000.0,1.0,gamma,140.0,point,isotropic,0.7,3700000.0,1.0
1987,49,38,48.0,26.0,-66.0,3700000.0,1.0,gamma,140.0,point,isotropic,0.7,3700000.0,1.0
1988,50,38,50.0,26.0,-66.0,3700000.0,1.0,gamma,140.0,point,isotropic,0.7,3700000.0,1.0
1989,0,39,-50.0,28.0,-66.0,3700000.0,1.0,gamma,140.0,point,isotropic,0.7,3700000.0,1.0
1990,1,39,-48.0,28.0,-66.0,3700000.0,1.0,gamma,140.0,point,isotropic,0.7,3700000.0,1.0
1991,2,39,-46.0,28.0,-66.0,3700000.0,1.0,gamma,140.0,point,isotropic,0.7,3700000.0,1.0
1992,3,39,-44.0,28.0,-66.0,3700000.0,1.0,gamma,140.0,point,isotropic,0.7,3700000.0,1.0
1993,4,39,-42.0,28.0,-66.0,3700000.0,1.0,gamma,140.0,point,isotropic,0.7,3700000.0,1.0
1994,5,39,-40.0,28.0,-66.0,3700000.0,1.0,gamma,140.0,point,isotropic,0.7,3700000.0,1.0
1995,6,39,-38.0,28.0,-66.0,3700000.0,1.0,gamma,140.0,point,isotropic,0.7,3700000.0,1.0
1996,7,39,-36.0,28.0,-66.0,3700000.0,1.0,gamma,140.0,point,isotropic,0.7,3700000.0,1.0
1997,8,39,-34.0,28.0,-66.0,3700000.0,1.0,gamma,140.0,point,isotropic,0.7,3700000.0,1.0
1998,9,39,-32.0,28.0,-66.0,3700000.0,1.0,gamma,140.0,point,isotropic,0.7,3700000.0,1.0
1999,10,39,-30.0,28.0,-66.0,3700000.0,1.0,gamma,140.0,point,isotropic,0.7,3700000.0,1.0
2000,11,39,-28.0,28.0,-66.0,3700000.0,1.0,gamma,140.0,point,isotropic,0.7,3700000.0,1.0
2001,12,39,-26.0,28.0,-66.0,3700000.0,1.0,gamma,140.0,point,isotropic,0.7,3700000.0,1.0
2002,13,39,-24.0,28.0,-66.0,3700000.0,1.0,gamma,140.0,point,isotropic,0.7,3700000.0,1.0
2003,14,39,-22.0,28.0,-66.0,3700000.0,1.0,gamma,140.0,point,isotropic,0.7,3700000.0,1.0
2004,15,39,-20.0,28.0,-66.0,3700000.0,1.0,gamma,140.0,point,isotropic,0.7,3700000.0,1.0
2005,16,39,-18.0,28.0,-66.0,3700000.0,1.0,gamma,140.0,point,isotropic,0.7,3700000.0,1.0
2006,17,39,-16.0,28.0,-66.0,3700000.0,1.0,gamma,140.0,point,isotropic,0.7,3700000.0,1.0
2007,18,39,-14.0,28.0,-66.0,3700000.0,1.0,gamma,140.0,point,isotropic,0.7,3700000.0,1.0
2008,19,39,-12.0,28.0,-66.0,3700000.0,1.0,gamma,140.0,point,isotropic,0.7,3700000.0,1.0
2009,20,39,-10.0,28.0,-66.0,3700000.0,1.0,gamma,140.0,point,isotropic,0.7,3700000.0,1.0
2010,21,39,-8.0,28.0,-66.0,3700000.0,1.0,gamma,140.0,point,isotropic,0.7,3700000.0,1.0
2011,22,39,-6.0,28.0,-66.0,3700000.0,1.0,gamma,140.0,point,isotropic,0.7,3700000.0,1.0
2012,23,39,-4.0,28.0,-66.0,3700000.0,1.0,gamma,140.0,point,isotropic,0.7,3700000.0,1.0
2013,24,39,-2.0,28.0,-66.0,3700000.0,1.0,gamma,140.0,point,isotropic,0.7,3700000.0,1.0
2014,25,39,0.0,28.0,-66.0,3700000.0,1.0,gamma,140.0,point,isotropic,0.7,3700000.0,1.0
2015,26,39,2.0,28.0,-66.0,3700000.0,1.0,gamma,140.0,point,isotropic,0.7,3700000.0,1.0
2016,27,39,4.0,28.0,-66.0,3700000.0,1.0,gamma,140.0,point,isotropic,0.7,3700000.0,1.0
2017,28,39,6.0,28.0,-66.0,3700000.0,1.0,gamma,140.0,point,isotropic,0.7,3700000.0,1.0
2018,29,39,8.0,28.0,-66.0,3700000.0,1.0,gamma,140.0,point,isotropic,0.7,3700000.0,1.0
2019,30,39,10.0,28.0,-66.0,3700000.0,1.0,gamma,140.0,point,isotropic,0.7,3700000.0,1.0
2020,31,39,12.0,28.0,-66.0,3700000.0,1.0,gamma,140.0,point,isotropic,0.7,3700000.0,1.0
2021,32,39,14.0,28.0,-66.0,3700000.0,1.0,gamma,140.0,point,isotropic,0.7,3700000.0,1.0
2022,33,39,16.0,28.0,-66.0,3700000.0,1.0,gamma,140.0,point,isotropic,0.7,3700000.0,1.0
2023,34,39,18.0,28.0,-66.0,3700000.0,1.0,gamma,140.0,point,isotropic,0.7,3700000.0,1.0
2024,35,39,20.0,28.0,-66.0,3700000.0,1.0,gamma,140.0,point,isotropic,0.7,3700000.0,1.0
2025,36,39,22.0,28.0,-66.0,3700000.0,1.0,gamma,140.0,point,isotropic,0.7,3700000.0,1.0
2026,37,39,24.0,28.0,-66.0,3700000.0,1.0,gamma,140.0,point,isotropic,0.7,3700000.0,1.0
2027,38,39,26.0,28.0,-66.0,3700000.0,1.0,gamma,140.0,point,isotropic,0.7,3700000.0,1.0
2028,39,39,28.0,28.0,-66.0,3700000.0,1.0,gamma,140.0,point,isotropic,0.7,3700000.0,1.0
2029,40,39,30.0,28.0,-66.0,3700000.0,1.0,gamma,140.0,point,isotropic,0.7,3700000.0,1.0
2030,41,39,32.0,28.0,-66.0,3700000.0,1.0,gamma,140.0,point,isotropic,0.7,3700000.0,1.0
2031,42,39,34.0,28.0,-66.0,3700000.0,1.0,gamma,140.0,point,isotropic,0.7,3700000.0,1.0
2032,43,39,36.0,28.0,-66.0,3700000.0,1.0,gamma,140.0,point,isotropic,0.7,3700000.0,1.0
2033,44,39,38.0,28.0,-66.0,3700000.0,1.0,gamma,140.0,point,isotropic,0.7,3700000.0,1.0
2034,45,39,40.0,28.0,-66.0,3700000.0,1.0,gamma,140.0,point,isotropic,0.7,3700000.0,1.0
2035,46,39,42.0,28.0,-66.0,3700000.0,1.0,gamma,140.0,point,isotropic,0.7,3700000.0,1.0
2036,47,39,44.0,28.0,-66.0,3700000.0,1.0,gamma,140.0,point,isotropic,0.7,3700000.0,1.0
2037,48,39,46.0,28.0,-66.0,3700000.0,1.0,gamma,140.0,point,isotropic,0.7,3700000.0,1.0
2038,49,39,48.0,28.0,-66.0,3700000.0,1.0,gamma,140.0,point,isotropic,0.7,3700000.0,1.0
2039,50,39,50.0,28.0,-66.0,3700000.0,1.0,gamma,140.0,point,isotropic,0.7,3700000.0,1.0
2040,0,40,-50.0,30.0,-66.0,3700000.0,1.0,gamma,140.0,point,isotropic,0.7,3700000.0,1.0
2041,1,40,-48.0,30.0,-66.0,3700000.0,1.0,gamma,140.0,point,isotropic,0.7,3700000.0,1.0
2042,2,40,-46.0,30.0,-66.0,3700000.0,1.0,gamma,140.0,point,isotropic,0.7,3700000.0,1.0
2043,3,40,-44.0,30.0,-66.0,3700000.0,1.0,gamma,140.0,point,isotropic,0.7,3700000.0,1.0
2044,4,40,-42.0,30.0,-66.0,3700000.0,1.0,gamma,140.0,point,isotropic,0.7,3700000.0,1.0
2045,5,40,-40.0,30.0,-66.0,3700000.0,1.0,gamma,140.0,point,isotropic,0.7,3700000.0,1.0
2046,6,40,-38.0,30.0,-66.0,3700000.0,1.0,gamma,140.0,point,isotropic,0.7,3700000.0,1.0
2047,7,40,-36.0,30.0,-66.0,3700000.0,1.0,gamma,140.0,point,isotropic,0.7,3700000.0,1.0
2048,8,40,-34.0,30.0,-66.0,3700000.0,1.0,gamma,140.0,point,isotropic,0.7,3700000.0,1.0
2049,9,40,-32.0,30.0,-66.0,3700000.0,1.0,gamma,140.0,point,isotropic,0.7,3700000.0,1.0
2050,10,40,-30.0,30.0,-66.0,3700000.0,1.0,gamma,140.0,point,isotropic,0.7,3700000.0,1.0
2051,11,40,-28.0,30.0,-66.0,3700000.0,1.0,gamma,140.0,point,isotropic,0.7,3700000.0,1.0
2052,12,40,-26.0,30.0,-66.0,3700000.0,1.0,gamma,140.0,point,isotropic,0.7,3700000.0,1.0
2053,13,40,-24.0,30.0,-66.0,3700000.0,1.0,gamma,140.0,point,isotropic,0.7,3700000.0,1.0
2054,14,40,-22.0,30.0,-66.0,3700000.0,1.0,gamma,140.0,point,isotropic,0.7,3700000.0,1.0
2055,15,40,-20.0,30.0,-66.0,3700000.0,1.0,gamma,140.0,point,isotropic,0.7,3700000.0,1.0
2056,16,40,-18.0,30.0,-66.0,3700000.0,1.0,gamma,140.0,point,isotropic,0.7,3700000.0,1.0
2057,17,40,-16.0,30.0,-66.0,3700000.0,1.0,gamma,140.0,point,isotropic,0.7,3700000.0,1.0
2058,18,40,-14.0,30.0,-66.0,3700000.0,1.0,gamma,140.0,point,isotropic,0.7,3700000.0,1.0
2059,19,40,-12.0,30.0,-66.0,3700000.0,1.0,gamma,140.0,point,isotropic,0.7,3700000.0,1.0
2060,20,40,-10.0,30.0,-66.0,3700000.0,1.0,gamma,140.0,point,isotropic,0.7,3700000.0,1.0
2061,21,40,-8.0,30.0,-66.0,3700000.0,1.0,gamma,140.0,point,isotropic,0.7,3700000.0,1.0
2062,22,40,-6.0,30.0,-66.0,3700000.0,1.0,gamma,140.0,point,isotropic,0.7,3700000.0,1.0
2063,23,40,-4.0,30.0,-66.0,3700000.0,1.0,gamma,140.0,point,isotropic,0.7,3700000.0,1.0
2064,24,40,-2.0,30.0,-66.0,3700000.0,1.0,gamma,140.0,point,isotropic,0.7,3700000.0,1.0
2065,25,40,0.0,30.0,-66.0,3700000.0,1.0,gamma,140.0,point,isotropic,0.7,3700000.0,1.0
2066,26,40,2.0,30.0,-66.0,3700000.0,1.0,gamma,140.0,point,isotropic,0.7,3700000.0,1.0
2067,27,40,4.0,30.0,-66.0,3700000.0,1.0,gamma,140.0,point,isotropic,0.7,3700000.0,1.0
2068,28,40,6.0,30.0,-66.0,3700000.0,1.0,gamma,140.0,point,isotropic,0.7,3700000.0,1.0
2069,29,40,8.0,30.0,-66.0,3700000.0,1.0,gamma,140.0,point,isotropic,0.7,3700000.0,1.0
2070,30,40,10.0,30.0,-66.0,3700000.0,1.0,gamma,140.0,point,isotropic,0.7,3700000.0,1.0
2071,31,40,12.0,30.0,-66.0,3700000.0,1.0,gamma,140.0,point,isotropic,0.7,3700000.0,1.0
2072,32,40,14.0,30.0,-66.0,3700000.0,1.0,gamma,140.0,point,isotropic,0.7,3700000.0,1.0
2073,33,40,16.0,30.0,-66.0,3700000.0,1.0,gamma,140.0,point,isotropic,0.7,3700000.0,1.0
2074,34,40,18.0,30.0,-66.0,3700000.0,1.0,gamma,140.0,point,isotropic,0.7,3700000.0,1.0
2075,35,40,20.0,30.0,-66.0,3700000.0,1.0,gamma,140.0,point,isotropic,0.7,3700000.0,1.0
2076,36,40,22.0,30.0,-66.0,3700000.0,1.0,gamma,140.0,point,isotropic,0.7,3700000.0,1.0
2077,37,40,24.0,30.0,-66.0,3700000.0,1.0,gamma,140.0,point,isotropic,0.7,3700000.0,1.0
2078,38,40,26.0,30.0,-66.0,3700000.0,1.0,gamma,140.0,point,isotropic,0.7,3700000.0,1.0
2079,39,40,28.0,30.0,-66.0,3700000.0,1.0,gamma,140.0,point,isotropic,0.7,3700000.0,1.0
2080,40,40,30.0,30.0,-66.0,3700000.0,1.0,gamma,140.0,point,isotropic,0.7,3700000.0,1.0
2081,41,40,32.0,30.0,-66.0,3700000.0,1.0,gamma,140.0,point,isotropic,0.7,3700000.0,1.0
2082,42,40,34.0,30.0,-66.0,3700000.0,1.0,gamma,140.0,point,isotropic,0.7,3700000.0,1.0
2083,43,40,36.0,30.0,-66.0,3700000.0,1.0,gamma,140.0,point,isotropic,0.7,3700000.0,1.0
2084,44,40,38.0,30.0,-66.0,3700000.0,1.0,gamma,140.0,point,isotropic,0.7,3700000.0,1.0
2085,45,40,40.0,30.0,-66.0,3700000.0,1.0,gamma,140.0,point,isotropic,0.7,3700000.0,1.0
2086,46,40,42.0,30.0,-66.0,3700000.0,1.0,gamma,140.0,point,isotropic,0.7,3700000.0,1.0
2087,47,40,44.0,30.0,-66.0,3700000.0,1.0,gamma,140.0,point,isotropic,0.7,3700000.0,1.0
2088,48,40,46.0,30.0,-66.0,3700000.0,1.0,gamma,140.0,point,isotropic,0.7,3700000.0,1.0
2089,49,40,48.0,30.0,-66.0,3700000.0,1.0,gamma,140.0,point,isotropic,0.7,3700000.0,1.0
2090,50,40,50.0,30.0,-66.0,3700000.0,1.0,gamma,140.0,point,isotropic,0.7,3700000.0,1.0
2091,0,41,-50.0,32.0,-66.0,3700000.0,1.0,gamma,140.0,point,isotropic,0.7,3700000.0,1.0
2092,1,41,-48.0,32.0,-66.0,3700000.0,1.0,gamma,140.0,point,isotropic,0.7,3700000.0,1.0
2093,2,41,-46.0,32.0,-66.0,3700000.0,1.0,gamma,140.0,point,isotropic,0.7,3700000.0,1.0
2094,3,41,-44.0,32.0,-66.0,3700000.0,1.0,gamma,140.0,point,isotropic,0.7,3700000.0,1.0
2095,4,41,-42.0,32.0,-66.0,3700000.0,1.0,gamma,140.0,point,isotropic,0.7,3700000.0,1.0
2096,5,41,-40.0,32.0,-66.0,3700000.0,1.0,gamma,140.0,point,isotropic,0.7,3700000.0,1.0
2097,6,41,-38.0,32.0,-66.0,3700000.0,1.0,gamma,140.0,point,isotropic,0.7,3700000.0,1.0
2098,7,41,-36.0,32.0,-66.0,3700000.0,1.0,gamma,140.0,point,isotropic,0.7,3700000.0,1.0
2099,8,41,-34.0,32.0,-66.0,3700000.0,1.0,gamma,140.0,point,isotropic,0.7,3700000.0,1.0
2100,9,41,-32.0,32.0,-66.0,3700000.0,1.0,gamma,140.0,point,isotropic,0.7,3700000.0,1.0
2101,10,41,-30.0,32.0,-66.0,3700000.0,1.0,gamma,140.0,point,isotropic,0.7,3700000.0,1.0
2102,11,41,-28.0,32.0,-66.0,3700000.0,1.0,gamma,140.0,point,isotropic,0.7,3700000.0,1.0
2103,12,41,-26.0,32.0,-66.0,3700000.0,1.0,gamma,140.0,point,isotropic,0.7,3700000.0,1.0
2104,13,41,-24.0,32.0,-66.0,3700000.0,1.0,gamma,140.0,point,isotropic,0.7,3700000.0,1.0
2105,14,41,-22.0,32.0,-66.0,3700000.0,1.0,gamma,140.0,point,isotropic,0.7,3700000.0,1.0
2106,15,41,-20.0,32.0,-66.0,3700000.0,1.0,gamma,140.0,point,isotropic,0.7,3700000.0,1.0
2107,16,41,-18.0,32.0,-66.0,3700000.0,1.0,gamma,140.0,point,isotropic,0.7,3700000.0,1.0
2108,17,41,-16.0,32.0,-66.0,3700000.0,1.0,gamma,140.0,point,isotropic,0.7,3700000.0,1.0
2109,18,41,-14.0,32.0,-66.0,3700000.0,1.0,gamma,140.0,point,isotropic,0.7,3700000.0,1.0
2110,19,41,-12.0,32.0,-66.0,3700000.0,1.0,gamma,140.0,point,isotropic,0.7,3700000.0,1.0
2111,20,41,-10.0,32.0,-66.0,3700000.0,1.0,gamma,140.0,point,isotropic,0.7,3700000.0,1.0
2112,21,41,-8.0,32.0,-66.0,3700000.0,1.0,gamma,140.0,point,isotropic,0.7,3700000.0,1.0
2113,22,41,-6.0,32.0,-66.0,3700000.0,1.0,gamma,140.0,point,isotropic,0.7,3700000.0,1.0
2114,23,41,-4.0,32.0,-66.0,3700000.0,1.0,gamma,140.0,point,isotropic,0.7,3700000.0,1.0
2115,24,41,-2.0,32.0,-66.0,3700000.0,1.0,gamma,140.0,point,isotropic,0.7,3700000.0,1.0
2116,25,41,0.0,32.0,-66.0,3700000.0,1.0,gamma,140.0,point,isotropic,0.7,3700000.0,1.0
2117,26,41,2.0,32.0,-66.0,3700000.0,1.0,gamma,140.0,point,isotropic,0.7,3700000.0,1.0
2118,27,41,4.0,32.0,-66.0,3700000.0,1.0,gamma,140.0,point,isotropic,0.7,3700000.0,1.0
2119,28,41,6.0,32.0,-66.0,3700000.0,1.0,gamma,140.0,point,isotropic,0.7,3700000.0,1.0
2120,29,41,8.0,32.0,-66.0,3700000.0,1.0,gamma,140.0,point,isotropic,0.7,3700000.0,1.0
2121,30,41,10.0,32.0,-66.0,3700000.0,1.0,gamma,140.0,point,isotropic,0.7,3700000.0,1.0
2122,31,41,12.0,32.0,-66.0,3700000.0,1.0,gamma,140.0,point,isotropic,0.7,3700000.0,1.0
2123,32,41,14.0,32.0,-66.0,3700000.0,1.0,gamma,140.0,point,isotropic,0.7,3700000.0,1.0
2124,33,41,16.0,32.0,-66.0,3700000.0,1.0,gamma,140.0,point,isotropic,0.7,3700000.0,1.0
2125,34,41,18.0,32.0,-66.0,3700000.0,1.0,gamma,140.0,point,isotropic,0.7,3700000.0,1.0
2126,35,41,20.0,32.0,-66.0,3700000.0,1.0,gamma,140.0,point,isotropic,0.7,3700000.0,1.0
2127,36,41,22.0,32.0,-66.0,3700000.0,1.0,gamma,140.0,point,isotropic,0.7,3700000.0,1.0
2128,37,41,24.0,32.0,-66.0,3700000.0,1.0,gamma,140.0,point,isotropic,0.7,3700000.0,1.0
2129,38,41,26.0,32.0,-66.0,3700000.0,1.0,gamma,140.0,point,isotropic,0.7,3700000.0,1.0
2130,39,41,28.0,32.0,-66.0,3700000.0,1.0,gamma,140.0,point,isotropic,0.7,3700000.0,1.0
2131,40,41,30.0,32.0,-66.0,3700000.0,1.0,gamma,140.0,point,isotropic,0.7,3700000.0,1.0
2132,41,41,32.0,32.0,-66.0,3700000.0,1.0,gamma,140.0,point,isotropic,0.7,3700000.0,1.0
2133,42,41,34.0,32.0,-66.0,3700000.0,1.0,gamma,140.0,point,isotropic,0.7,3700000.0,1.0
2134,43,41,36.0,32.0,-66.0,3700000.0,1.0,gamma,140.0,point,isotropic,0.7,3700000.0,1.0
2135,44,41,38.0,32.0,-66.0,3700000.0,1.0,gamma,140.0,point,isotropic,0.7,3700000.0,1.0
2136,45,41,40.0,32.0,-66.0,3700000.0,1.0,gamma,140.0,point,isotropic,0.7,3700000.0,1.0
2137,46,41,42.0,32.0,-66.0,3700000.0,1.0,gamma,140.0,point,isotropic,0.7,3700000.0,1.0
2138,47,41,44.0,32.0,-66.0,3700000.0,1.0,gamma,140.0,point,isotropic,0.7,3700000.0,1.0
2139,48,41,46.0,32.0,-66.0,3700000.0,1.0,gamma,140.0,point,isotropic,0.7,3700000.0,1.0
2140,49,41,48.0,32.0,-66.0,3700000.0,1.0,gamma,140.0,point,isotropic,0.7,3700000.0,1.0
2141,50,41,50.0,32.0,-66.0,3700000.0,1.0,gamma,140.0,point,isotropic,0.7,3700000.0,1.0
2142,0,42,-50.0,34.0,-66.0,3700000.0,1.0,gamma,140.0,point,isotropic,0.7,3700000.0,1.0
2143,1,42,-48.0,34.0,-66.0,3700000.0,1.0,gamma,140.0,point,isotropic,0.7,3700000.0,1.0
2144,2,42,-46.0,34.0,-66.0,3700000.0,1.0,gamma,140.0,point,isotropic,0.7,3700000.0,1.0
2145,3,42,-44.0,34.0,-66.0,3700000.0,1.0,gamma,140.0,point,isotropic,0.7,3700000.0,1.0
2146,4,42,-42.0,34.0,-66.0,3700000.0,1.0,gamma,140.0,point,isotropic,0.7,3700000.0,1.0
2147,5,42,-40.0,34.0,-66.0,3700000.0,1.0,gamma,140.0,point,isotropic,0.7,3700000.0,1.0
2148,6,42,-38.0,34.0,-66.0,3700000.0,1.0,gamma,140.0,point,isotropic,0.7,3700000.0,1.0
2149,7,42,-36.0,34.0,-66.0,3700000.0,1.0,gamma,140.0,point,isotropic,0.7,3700000.0,1.0
2150,8,42,-34.0,34.0,-66.0,3700000.0,1.0,gamma,140.0,point,isotropic,0.7,3700000.0,1.0
2151,9,42,-32.0,34.0,-66.0,3700000.0,1.0,gamma,140.0,point,isotropic,0.7,3700000.0,1.0
2152,10,42,-30.0,34.0,-66.0,3700000.0,1.0,gamma,140.0,point,isotropic,0.7,3700000.0,1.0
2153,11,42,-28.0,34.0,-66.0,3700000.0,1.0,gamma,140.0,point,isotropic,0.7,3700000.0,1.0
2154,12,42,-26.0,34.0,-66.0,3700000.0,1.0,gamma,140.0,point,isotropic,0.7,3700000.0,1.0
2155,13,42,-24.0,34.0,-66.0,3700000.0,1.0,gamma,140.0,point,isotropic,0.7,3700000.0,1.0
2156,14,42,-22.0,34.0,-66.0,3700000.0,1.0,gamma,140.0,point,isotropic,0.7,3700000.0,1.0
2157,15,42,-20.0,34.0,-66.0,3700000.0,1.0,gamma,140.0,point,isotropic,0.7,3700000.0,1.0
2158,16,42,-18.0,34.0,-66.0,3700000.0,1.0,gamma,140.0,point,isotropic,0.7,3700000.0,1.0
2159,17,42,-16.0,34.0,-66.0,3700000.0,1.0,gamma,140.0,point,isotropic,0.7,3700000.0,1.0
2160,18,42,-14.0,34.0,-66.0,3700000.0,1.0,gamma,140.0,point,isotropic,0.7,3700000.0,1.0
2161,19,42,-12.0,34.0,-66.0,3700000.0,1.0,gamma,140.0,point,isotropic,0.7,3700000.0,1.0
2162,20,42,-10.0,34.0,-66.0,3700000.0,1.0,gamma,140.0,point,isotropic,0.7,3700000.0,1.0
2163,21,42,-8.0,34.0,-66.0,3700000.0,1.0,gamma,140.0,point,isotropic,0.7,3700000.0,1.0
2164,22,42,-6.0,34.0,-66.0,3700000.0,1.0,gamma,140.0,point,isotropic,0.7,3700000.0,1.0
2165,23,42,-4.0,34.0,-66.0,3700000.0,1.0,gamma,140.0,point,isotropic,0.7,3700000.0,1.0
2166,24,42,-2.0,34.0,-66.0,3700000.0,1.0,gamma,140.0,point,isotropic,0.7,3700000.0,1.0
2167,25,42,0.0,34.0,-66.0,3700000.0,1.0,gamma,140.0,point,isotropic,0.7,3700000.0,1.0
2168,26,42,2.0,34.0,-66.0,3700000.0,1.0,gamma,140.0,point,isotropic,0.7,3700000.0,1.0
2169,27,42,4.0,34.0,-66.0,3700000.0,1.0,gamma,140.0,point,isotropic,0.7,3700000.0,1.0
2170,28,42,6.0,34.0,-66.0,3700000.0,1.0,gamma,140.0,point,isotropic,0.7,3700000.0,1.0
2171,29,42,8.0,34.0,-66.0,3700000.0,1.0,gamma,140.0,point,isotropic,0.7,3700000.0,1.0
2172,30,42,10.0,34.0,-66.0,3700000.0,1.0,gamma,140.0,point,isotropic,0.7,3700000.0,1.0
2173,31,42,12.0,34.0,-66.0,3700000.0,1.0,gamma,140.0,point,isotropic,0.7,3700000.0,1.0
2174,32,42,14.0,34.0,-66.0,3700000.0,1.0,gamma,140.0,point,isotropic,0.7,3700000.0,1.0
2175,33,42,16.0,34.0,-66.0,3700000.0,1.0,gamma,140.0,point,isotropic,0.7,3700000.0,1.0
2176,34,42,18.0,34.0,-66.0,3700000.0,1.0,gamma,140.0,point,isotropic,0.7,3700000.0,1.0
2177,35,42,20.0,34.0,-66.0,3700000.0,1.0,gamma,140.0,point,isotropic,0.7,3700000.0,1.0
2178,36,42,22.0,34.0,-66.0,3700000.0,1.0,gamma,140.0,point,isotropic,0.7,3700000.0,1.0
2179,37,42,24.0,34.0,-66.0,3700000.0,1.0,gamma,140.0,point,isotropic,0.7,3700000.0,1.0
2180,38,42,26.0,34.0,-66.0,3700000.0,1.0,gamma,140.0,point,isotropic,0.7,3700000.0,1.0
2181,39,42,28.0,34.0,-66.0,3700000.0,1.0,gamma,140.0,point,isotropic,0.7,3700000.0,1.0
2182,40,42,30.0,34.0,-66.0,3700000.0,1.0,gamma,140.0,point,isotropic,0.7,3700000.0,1.0
2183,41,42,32.0,34.0,-66.0,3700000.0,1.0,gamma,140.0,point,isotropic,0.7,3700000.0,1.0
2184,42,42,34.0,34.0,-66.0,3700000.0,1.0,gamma,140.0,point,isotropic,0.7,3700000.0,1.0
2185,43,42,36.0,34.0,-66.0,3700000.0,1.0,gamma,140.0,point,isotropic,0.7,3700000.0,1.0
2186,44,42,38.0,34.0,-66.0,3700000.0,1.0,gamma,140.0,point,isotropic,0.7,3700000.0,1.0
2187,45,42,40.0,34.0,-66.0,3700000.0,1.0,gamma,140.0,point,isotropic,0.7,3700000.0,1.0
2188,46,42,42.0,34.0,-66.0,3700000.0,1.0,gamma,140.0,point,isotropic,0.7,3700000.0,1.0
2189,47,42,44.0,34.0,-66.0,3700000.0,1.0,gamma,140.0,point,isotropic,0.7,3700000.0,1.0
2190,48,42,46.0,34.0,-66.0,3700000.0,1.0,gamma,140.0,point,isotropic,0.7,3700000.0,1.0
2191,49,42,48.0,34.0,-66.0,3700000.0,1.0,gamma,140.0,point,isotropic,0.7,3700000.0,1.0
2192,50,42,50.0,34.0,-66.0,3700000.0,1.0,gamma,140.0,point,isotropic,0.7,3700000.0,1.0
2193,0,43,-50.0,36.0,-66.0,3700000.0,1.0,gamma,140.0,point,isotropic,0.7,3700000.0,1.0
2194,1,43,-48.0,36.0,-66.0,3700000.0,1.0,gamma,140.0,point,isotropic,0.7,3700000.0,1.0
2195,2,43,-46.0,36.0,-66.0,3700000.0,1.0,gamma,140.0,point,isotropic,0.7,3700000.0,1.0
2196,3,43,-44.0,36.0,-66.0,3700000.0,1.0,gamma,140.0,point,isotropic,0.7,3700000.0,1.0
2197,4,43,-42.0,36.0,-66.0,3700000.0,1.0,gamma,140.0,point,isotropic,0.7,3700000.0,1.0
2198,5,43,-40.0,36.0,-66.0,3700000.0,1.0,gamma,140.0,point,isotropic,0.7,3700000.0,1.0
2199,6,43,-38.0,36.0,-66.0,3700000.0,1.0,gamma,140.0,point,isotropic,0.7,3700000.0,1.0
2200,7,43,-36.0,36.0,-66.0,3700000.0,1.0,gamma,140.0,point,isotropic,0.7,3700000.0,1.0
2201,8,43,-34.0,36.0,-66.0,3700000.0,1.0,gamma,140.0,point,isotropic,0.7,3700000.0,1.0
2202,9,43,-32.0,36.0,-66.0,3700000.0,1.0,gamma,140.0,point,isotropic,0.7,3700000.0,1.0
2203,10,43,-30.0,36.0,-66.0,3700000.0,1.0,gamma,140.0,point,isotropic,0.7,3700000.0,1.0
2204,11,43,-28.0,36.0,-66.0,3700000.0,1.0,gamma,140.0,point,isotropic,0.7,3700000.0,1.0
2205,12,43,-26.0,36.0,-66.0,3700000.0,1.0,gamma,140.0,point,isotropic,0.7,3700000.0,1.0
2206,13,43,-24.0,36.0,-66.0,3700000.0,1.0,gamma,140.0,point,isotropic,0.7,3700000.0,1.0
2207,14,43,-22.0,36.0,-66.0,3700000.0,1.0,gamma,140.0,point,isotropic,0.7,3700000.0,1.0
2208,15,43,-20.0,36.0,-66.0,3700000.0,1.0,gamma,140.0,point,isotropic,0.7,3700000.0,1.0
2209,16,43,-18.0,36.0,-66.0,3700000.0,1.0,gamma,140.0,point,isotropic,0.7,3700000.0,1.0
2210,17,43,-16.0,36.0,-66.0,3700000.0,1.0,gamma,140.0,point,isotropic,0.7,3700000.0,1.0
2211,18,43,-14.0,36.0,-66.0,3700000.0,1.0,gamma,140.0,point,isotropic,0.7,3700000.0,1.0
2212,19,43,-12.0,36.0,-66.0,3700000.0,1.0,gamma,140.0,point,isotropic,0.7,3700000.0,1.0
2213,20,43,-10.0,36.0,-66.0,3700000.0,1.0,gamma,140.0,point,isotropic,0.7,3700000.0,1.0
2214,21,43,-8.0,36.0,-66.0,3700000.0,1.0,gamma,140.0,point,isotropic,0.7,3700000.0,1.0
2215,22,43,-6.0,36.0,-66.0,3700000.0,1.0,gamma,140.0,point,isotropic,0.7,3700000.0,1.0
2216,23,43,-4.0,36.0,-66.0,3700000.0,1.0,gamma,140.0,point,isotropic,0.7,3700000.0,1.0
2217,24,43,-2.0,36.0,-66.0,3700000.0,1.0,gamma,140.0,point,isotropic,0.7,3700000.0,1.0
2218,25,43,0.0,36.0,-66.0,3700000.0,1.0,gamma,140.0,point,isotropic,0.7,3700000.0,1.0
2219,26,43,2.0,36.0,-66.0,3700000.0,1.0,gamma,140.0,point,isotropic,0.7,3700000.0,1.0
2220,27,43,4.0,36.0,-66.0,3700000.0,1.0,gamma,140.0,point,isotropic,0.7,3700000.0,1.0
2221,28,43,6.0,36.0,-66.0,3700000.0,1.0,gamma,140.0,point,isotropic,0.7,3700000.0,1.0
2222,29,43,8.0,36.0,-66.0,3700000.0,1.0,gamma,140.0,point,isotropic,0.7,3700000.0,1.0
2223,30,43,10.0,36.0,-66.0,3700000.0,1.0,gamma,140.0,point,isotropic,0.7,3700000.0,1.0
2224,31,43,12.0,36.0,-66.0,3700000.0,1.0,gamma,140.0,point,isotropic,0.7,3700000.0,1.0
2225,32,43,14.0,36.0,-66.0,3700000.0,1.0,gamma,140.0,point,isotropic,0.7,3700000.0,1.0
2226,33,43,16.0,36.0,-66.0,3700000.0,1.0,gamma,140.0,point,isotropic,0.7,3700000.0,1.0
2227,34,43,18.0,36.0,-66.0,3700000.0,1.0,gamma,140.0,point,isotropic,0.7,3700000.0,1.0
2228,35,43,20.0,36.0,-66.0,3700000.0,1.0,gamma,140.0,point,isotropic,0.7,3700000.0,1.0
2229,36,43,22.0,36.0,-66.0,3700000.0,1.0,gamma,140.0,point,isotropic,0.7,3700000.0,1.0
2230,37,43,24.0,36.0,-66.0,3700000.0,1.0,gamma,140.0,point,isotropic,0.7,3700000.0,1.0
2231,38,43,26.0,36.0,-66.0,3700000.0,1.0,gamma,140.0,point,isotropic,0.7,3700000.0,1.0
2232,39,43,28.0,36.0,-66.0,3700000.0,1.0,gamma,140.0,point,isotropic,0.7,3700000.0,1.0
2233,40,43,30.0,36.0,-66.0,3700000.0,1.0,gamma,140.0,point,isotropic,0.7,3700000.0,1.0
2234,41,43,32.0,36.0,-66.0,3700000.0,1.0,gamma,140.0,point,isotropic,0.7,3700000.0,1.0
2235,42,43,34.0,36.0,-66.0,3700000.0,1.0,gamma,140.0,point,isotropic,0.7,3700000.0,1.0
2236,43,43,36.0,36.0,-66.0,3700000.0,1.0,gamma,140.0,point,isotropic,0.7,3700000.0,1.0
2237,44,43,38.0,36.0,-66.0,3700000.0,1.0,gamma,140.0,point,isotropic,0.7,3700000.0,1.0
2238,45,43,40.0,36.0,-66.0,3700000.0,1.0,gamma,140.0,point,isotropic,0.7,3700000.0,1.0
2239,46,43,42.0,36.0,-66.0,3700000.0,1.0,gamma,140.0,point,isotropic,0.7,3700000.0,1.0
2240,47,43,44.0,36.0,-66.0,3700000.0,1.0,gamma,140.0,point,isotropic,0.7,3700000.0,1.0
2241,48,43,46.0,36.0,-66.0,3700000.0,1.0,gamma,140.0,point,isotropic,0.7,3700000.0,1.0
2242,49,43,48.0,36.0,-66.0,3700000.0,1.0,gamma,140.0,point,isotropic,0.7,3700000.0,1.0
2243,50,43,50.0,36.0,-66.0,3700000.0,1.0,gamma,140.0,point,isotropic,0.7,3700000.0,1.0
2244,0,44,-50.0,38.0,-66.0,3700000.0,1.0,gamma,140.0,point,isotropic,0.7,3700000.0,1.0
2245,1,44,-48.0,38.0,-66.0,3700000.0,1.0,gamma,140.0,point,isotropic,0.7,3700000.0,1.0
2246,2,44,-46.0,38.0,-66.0,3700000.0,1.0,gamma,140.0,point,isotropic,0.7,3700000.0,1.0
2247,3,44,-44.0,38.0,-66.0,3700000.0,1.0,gamma,140.0,point,isotropic,0.7,3700000.0,1.0
2248,4,44,-42.0,38.0,-66.0,3700000.0,1.0,gamma,140.0,point,isotropic,0.7,3700000.0,1.0
2249,5,44,-40.0,38.0,-66.0,3700000.0,1.0,gamma,140.0,point,isotropic,0.7,3700000.0,1.0
2250,6,44,-38.0,38.0,-66.0,3700000.0,1.0,gamma,140.0,point,isotropic,0.7,3700000.0,1.0
2251,7,44,-36.0,38.0,-66.0,3700000.0,1.0,gamma,140.0,point,isotropic,0.7,3700000.0,1.0
2252,8,44,-34.0,38.0,-66.0,3700000.0,1.0,gamma,140.0,point,isotropic,0.7,3700000.0,1.0
2253,9,44,-32.0,38.0,-66.0,3700000.0,1.0,gamma,140.0,point,isotropic,0.7,3700000.0,1.0
2254,10,44,-30.0,38.0,-66.0,3700000.0,1.0,gamma,140.0,point,isotropic,0.7,3700000.0,1.0
2255,11,44,-28.0,38.0,-66.0,3700000.0,1.0,gamma,140.0,point,isotropic,0.7,3700000.0,1.0
2256,12,44,-26.0,38.0,-66.0,3700000.0,1.0,gamma,140.0,point,isotropic,0.7,3700000.0,1.0
2257,13,44,-24.0,38.0,-66.0,3700000.0,1.0,gamma,140.0,point,isotropic,0.7,3700000.0,1.0
2258,14,44,-22.0,38.0,-66.0,3700000.0,1.0,gamma,140.0,point,isotropic,0.7,3700000.0,1.0
2259,15,44,-20.0,38.0,-66.0,3700000.0,1.0,gamma,140.0,point,isotropic,0.7,3700000.0,1.0
2260,16,44,-18.0,38.0,-66.0,3700000.0,1.0,gamma,140.0,point,isotropic,0.7,3700000.0,1.0
2261,17,44,-16.0,38.0,-66.0,3700000.0,1.0,gamma,140.0,point,isotropic,0.7,3700000.0,1.0
2262,18,44,-14.0,38.0,-66.0,3700000.0,1.0,gamma,140.0,point,isotropic,0.7,3700000.0,1.0
2263,19,44,-12.0,38.0,-66.0,3700000.0,1.0,gamma,140.0,point,isotropic,0.7,3700000.0,1.0
2264,20,44,-10.0,38.0,-66.0,3700000.0,1.0,gamma,140.0,point,isotropic,0.7,3700000.0,1.0
2265,21,44,-8.0,38.0,-66.0,3700000.0,1.0,gamma,140.0,point,isotropic,0.7,3700000.0,1.0
2266,22,44,-6.0,38.0,-66.0,3700000.0,1.0,gamma,140.0,point,isotropic,0.7,3700000.0,1.0
2267,23,44,-4.0,38.0,-66.0,3700000.0,1.0,gamma,140.0,point,isotropic,0.7,3700000.0,1.0
2268,24,44,-2.0,38.0,-66.0,3700000.0,1.0,gamma,140.0,point,isotropic,0.7,3700000.0,1.0
2269,25,44,0.0,38.0,-66.0,3700000.0,1.0,gamma,140.0,point,isotropic,0.7,3700000.0,1.0
2270,26,44,2.0,38.0,-66.0,3700000.0,1.0,gamma,140.0,point,isotropic,0.7,3700000.0,1.0
2271,27,44,4.0,38.0,-66.0,3700000.0,1.0,gamma,140.0,point,isotropic,0.7,3700000.0,1.0
2272,28,44,6.0,38.0,-66.0,3700000.0,1.0,gamma,140.0,point,isotropic,0.7,3700000.0,1.0
2273,29,44,8.0,38.0,-66.0,3700000.0,1.0,gamma,140.0,point,isotropic,0.7,3700000.0,1.0
2274,30,44,10.0,38.0,-66.0,3700000.0,1.0,gamma,140.0,point,isotropic,0.7,3700000.0,1.0
2275,31,44,12.0,38.0,-66.0,3700000.0,1.0,gamma,140.0,point,isotropic,0.7,3700000.0,1.0
2276,32,44,14.0,38.0,-66.0,3700000.0,1.0,gamma,140.0,point,isotropic,0.7,3700000.0,1.0
2277,33,44,16.0,38.0,-66.0,3700000.0,1.0,gamma,140.0,point,isotropic,0.7,3700000.0,1.0
2278,34,44,18.0,38.0,-66.0,3700000.0,1.0,gamma,140.0,point,isotropic,0.7,3700000.0,1.0
2279,35,44,20.0,38.0,-66.0,3700000.0,1.0,gamma,140.0,point,isotropic,0.7,3700000.0,1.0
2280,36,44,22.0,38.0,-66.0,3700000.0,1.0,gamma,140.0,point,isotropic,0.7,3700000.0,1.0
2281,37,44,24.0,38.0,-66.0,3700000.0,1.0,gamma,140.0,point,isotropic,0.7,3700000.0,1.0
2282,38,44,26.0,38.0,-66.0,3700000.0,1.0,gamma,140.0,point,isotropic,0.7,3700000.0,1.0
2283,39,44,28.0,38.0,-66.0,3700000.0,1.0,gamma,140.0,point,isotropic,0.7,3700000.0,1.0
2284,40,44,30.0,38.0,-66.0,3700000.0,1.0,gamma,140.0,point,isotropic,0.7,3700000.0,1.0
2285,41,44,32.0,38.0,-66.0,3700000.0,1.0,gamma,140.0,point,isotropic,0.7,3700000.0,1.0
2286,42,44,34.0,38.0,-66.0,3700000.0,1.0,gamma,140.0,point,isotropic,0.7,3700000.0,1.0
2287,43,44,36.0,38.0,-66.0,3700000.0,1.0,gamma,140.0,point,isotropic,0.7,3700000.0,1.0
2288,44,44,38.0,38.0,-66.0,3700000.0,1.0,gamma,140.0,point,isotropic,0.7,3700000.0,1.0
2289,45,44,40.0,38.0,-66.0,3700000.0,1.0,gamma,140.0,point,isotropic,0.7,3700000.0,1.0
2290,46,44,42.0,38.0,-66.0,3700000.0,1.0,gamma,140.0,point,isotropic,0.7,3700000.0,1.0
2291,47,44,44.0,38.0,-66.0,3700000.0,1.0,gamma,140.0,point,isotropic,0.7,3700000.0,1.0
2292,48,44,46.0,38.0,-66.0,3700000.0,1.0,gamma,140.0,point,isotropic,0.7,3700000.0,1.0
2293,49,44,48.0,38.0,-66.0,3700000.0,1.0,gamma,140.0,point,isotropic,0.7,3700000.0,1.0
2294,50,44,50.0,38.0,-66.0,3700000.0,1.0,gamma,140.0,point,isotropic,0.7,3700000.0,1.0
2295,0,45,-50.0,40.0,-66.0,3700000.0,1.0,gamma,140.0,point,isotropic,0.7,3700000.0,1.0
2296,1,45,-48.0,40.0,-66.0,3700000.0,1.0,gamma,140.0,point,isotropic,0.7,3700000.0,1.0
2297,2,45,-46.0,40.0,-66.0,3700000.0,1.0,gamma,140.0,point,isotropic,0.7,3700000.0,1.0
2298,3,45,-44.0,40.0,-66.0,3700000.0,1.0,gamma,140.0,point,isotropic,0.7,3700000.0,1.0
2299,4,45,-42.0,40.0,-66.0,3700000.0,1.0,gamma,140.0,point,isotropic,0.7,3700000.0,1.0
2300,5,45,-40.0,40.0,-66.0,3700000.0,1.0,gamma,140.0,point,isotropic,0.7,3700000.0,1.0
2301,6,45,-38.0,40.0,-66.0,3700000.0,1.0,gamma,140.0,point,isotropic,0.7,3700000.0,1.0
2302,7,45,-36.0,40.0,-66.0,3700000.0,1.0,gamma,140.0,point,isotropic,0.7,3700000.0,1.0
2303,8,45,-34.0,40.0,-66.0,3700000.0,1.0,gamma,140.0,point,isotropic,0.7,3700000.0,1.0
2304,9,45,-32.0,40.0,-66.0,3700000.0,1.0,gamma,140.0,point,isotropic,0.7,3700000.0,1.0
2305,10,45,-30.0,40.0,-66.0,3700000.0,1.0,gamma,140.0,point,isotropic,0.7,3700000.0,1.0
2306,11,45,-28.0,40.0,-66.0,3700000.0,1.0,gamma,140.0,point,isotropic,0.7,3700000.0,1.0
2307,12,45,-26.0,40.0,-66.0,3700000.0,1.0,gamma,140.0,point,isotropic,0.7,3700000.0,1.0
2308,13,45,-24.0,40.0,-66.0,3700000.0,1.0,gamma,140.0,point,isotropic,0.7,3700000.0,1.0
2309,14,45,-22.0,40.0,-66.0,3700000.0,1.0,gamma,140.0,point,isotropic,0.7,3700000.0,1.0
2310,15,45,-20.0,40.0,-66.0,3700000.0,1.0,gamma,140.0,point,isotropic,0.7,3700000.0,1.0
2311,16,45,-18.0,40.0,-66.0,3700000.0,1.0,gamma,140.0,point,isotropic,0.7,3700000.0,1.0
2312,17,45,-16.0,40.0,-66.0,3700000.0,1.0,gamma,140.0,point,isotropic,0.7,3700000.0,1.0
2313,18,45,-14.0,40.0,-66.0,3700000.0,1.0,gamma,140.0,point,isotropic,0.7,3700000.0,1.0
2314,19,45,-12.0,40.0,-66.0,3700000.0,1.0,gamma,140.0,point,isotropic,0.7,3700000.0,1.0
2315,20,45,-10.0,40.0,-66.0,3700000.0,1.0,gamma,140.0,point,isotropic,0.7,3700000.0,1.0
2316,21,45,-8.0,40.0,-66.0,3700000.0,1.0,gamma,140.0,point,isotropic,0.7,3700000.0,1.0
2317,22,45,-6.0,40.0,-66.0,3700000.0,1.0,gamma,140.0,point,isotropic,0.7,3700000.0,1.0
2318,23,45,-4.0,40.0,-66.0,3700000.0,1.0,gamma,140.0,point,isotropic,0.7,3700000.0,1.0
2319,24,45,-2.0,40.0,-66.0,3700000.0,1.0,gamma,140.0,point,isotropic,0.7,3700000.0,1.0
2320,25,45,0.0,40.0,-66.0,3700000.0,1.0,gamma,140.0,point,isotropic,0.7,3700000.0,1.0
2321,26,45,2.0,40.0,-66.0,3700000.0,1.0,gamma,140.0,point,isotropic,0.7,3700000.0,1.0
2322,27,45,4.0,40.0,-66.0,3700000.0,1.0,gamma,140.0,point,isotropic,0.7,3700000.0,1.0
2323,28,45,6.0,40.0,-66.0,3700000.0,1.0,gamma,140.0,point,isotropic,0.7,3700000.0,1.0
2324,29,45,8.0,40.0,-66.0,3700000.0,1.0,gamma,140.0,point,isotropic,0.7,3700000.0,1.0
2325,30,45,10.0,40.0,-66.0,3700000.0,1.0,gamma,140.0,point,isotropic,0.7,3700000.0,1.0
2326,31,45,12.0,40.0,-66.0,3700000.0,1.0,gamma,140.0,point,isotropic,0.7,3700000.0,1.0
2327,32,45,14.0,40.0,-66.0,3700000.0,1.0,gamma,140.0,point,isotropic,0.7,3700000.0,1.0
2328,33,45,16.0,40.0,-66.0,3700000.0,1.0,gamma,140.0,point,isotropic,0.7,3700000.0,1.0
2329,34,45,18.0,40.0,-66.0,3700000.0,1.0,gamma,140.0,point,isotropic,0.7,3700000.0,1.0
2330,35,45,20.0,40.0,-66.0,3700000.0,1.0,gamma,140.0,point,isotropic,0.7,3700000.0,1.0
2331,36,45,22.0,40.0,-66.0,3700000.0,1.0,gamma,140.0,point,isotropic,0.7,3700000.0,1.0
2332,37,45,24.0,40.0,-66.0,3700000.0,1.0,gamma,140.0,point,isotropic,0.7,3700000.0,1.0
2333,38,45,26.0,40.0,-66.0,3700000.0,1.0,gamma,140.0,point,isotropic,0.7,3700000.0,1.0
2334,39,45,28.0,40.0,-66.0,3700000.0,1.0,gamma,140.0,point,isotropic,0.7,3700000.0,1.0
2335,40,45,30.0,40.0,-66.0,3700000.0,1.0,gamma,140.0,point,isotropic,0.7,3700000.0,1.0
2336,41,45,32.0,40.0,-66.0,3700000.0,1.0,gamma,140.0,point,isotropic,0.7,3700000.0,1.0
2337,42,45,34.0,40.0,-66.0,3700000.0,1.0,gamma,140.0,point,isotropic,0.7,3700000.0,1.0
2338,43,45,36.0,40.0,-66.0,3700000.0,1.0,gamma,140.0,point,isotropic,0.7,3700000.0,1.0
2339,44,45,38.0,40.0,-66.0,3700000.0,1.0,gamma,140.0,point,isotropic,0.7,3700000.0,1.0
2340,45,45,40.0,40.0,-66.0,3700000.0,1.0,gamma,140.0,point,isotropic,0.7,3700000.0,1.0
2341,46,45,42.0,40.0,-66.0,3700000.0,1.0,gamma,140.0,point,isotropic,0.7,3700000.0,1.0
2342,47,45,44.0,40.0,-66.0,3700000.0,1.0,gamma,140.0,point,isotropic,0.7,3700000.0,1.0
2343,48,45,46.0,40.0,-66.0,3700000.0,1.0,gamma,140.0,point,isotropic,0.7,3700000.0,1.0
2344,49,45,48.0,40.0,-66.0,3700000.0,1.0,gamma,140.0,point,isotropic,0.7,3700000.0,1.0
2345,50,45,50.0,40.0,-66.0,3700000.0,1.0,gamma,140.0,point,isotropic,0.7,3700000.0,1.0
2346,0,46,-50.0,42.0,-66.0,3700000.0,1.0,gamma,140.0,point,isotropic,0.7,3700000.0,1.0
2347,1,46,-48.0,42.0,-66.0,3700000.0,1.0,gamma,140.0,point,isotropic,0.7,3700000.0,1.0
2348,2,46,-46.0,42.0,-66.0,3700000.0,1.0,gamma,140.0,point,isotropic,0.7,3700000.0,1.0
2349,3,46,-44.0,42.0,-66.0,3700000.0,1.0,gamma,140.0,point,isotropic,0.7,3700000.0,1.0
2350,4,46,-42.0,42.0,-66.0,3700000.0,1.0,gamma,140.0,point,isotropic,0.7,3700000.0,1.0
2351,5,46,-40.0,42.0,-66.0,3700000.0,1.0,gamma,140.0,point,isotropic,0.7,3700000.0,1.0
2352,6,46,-38.0,42.0,-66.0,3700000.0,1.0,gamma,140.0,point,isotropic,0.7,3700000.0,1.0
2353,7,46,-36.0,42.0,-66.0,3700000.0,1.0,gamma,140.0,point,isotropic,0.7,3700000.0,1.0
2354,8,46,-34.0,42.0,-66.0,3700000.0,1.0,gamma,140.0,point,isotropic,0.7,3700000.0,1.0
2355,9,46,-32.0,42.0,-66.0,3700000.0,1.0,gamma,140.0,point,isotropic,0.7,3700000.0,1.0
2356,10,46,-30.0,42.0,-66.0,3700000.0,1.0,gamma,140.0,point,isotropic,0.7,3700000.0,1.0
2357,11,46,-28.0,42.0,-66.0,3700000.0,1.0,gamma,140.0,point,isotropic,0.7,3700000.0,1.0
2358,12,46,-26.0,42.0,-66.0,3700000.0,1.0,gamma,140.0,point,isotropic,0.7,3700000.0,1.0
2359,13,46,-24.0,42.0,-66.0,3700000.0,1.0,gamma,140.0,point,isotropic,0.7,3700000.0,1.0
2360,14,46,-22.0,42.0,-66.0,3700000.0,1.0,gamma,140.0,point,isotropic,0.7,3700000.0,1.0
2361,15,46,-20.0,42.0,-66.0,3700000.0,1.0,gamma,140.0,point,isotropic,0.7,3700000.0,1.0
2362,16,46,-18.0,42.0,-66.0,3700000.0,1.0,gamma,140.0,point,isotropic,0.7,3700000.0,1.0
2363,17,46,-16.0,42.0,-66.0,3700000.0,1.0,gamma,140.0,point,isotropic,0.7,3700000.0,1.0
2364,18,46,-14.0,42.0,-66.0,3700000.0,1.0,gamma,140.0,point,isotropic,0.7,3700000.0,1.0
2365,19,46,-12.0,42.0,-66.0,3700000.0,1.0,gamma,140.0,point,isotropic,0.7,3700000.0,1.0
2366,20,46,-10.0,42.0,-66.0,3700000.0,1.0,gamma,140.0,point,isotropic,0.7,3700000.0,1.0
2367,21,46,-8.0,42.0,-66.0,3700000.0,1.0,gamma,140.0,point,isotropic,0.7,3700000.0,1.0
2368,22,46,-6.0,42.0,-66.0,3700000.0,1.0,gamma,140.0,point,isotropic,0.7,3700000.0,1.0
2369,23,46,-4.0,42.0,-66.0,3700000.0,1.0,gamma,140.0,point,isotropic,0.7,3700000.0,1.0
2370,24,46,-2.0,42.0,-66.0,3700000.0,1.0,gamma,140.0,point,isotropic,0.7,3700000.0,1.0
2371,25,46,0.0,42.0,-66.0,3700000.0,1.0,gamma,140.0,point,isotropic,0.7,3700000.0,1.0
2372,26,46,2.0,42.0,-66.0,3700000.0,1.0,gamma,140.0,point,isotropic,0.7,3700000.0,1.0
2373,27,46,4.0,42.0,-66.0,3700000.0,1.0,gamma,140.0,point,isotropic,0.7,3700000.0,1.0
2374,28,46,6.0,42.0,-66.0,3700000.0,1.0,gamma,140.0,point,isotropic,0.7,3700000.0,1.0
2375,29,46,8.0,42.0,-66.0,3700000.0,1.0,gamma,140.0,point,isotropic,0.7,3700000.0,1.0
2376,30,46,10.0,42.0,-66.0,3700000.0,1.0,gamma,140.0,point,isotropic,0.7,3700000.0,1.0
2377,31,46,12.0,42.0,-66.0,3700000.0,1.0,gamma,140.0,point,isotropic,0.7,3700000.0,1.0
2378,32,46,14.0,42.0,-66.0,3700000.0,1.0,gamma,140.0,point,isotropic,0.7,3700000.0,1.0
2379,33,46,16.0,42.0,-66.0,3700000.0,1.0,gamma,140.0,point,isotropic,0.7,3700000.0,1.0
2380,34,46,18.0,42.0,-66.0,3700000.0,1.0,gamma,140.0,point,isotropic,0.7,3700000.0,1.0
2381,35,46,20.0,42.0,-66.0,3700000.0,1.0,gamma,140.0,point,isotropic,0.7,3700000.0,1.0
2382,36,46,22.0,42.0,-66.0,3700000.0,1.0,gamma,140.0,point,isotropic,0.7,3700000.0,1.0
2383,37,46,24.0,42.0,-66.0,3700000.0,1.0,gamma,140.0,point,isotropic,0.7,3700000.0,1.0
2384,38,46,26.0,42.0,-66.0,3700000.0,1.0,gamma,140.0,point,isotropic,0.7,3700000.0,1.0
2385,39,46,28.0,42.0,-66.0,3700000.0,1.0,gamma,140.0,point,isotropic,0.7,3700000.0,1.0
2386,40,46,30.0,42.0,-66.0,3700000.0,1.0,gamma,140.0,point,isotropic,0.7,3700000.0,1.0
2387,41,46,32.0,42.0,-66.0,3700000.0,1.0,gamma,140.0,point,isotropic,0.7,3700000.0,1.0
2388,42,46,34.0,42.0,-66.0,3700000.0,1.0,gamma,140.0,point,isotropic,0.7,3700000.0,1.0
2389,43,46,36.0,42.0,-66.0,3700000.0,1.0,gamma,140.0,point,isotropic,0.7,3700000.0,1.0
2390,44,46,38.0,42.0,-66.0,3700000.0,1.0,gamma,140.0,point,isotropic,0.7,3700000.0,1.0
2391,45,46,40.0,42.0,-66.0,3700000.0,1.0,gamma,140.0,point,isotropic,0.7,3700000.0,1.0
2392,46,46,42.0,42.0,-66.0,3700000.0,1.0,gamma,140.0,point,isotropic,0.7,3700000.0,1.0
2393,47,46,44.0,42.0,-66.0,3700000.0,1.0,gamma,140.0,point,isotropic,0.7,3700000.0,1.0
2394,48,46,46.0,42.0,-66.0,3700000.0,1.0,gamma,140.0,point,isotropic,0.7,3700000.0,1.0
2395,49,46,48.0,42.0,-66.0,3700000.0,1.0,gamma,140.0,point,isotropic,0.7,3700000.0,1.0
2396,50,46,50.0,42.0,-66.0,3700000.0,1.0,gamma,140.0,point,isotropic,0.7,3700000.0,1.0
2397,0,47,-50.0,44.0,-66.0,3700000.0,1.0,gamma,140.0,point,isotropic,0.7,3700000.0,1.0
2398,1,47,-48.0,44.0,-66.0,3700000.0,1.0,gamma,140.0,point,isotropic,0.7,3700000.0,1.0
2399,2,47,-46.0,44.0,-66.0,3700000.0,1.0,gamma,140.0,point,isotropic,0.7,3700000.0,1.0
2400,3,47,-44.0,44.0,-66.0,3700000.0,1.0,gamma,140.0,point,isotropic,0.7,3700000.0,1.0
2401,4,47,-42.0,44.0,-66.0,3700000.0,1.0,gamma,140.0,point,isotropic,0.7,3700000.0,1.0
2402,5,47,-40.0,44.0,-66.0,3700000.0,1.0,gamma,140.0,point,isotropic,0.7,3700000.0,1.0
2403,6,47,-38.0,44.0,-66.0,3700000.0,1.0,gamma,140.0,point,isotropic,0.7,3700000.0,1.0
2404,7,47,-36.0,44.0,-66.0,3700000.0,1.0,gamma,140.0,point,isotropic,0.7,3700000.0,1.0
2405,8,47,-34.0,44.0,-66.0,3700000.0,1.0,gamma,140.0,point,isotropic,0.7,3700000.0,1.0
2406,9,47,-32.0,44.0,-66.0,3700000.0,1.0,gamma,140.0,point,isotropic,0.7,3700000.0,1.0
2407,10,47,-30.0,44.0,-66.0,3700000.0,1.0,gamma,140.0,point,isotropic,0.7,3700000.0,1.0
2408,11,47,-28.0,44.0,-66.0,3700000.0,1.0,gamma,140.0,point,isotropic,0.7,3700000.0,1.0
2409,12,47,-26.0,44.0,-66.0,3700000.0,1.0,gamma,140.0,point,isotropic,0.7,3700000.0,1.0
2410,13,47,-24.0,44.0,-66.0,3700000.0,1.0,gamma,140.0,point,isotropic,0.7,3700000.0,1.0
2411,14,47,-22.0,44.0,-66.0,3700000.0,1.0,gamma,140.0,point,isotropic,0.7,3700000.0,1.0
2412,15,47,-20.0,44.0,-66.0,3700000.0,1.0,gamma,140.0,point,isotropic,0.7,3700000.0,1.0
2413,16,47,-18.0,44.0,-66.0,3700000.0,1.0,gamma,140.0,point,isotropic,0.7,3700000.0,1.0
2414,17,47,-16.0,44.0,-66.0,3700000.0,1.0,gamma,140.0,point,isotropic,0.7,3700000.0,1.0
2415,18,47,-14.0,44.0,-66.0,3700000.0,1.0,gamma,140.0,point,isotropic,0.7,3700000.0,1.0
2416,19,47,-12.0,44.0,-66.0,3700000.0,1.0,gamma,140.0,point,isotropic,0.7,3700000.0,1.0
2417,20,47,-10.0,44.0,-66.0,3700000.0,1.0,gamma,140.0,point,isotropic,0.7,3700000.0,1.0
2418,21,47,-8.0,44.0,-66.0,3700000.0,1.0,gamma,140.0,point,isotropic,0.7,3700000.0,1.0
2419,22,47,-6.0,44.0,-66.0,3700000.0,1.0,gamma,140.0,point,isotropic,0.7,3700000.0,1.0
2420,23,47,-4.0,44.0,-66.0,3700000.0,1.0,gamma,140.0,point,isotropic,0.7,3700000.0,1.0
2421,24,47,-2.0,44.0,-66.0,3700000.0,1.0,gamma,140.0,point,isotropic,0.7,3700000.0,1.0
2422,25,47,0.0,44.0,-66.0,3700000.0,1.0,gamma,140.0,point,isotropic,0.7,3700000.0,1.0
2423,26,47,2.0,44.0,-66.0,3700000.0,1.0,gamma,140.0,point,isotropic,0.7,3700000.0,1.0
2424,27,47,4.0,44.0,-66.0,3700000.0,1.0,gamma,140.0,point,isotropic,0.7,3700000.0,1.0
2425,28,47,6.0,44.0,-66.0,3700000.0,1.0,gamma,140.0,point,isotropic,0.7,3700000.0,1.0
2426,29,47,8.0,44.0,-66.0,3700000.0,1.0,gamma,140.0,point,isotropic,0.7,3700000.0,1.0
2427,30,47,10.0,44.0,-66.0,3700000.0,1.0,gamma,140.0,point,isotropic,0.7,3700000.0,1.0
2428,31,47,12.0,44.0,-66.0,3700000.0,1.0,gamma,140.0,point,isotropic,0.7,3700000.0,1.0
2429,32,47,14.0,44.0,-66.0,3700000.0,1.0,gamma,140.0,point,isotropic,0.7,3700000.0,1.0
2430,33,47,16.0,44.0,-66.0,3700000.0,1.0,gamma,140.0,point,isotropic,0.7,3700000.0,1.0
2431,34,47,18.0,44.0,-66.0,3700000.0,1.0,gamma,140.0,point,isotropic,0.7,3700000.0,1.0
2432,35,47,20.0,44.0,-66.0,3700000.0,1.0,gamma,140.0,point,isotropic,0.7,3700000.0,1.0
2433,36,47,22.0,44.0,-66.0,3700000.0,1.0,gamma,140.0,point,isotropic,0.7,3700000.0,1.0
2434,37,47,24.0,44.0,-66.0,3700000.0,1.0,gamma,140.0,point,isotropic,0.7,3700000.0,1.0
2435,38,47,26.0,44.0,-66.0,3700000.0,1.0,gamma,140.0,point,isotropic,0.7,3700000.0,1.0
2436,39,47,28.0,44.0,-66.0,3700000.0,1.0,gamma,140.0,point,isotropic,0.7,3700000.0,1.0
2437,40,47,30.0,44.0,-66.0,3700000.0,1.0,gamma,140.0,point,isotropic,0.7,3700000.0,1.0
2438,41,47,32.0,44.0,-66.0,3700000.0,1.0,gamma,140.0,point,isotropic,0.7,3700000.0,1.0
2439,42,47,34.0,44.0,-66.0,3700000.0,1.0,gamma,140.0,point,isotropic,0.7,3700000.0,1.0
2440,43,47,36.0,44.0,-66.0,3700000.0,1.0,gamma,140.0,point,isotropic,0.7,3700000.0,1.0
2441,44,47,38.0,44.0,-66.0,3700000.0,1.0,gamma,140.0,point,isotropic,0.7,3700000.0,1.0
2442,45,47,40.0,44.0,-66.0,3700000.0,1.0,gamma,140.0,point,isotropic,0.7,3700000.0,1.0
2443,46,47,42.0,44.0,-66.0,3700000.0,1.0,gamma,140.0,point,isotropic,0.7,3700000.0,1.0
2444,47,47,44.0,44.0,-66.0,3700000.0,1.0,gamma,140.0,point,isotropic,0.7,3700000.0,1.0
2445,48,47,46.0,44.0,-66.0,3700000.0,1.0,gamma,140.0,point,isotropic,0.7,3700000.0,1.0
2446,49,47,48.0,44.0,-66.0,3700000.0,1.0,gamma,140.0,point,isotropic,0.7,3700000.0,1.0
2447,50,47,50.0,44.0,-66.0,3700000.0,1.0,gamma,140.0,point,isotropic,0.7,3700000.0,1.0
2448,0,48,-50.0,46.0,-66.0,3700000.0,1.0,gamma,140.0,point,isotropic,0.7,3700000.0,1.0
2449,1,48,-48.0,46.0,-66.0,3700000.0,1.0,gamma,140.0,point,isotropic,0.7,3700000.0,1.0
2450,2,48,-46.0,46.0,-66.0,3700000.0,1.0,gamma,140.0,point,isotropic,0.7,3700000.0,1.0
2451,3,48,-44.0,46.0,-66.0,3700000.0,1.0,gamma,140.0,point,isotropic,0.7,3700000.0,1.0
2452,4,48,-42.0,46.0,-66.0,3700000.0,1.0,gamma,140.0,point,isotropic,0.7,3700000.0,1.0
2453,5,48,-40.0,46.0,-66.0,3700000.0,1.0,gamma,140.0,point,isotropic,0.7,3700000.0,1.0
2454,6,48,-38.0,46.0,-66.0,3700000.0,1.0,gamma,140.0,point,isotropic,0.7,3700000.0,1.0
2455,7,48,-36.0,46.0,-66.0,3700000.0,1.0,gamma,140.0,point,isotropic,0.7,3700000.0,1.0
2456,8,48,-34.0,46.0,-66.0,3700000.0,1.0,gamma,140.0,point,isotropic,0.7,3700000.0,1.0
2457,9,48,-32.0,46.0,-66.0,3700000.0,1.0,gamma,140.0,point,isotropic,0.7,3700000.0,1.0
2458,10,48,-30.0,46.0,-66.0,3700000.0,1.0,gamma,140.0,point,isotropic,0.7,3700000.0,1.0
2459,11,48,-28.0,46.0,-66.0,3700000.0,1.0,gamma,140.0,point,isotropic,0.7,3700000.0,1.0
2460,12,48,-26.0,46.0,-66.0,3700000.0,1.0,gamma,140.0,point,isotropic,0.7,3700000.0,1.0
2461,13,48,-24.0,46.0,-66.0,3700000.0,1.0,gamma,140.0,point,isotropic,0.7,3700000.0,1.0
2462,14,48,-22.0,46.0,-66.0,3700000.0,1.0,gamma,140.0,point,isotropic,0.7,3700000.0,1.0
2463,15,48,-20.0,46.0,-66.0,3700000.0,1.0,gamma,140.0,point,isotropic,0.7,3700000.0,1.0
2464,16,48,-18.0,46.0,-66.0,3700000.0,1.0,gamma,140.0,point,isotropic,0.7,3700000.0,1.0
2465,17,48,-16.0,46.0,-66.0,3700000.0,1.0,gamma,140.0,point,isotropic,0.7,3700000.0,1.0
2466,18,48,-14.0,46.0,-66.0,3700000.0,1.0,gamma,140.0,point,isotropic,0.7,3700000.0,1.0
2467,19,48,-12.0,46.0,-66.0,3700000.0,1.0,gamma,140.0,point,isotropic,0.7,3700000.0,1.0
2468,20,48,-10.0,46.0,-66.0,3700000.0,1.0,gamma,140.0,point,isotropic,0.7,3700000.0,1.0
2469,21,48,-8.0,46.0,-66.0,3700000.0,1.0,gamma,140.0,point,isotropic,0.7,3700000.0,1.0
2470,22,48,-6.0,46.0,-66.0,3700000.0,1.0,gamma,140.0,point,isotropic,0.7,3700000.0,1.0
2471,23,48,-4.0,46.0,-66.0,3700000.0,1.0,gamma,140.0,point,isotropic,0.7,3700000.0,1.0
2472,24,48,-2.0,46.0,-66.0,3700000.0,1.0,gamma,140.0,point,isotropic,0.7,3700000.0,1.0
2473,25,48,0.0,46.0,-66.0,3700000.0,1.0,gamma,140.0,point,isotropic,0.7,3700000.0,1.0
2474,26,48,2.0,46.0,-66.0,3700000.0,1.0,gamma,140.0,point,isotropic,0.7,3700000.0,1.0
2475,27,48,4.0,46.0,-66.0,3700000.0,1.0,gamma,140.0,point,isotropic,0.7,3700000.0,1.0
2476,28,48,6.0,46.0,-66.0,3700000.0,1.0,gamma,140.0,point,isotropic,0.7,3700000.0,1.0
2477,29,48,8.0,46.0,-66.0,3700000.0,1.0,gamma,140.0,point,isotropic,0.7,3700000.0,1.0
2478,30,48,10.0,46.0,-66.0,3700000.0,1.0,gamma,140.0,point,isotropic,0.7,3700000.0,1.0
2479,31,48,12.0,46.0,-66.0,3700000.0,1.0,gamma,140.0,point,isotropic,0.7,3700000.0,1.0
2480,32,48,14.0,46.0,-66.0,3700000.0,1.0,gamma,140.0,point,isotropic,0.7,3700000.0,1.0
2481,33,48,16.0,46.0,-66.0,3700000.0,1.0,gamma,140.0,point,isotropic,0.7,3700000.0,1.0
2482,34,48,18.0,46.0,-66.0,3700000.0,1.0,gamma,140.0,point,isotropic,0.7,3700000.0,1.0
2483,35,48,20.0,46.0,-66.0,3700000.0,1.0,gamma,140.0,point,isotropic,0.7,3700000.0,1.0
2484,36,48,22.0,46.0,-66.0,3700000.0,1.0,gamma,140.0,point,isotropic,0.7,3700000.0,1.0
2485,37,48,24.0,46.0,-66.0,3700000.0,1.0,gamma,140.0,point,isotropic,0.7,3700000.0,1.0
2486,38,48,26.0,46.0,-66.0,3700000.0,1.0,gamma,140.0,point,isotropic,0.7,3700000.0,1.0
2487,39,48,28.0,46.0,-66.0,3700000.0,1.0,gamma,140.0,point,isotropic,0.7,3700000.0,1.0
2488,40,48,30.0,46.0,-66.0,3700000.0,1.0,gamma,140.0,point,isotropic,0.7,3700000.0,1.0
2489,41,48,32.0,46.0,-66.0,3700000.0,1.0,gamma,140.0,point,isotropic,0.7,3700000.0,1.0
2490,42,48,34.0,46.0,-66.0,3700000.0,1.0,gamma,140.0,point,isotropic,0.7,3700000.0,1.0
2491,43,48,36.0,46.0,-66.0,3700000.0,1.0,gamma,140.0,point,isotropic,0.7,3700000.0,1.0
2492,44,48,38.0,46.0,-66.0,3700000.0,1.0,gamma,140.0,point,isotropic,0.7,3700000.0,1.0
2493,45,48,40.0,46.0,-66.0,3700000.0,1.0,gamma,140.0,point,isotropic,0.7,3700000.0,1.0
2494,46,48,42.0,46.0,-66.0,3700000.0,1.0,gamma,140.0,point,isotropic,0.7,3700000.0,1.0
2495,47,48,44.0,46.0,-66.0,3700000.0,1.0,gamma,140.0,point,isotropic,0.7,3700000.0,1.0
2496,48,48,46.0,46.0,-66.0,3700000.0,1.0,gamma,140.0,point,isotropic,0.7,3700000.0,1.0
2497,49,48,48.0,46.0,-66.0,3700000.0,1.0,gamma,140.0,point,isotropic,0.7,3700000.0,1.0
2498,50,48,50.0,46.0,-66.0,3700000.0,1.0,gamma,140.0,point,isotropic,0.7,3700000.0,1.0
2499,0,49,-50.0,48.0,-66.0,3700000.0,1.0,gamma,140.0,point,isotropic,0.7,3700000.0,1.0
2500,1,49,-48.0,48.0,-66.0,3700000.0,1.0,gamma,140.0,point,isotropic,0.7,3700000.0,1.0
2501,2,49,-46.0,48.0,-66.0,3700000.0,1.0,gamma,140.0,point,isotropic,0.7,3700000.0,1.0
2502,3,49,-44.0,48.0,-66.0,3700000.0,1.0,gamma,140.0,point,isotropic,0.7,3700000.0,1.0
2503,4,49,-42.0,48.0,-66.0,3700000.0,1.0,gamma,140.0,point,isotropic,0.7,3700000.0,1.0
2504,5,49,-40.0,48.0,-66.0,3700000.0,1.0,gamma,140.0,point,isotropic,0.7,3700000.0,1.0
2505,6,49,-38.0,48.0,-66.0,3700000.0,1.0,gamma,140.0,point,isotropic,0.7,3700000.0,1.0
2506,7,49,-36.0,48.0,-66.0,3700000.0,1.0,gamma,140.0,point,isotropic,0.7,3700000.0,1.0
2507,8,49,-34.0,48.0,-66.0,3700000.0,1.0,gamma,140.0,point,isotropic,0.7,3700000.0,1.0
2508,9,49,-32.0,48.0,-66.0,3700000.0,1.0,gamma,140.0,point,isotropic,0.7,3700000.0,1.0
2509,10,49,-30.0,48.0,-66.0,3700000.0,1.0,gamma,140.0,point,isotropic,0.7,3700000.0,1.0
2510,11,49,-28.0,48.0,-66.0,3700000.0,1.0,gamma,140.0,point,isotropic,0.7,3700000.0,1.0
2511,12,49,-26.0,48.0,-66.0,3700000.0,1.0,gamma,140.0,point,isotropic,0.7,3700000.0,1.0
2512,13,49,-24.0,48.0,-66.0,3700000.0,1.0,gamma,140.0,point,isotropic,0.7,3700000.0,1.0
2513,14,49,-22.0,48.0,-66.0,3700000.0,1.0,gamma,140.0,point,isotropic,0.7,3700000.0,1.0
2514,15,49,-20.0,48.0,-66.0,3700000.0,1.0,gamma,140.0,point,isotropic,0.7,3700000.0,1.0
2515,16,49,-18.0,48.0,-66.0,3700000.0,1.0,gamma,140.0,point,isotropic,0.7,3700000.0,1.0
2516,17,49,-16.0,48.0,-66.0,3700000.0,1.0,gamma,140.0,point,isotropic,0.7,3700000.0,1.0
2517,18,49,-14.0,48.0,-66.0,3700000.0,1.0,gamma,140.0,point,isotropic,0.7,3700000.0,1.0
2518,19,49,-12.0,48.0,-66.0,3700000.0,1.0,gamma,140.0,point,isotropic,0.7,3700000.0,1.0
2519,20,49,-10.0,48.0,-66.0,3700000.0,1.0,gamma,140.0,point,isotropic,0.7,3700000.0,1.0
2520,21,49,-8.0,48.0,-66.0,3700000.0,1.0,gamma,140.0,point,isotropic,0.7,3700000.0,1.0
2521,22,49,-6.0,48.0,-66.0,3700000.0,1.0,gamma,140.0,point,isotropic,0.7,3700000.0,1.0
2522,23,49,-4.0,48.0,-66.0,3700000.0,1.0,gamma,140.0,point,isotropic,0.7,3700000.0,1.0
2523,24,49,-2.0,48.0,-66.0,3700000.0,1.0,gamma,140.0,point,isotropic,0.7,3700000.0,1.0
2524,25,49,0.0,48.0,-66.0,3700000.0,1.0,gamma,140.0,point,isotropic,0.7,3700000.0,1.0
2525,26,49,2.0,48.0,-66.0,3700000.0,1.0,gamma,140.0,point,isotropic,0.7,3700000.0,1.0
2526,27,49,4.0,48.0,-66.0,3700000.0,1.0,gamma,140.0,point,isotropic,0.7,3700000.0,1.0
2527,28,49,6.0,48.0,-66.0,3700000.0,1.0,gamma,140.0,point,isotropic,0.7,3700000.0,1.0
2528,29,49,8.0,48.0,-66.0,3700000.0,1.0,gamma,140.0,point,isotropic,0.7,3700000.0,1.0
2529,30,49,10.0,48.0,-66.0,3700000.0,1.0,gamma,140.0,point,isotropic,0.7,3700000.0,1.0
2530,31,49,12.0,48.0,-66.0,3700000.0,1.0,gamma,140.0,point,isotropic,0.7,3700000.0,1.0
2531,32,49,14.0,48.0,-66.0,3700000.0,1.0,gamma,140.0,point,isotropic,0.7,3700000.0,1.0
2532,33,49,16.0,48.0,-66.0,3700000.0,1.0,gamma,140.0,point,isotropic,0.7,3700000.0,1.0
2533,34,49,18.0,48.0,-66.0,3700000.0,1.0,gamma,140.0,point,isotropic,0.7,3700000.0,1.0
2534,35,49,20.0,48.0,-66.0,3700000.0,1.0,gamma,140.0,point,isotropic,0.7,3700000.0,1.0
2535,36,49,22.0,48.0,-66.0,3700000.0,1.0,gamma,140.0,point,isotropic,0.7,3700000.0,1.0
2536,37,49,24.0,48.0,-66.0,3700000.0,1.0,gamma,140.0,point,isotropic,0.7,3700000.0,1.0
2537,38,49,26.0,48.0,-66.0,3700000.0,1.0,gamma,140.0,point,isotropic,0.7,3700000.0,1.0
2538,39,49,28.0,48.0,-66.0,3700000.0,1.0,gamma,140.0,point,isotropic,0.7,3700000.0,1.0
2539,40,49,30.0,48.0,-66.0,3700000.0,1.0,gamma,140.0,point,isotropic,0.7,3700000.0,1.0
2540,41,49,32.0,48.0,-66.0,3700000.0,1.0,gamma,140.0,point,isotropic,0.7,3700000.0,1.0
2541,42,49,34.0,48.0,-66.0,3700000.0,1.0,gamma,140.0,point,isotropic,0.7,3700000.0,1.0
2542,43,49,36.0,48.0,-66.0,3700000.0,1.0,gamma,140.0,point,isotropic,0.7,3700000.0,1.0
2543,44,49,38.0,48.0,-66.0,3700000.0,1.0,gamma,140.0,point,isotropic,0.7,3700000.0,1.0
2544,45,49,40.0,48.0,-66.0,3700000.0,1.0,gamma,140.0,point,isotropic,0.7,3700000.0,1.0
2545,46,49,42.0,48.0,-66.0,3700000.0,1.0,gamma,140.0,point,isotropic,0.7,3700000.0,1.0
2546,47,49,44.0,48.0,-66.0,3700000.0,1.0,gamma,140.0,point,isotropic,0.7,3700000.0,1.0
2547,48,49,46.0,48.0,-66.0,3700000.0,1.0,gamma,140.0,point,isotropic,0.7,3700000.0,1.0
2548,49,49,48.0,48.0,-66.0,3700000.0,1.0,gamma,140.0,point,isotropic,0.7,3700000.0,1.0
2549,50,49,50.0,48.0,-66.0,3700000.0,1.0,gamma,140.0,point,isotropic,0.7,3700000.0,1.0
2550,0,50,-50.0,50.0,-66.0,3700000.0,1.0,gamma,140.0,point,isotropic,0.7,3700000.0,1.0
2551,1,50,-48.0,50.0,-66.0,3700000.0,1.0,gamma,140.0,point,isotropic,0.7,3700000.0,1.0
2552,2,50,-46.0,50.0,-66.0,3700000.0,1.0,gamma,140.0,point,isotropic,0.7,3700000.0,1.0
2553,3,50,-44.0,50.0,-66.0,3700000.0,1.0,gamma,140.0,point,isotropic,0.7,3700000.0,1.0
2554,4,50,-42.0,50.0,-66.0,3700000.0,1.0,gamma,140.0,point,isotropic,0.7,3700000.0,1.0
2555,5,50,-40.0,50.0,-66.0,3700000.0,1.0,gamma,140.0,point,isotropic,0.7,3700000.0,1.0
2556,6,50,-38.0,50.0,-66.0,3700000.0,1.0,gamma,140.0,point,isotropic,0.7,3700000.0,1.0
2557,7,50,-36.0,50.0,-66.0,3700000.0,1.0,gamma,140.0,point,isotropic,0.7,3700000.0,1.0
2558,8,50,-34.0,50.0,-66.0,3700000.0,1.0,gamma,140.0,point,isotropic,0.7,3700000.0,1.0
2559,9,50,-32.0,50.0,-66.0,3700000.0,1.0,gamma,140.0,point,isotropic,0.7,3700000.0,1.0
2560,10,50,-30.0,50.0,-66.0,3700000.0,1.0,gamma,140.0,point,isotropic,0.7,3700000.0,1.0
2561,11,50,-28.0,50.0,-66.0,3700000.0,1.0,gamma,140.0,point,isotropic,0.7,3700000.0,1.0
2562,12,50,-26.0,50.0,-66.0,3700000.0,1.0,gamma,140.0,point,isotropic,0.7,3700000.0,1.0
2563,13,50,-24.0,50.0,-66.0,3700000.0,1.0,gamma,140.0,point,isotropic,0.7,3700000.0,1.0
2564,14,50,-22.0,50.0,-66.0,3700000.0,1.0,gamma,140.0,point,isotropic,0.7,3700000.0,1.0
2565,15,50,-20.0,50.0,-66.0,3700000.0,1.0,gamma,140.0,point,isotropic,0.7,3700000.0,1.0
2566,16,50,-18.0,50.0,-66.0,3700000.0,1.0,gamma,140.0,point,isotropic,0.7,3700000.0,1.0
2567,17,50,-16.0,50.0,-66.0,3700000.0,1.0,gamma,140.0,point,isotropic,0.7,3700000.0,1.0
2568,18,50,-14.0,50.0,-66.0,3700000.0,1.0,gamma,140.0,point,isotropic,0.7,3700000.0,1.0
2569,19,50,-12.0,50.0,-66.0,3700000.0,1.0,gamma,140.0,point,isotropic,0.7,3700000.0,1.0
2570,20,50,-10.0,50.0,-66.0,3700000.0,1.0,gamma,140.0,point,isotropic,0.7,3700000.0,1.0
2571,21,50,-8.0,50.0,-66.0,3700000.0,1.0,gamma,140.0,point,isotropic,0.7,3700000.0,1.0
2572,22,50,-6.0,50.0,-66.0,3700000.0,1.0,gamma,140.0,point,isotropic,0.7,3700000.0,1.0
2573,23,50,-4.0,50.0,-66.0,3700000.0,1.0,gamma,140.0,point,isotropic,0.7,3700000.0,1.0
2574,24,50,-2.0,50.0,-66.0,3700000.0,1.0,gamma,140.0,point,isotropic,0.7,3700000.0,1.0
2575,25,50,0.0,50.0,-66.0,3700000.0,1.0,gamma,140.0,point,isotropic,0.7,3700000.0,1.0
2576,26,50,2.0,50.0,-66.0,3700000.0,1.0,gamma,140.0,point,isotropic,0.7,3700000.0,1.0
2577,27,50,4.0,50.0,-66.0,3700000.0,1.0,gamma,140.0,point,isotropic,0.7,3700000.0,1.0
2578,28,50,6.0,50.0,-66.0,3700000.0,1.0,gamma,140.0,point,isotropic,0.7,3700000.0,1.0
2579,29,50,8.0,50.0,-66.0,3700000.0,1.0,gamma,140.0,point,isotropic,0.7,3700000.0,1.0
2580,30,50,10.0,50.0,-66.0,3700000.0,1.0,gamma,140.0,point,isotropic,0.7,3700000.0,1.0
2581,31,50,12.0,50.0,-66.0,3700000.0,1.0,gamma,140.0,point,isotropic,0.7,3700000.0,1.0
2582,32,50,14.0,50.0,-66.0,3700000.0,1.0,gamma,140.0,point,isotropic,0.7,3700000.0,1.0
2583,33,50,16.0,50.0,-66.0,3700000.0,1.0,gamma,140.0,point,isotropic,0.7,3700000.0,1.0
2584,34,50,18.0,50.0,-66.0,3700000.0,1.0,gamma,140.0,point,isotropic,0.7,3700000.0,1.0
2585,35,50,20.0,50.0,-66.0,3700000.0,1.0,gamma,140.0,point,isotropic,0.7,3700000.0,1.0
2586,36,50,22.0,50.0,-66.0,3700000.0,1.0,gamma,140.0,point,isotropic,0.7,3700000.0,1.0
2587,37,50,24.0,50.0,-66.0,3700000.0,1.0,gamma,140.0,point,isotropic,0.7,3700000.0,1.0
2588,38,50,26.0,50.0,-66.0,3700000.0,1.0,gamma,140.0,point,isotropic,0.7,3700000.0,1.0
2589,39,50,28.0,50.0,-66.0,3700000.0,1.0,gamma,140.0,point,isotropic,0.7,3700000.0,1.0
2590,40,50,30.0,50.0,-66.0,3700000.0,1.0,gamma,140.0,point,isotropic,0.7,3700000.0,1.0
2591,41,50,32.0,50.0,-66.0,3700000.0,1.0,gamma,140.0,point,isotropic,0.7,3700000.0,1.0
2592,42,50,34.0,50.0,-66.0,3700000.0,1.0,gamma,140.0,point,isotropic,0.7,3700000.0,1.0
2593,43,50,36.0,50.0,-66.0,3700000.0,1.0,gamma,140.0,point,isotropic,0.7,3700000.0,1.0
2594,44,50,38.0,50.0,-66.0,3700000.0,1.0,gamma,140.0,point,isotropic,0.7,3700000.0,1.0
2595,45,50,40.0,50.0,-66.0,3700000.0,1.0,gamma,140.0,point,isotropic,0.7,3700000.0,1.0
2596,46,50,42.0,50.0,-66.0,3700000.0,1.0,gamma,140.0,point,isotropic,0.7,3700000.0,1.0
2597,47,50,44.0,50.0,-66.0,3700000.0,1.0,gamma,140.0,point,isotropic,0.7,3700000.0,1.0
2598,48,50,46.0,50.0,-66.0,3700000.0,1.0,gamma,140.0,point,isotropic,0.7,3700000.0,1.0
2599,49,50,48.0,50.0,-66.0,3700000.0,1.0,gamma,140.0,point,isotropic,0.7,3700000.0,1.0
2600,50,50,50.0,50.0,-66.0,3700000.0,1.0,gamma,140.0,point,isotropic,0.7,3700000.0,1.0
