task_id,source_id,replicate_id,x_mm,y_mm,z_mm,activity_bq,acquisition_s,seed,expected_emitted_photons
0,0,0,-50.0,-50.0,-66.0,3700000.0,1.0,1000001,3700000.0
1,1,0,-48.0,-50.0,-66.0,3700000.0,1.0,1000002,3700000.0
2,2,0,-46.0,-50.0,-66.0,3700000.0,1.0,1000003,3700000.0
3,3,0,-44.0,-50.0,-66.0,3700000.0,1.0,1000004,3700000.0
4,4,0,-42.0,-50.0,-66.0,3700000.0,1.0,1000005,3700000.0
5,5,0,-40.0,-50.0,-66.0,3700000.0,1.0,1000006,3700000.0
6,6,0,-38.0,-50.0,-66.0,3700000.0,1.0,1000007,3700000.0
7,7,0,-36.0,-50.0,-66.0,3700000.0,1.0,1000008,3700000.0
8,8,0,-34.0,-50.0,-66.0,3700000.0,1.0,1000009,3700000.0
9,9,0,-32.0,-50.0,-66.0,3700000.0,1.0,1000010,3700000.0
10,10,0,-30.0,-50.0,-66.0,3700000.0,1.0,1000011,3700000.0
11,11,0,-28.0,-50.0,-66.0,3700000.0,1.0,1000012,3700000.0
12,12,0,-26.0,-50.0,-66.0,3700000.0,1.0,1000013,3700000.0
13,13,0,-24.0,-50.0,-66.0,3700000.0,1.0,1000014,3700000.0
14,14,0,-22.0,-50.0,-66.0,3700000.0,1.0,1000015,3700000.0
15,15,0,-20.0,-50.0,-66.0,3700000.0,1.0,1000016,3700000.0
16,16,0,-18.0,-50.0,-66.0,3700000.0,1.0,1000017,3700000.0
17,17,0,-16.0,-50.0,-66.0,3700000.0,1.0,1000018,3700000.0
18,18,0,-14.0,-50.0,-66.0,3700000.0,1.0,1000019,3700000.0
19,19,0,-12.0,-50.0,-66.0,3700000.0,1.0,1000020,3700000.0
20,20,0,-10.0,-50.0,-66.0,3700000.0,1.0,1000021,3700000.0
21,21,0,-8.0,-50.0,-66.0,3700000.0,1.0,1000022,3700000.0
22,22,0,-6.0,-50.0,-66.0,3700000.0,1.0,1000023,3700000.0
23,23,0,-4.0,-50.0,-66.0,3700000.0,1.0,1000024,3700000.0
24,24,0,-2.0,-50.0,-66.0,3700000.0,1.0,1000025,3700000.0
25,25,0,0.0,-50.0,-66.0,3700000.0,1.0,1000026,3700000.0
26,26,0,2.0,-50.0,-66.0,3700000.0,1.0,1000027,3700000.0
27,27,0,4.0,-50.0,-66.0,3700000.0,1.0,1000028,3700000.0
28,28,0,6.0,-50.0,-66.0,3700000.0,1.0,1000029,3700000.0
29,29,0,8.0,-50.0,-66.0,3700000.0,1.0,1000030,3700000.0
30,30,0,10.0,-50.0,-66.0,3700000.0,1.0,1000031,3700000.0
31,31,0,12.0,-50.0,-66.0,3700000.0,1.0,1000032,3700000.0
32,32,0,14.0,-50.0,-66.0,3700000.0,1.0,1000033,3700000.0
33,33,0,16.0,-50.0,-66.0,3700000.0,1.0,1000034,3700000.0
34,34,0,18.0,-50.0,-66.0,3700000.0,1.0,1000035,3700000.0
35,35,0,20.0,-50.0,-66.0,3700000.0,1.0,1000036,3700000.0
36,36,0,22.0,-50.0,-66.0,3700000.0,1.0,1000037,3700000.0
37,37,0,24.0,-50.0,-66.0,3700000.0,1.0,1000038,3700000.0
38,38,0,26.0,-50.0,-66.0,3700000.0,1.0,1000039,3700000.0
39,39,0,28.0,-50.0,-66.0,3700000.0,1.0,1000040,3700000.0
40,40,0,30.0,-50.0,-66.0,3700000.0,1.0,1000041,3700000.0
41,41,0,32.0,-50.0,-66.0,3700000.0,1.0,1000042,3700000.0
42,42,0,34.0,-50.0,-66.0,3700000.0,1.0,1000043,3700000.0
43,43,0,36.0,-50.0,-66.0,3700000.0,1.0,1000044,3700000.0
44,44,0,38.0,-50.0,-66.0,3700000.0,1.0,1000045,3700000.0
45,45,0,40.0,-50.0,-66.0,3700000.0,1.0,1000046,3700000.0
46,46,0,42.0,-50.0,-66.0,3700000.0,1.0,1000047,3700000.0
47,47,0,44.0,-50.0,-66.0,3700000.0,1.0,1000048,3700000.0
48,48,0,46.0,-50.0,-66.0,3700000.0,1.0,1000049,3700000.0
49,49,0,48.0,-50.0,-66.0,3700000.0,1.0,1000050,3700000.0
50,50,0,50.0,-50.0,-66.0,3700000.0,1.0,1000051,3700000.0
51,51,0,-50.0,-48.0,-66.0,3700000.0,1.0,1000052,3700000.0
52,52,0,-48.0,-48.0,-66.0,3700000.0,1.0,1000053,3700000.0
53,53,0,-46.0,-48.0,-66.0,3700000.0,1.0,1000054,3700000.0
54,54,0,-44.0,-48.0,-66.0,3700000.0,1.0,1000055,3700000.0
55,55,0,-42.0,-48.0,-66.0,3700000.0,1.0,1000056,3700000.0
56,56,0,-40.0,-48.0,-66.0,3700000.0,1.0,1000057,3700000.0
57,57,0,-38.0,-48.0,-66.0,3700000.0,1.0,1000058,3700000.0
58,58,0,-36.0,-48.0,-66.0,3700000.0,1.0,1000059,3700000.0
59,59,0,-34.0,-48.0,-66.0,3700000.0,1.0,1000060,3700000.0
60,60,0,-32.0,-48.0,-66.0,3700000.0,1.0,1000061,3700000.0
61,61,0,-30.0,-48.0,-66.0,3700000.0,1.0,1000062,3700000.0
62,62,0,-28.0,-48.0,-66.0,3700000.0,1.0,1000063,3700000.0
63,63,0,-26.0,-48.0,-66.0,3700000.0,1.0,1000064,3700000.0
64,64,0,-24.0,-48.0,-66.0,3700000.0,1.0,1000065,3700000.0
65,65,0,-22.0,-48.0,-66.0,3700000.0,1.0,1000066,3700000.0
66,66,0,-20.0,-48.0,-66.0,3700000.0,1.0,1000067,3700000.0
67,67,0,-18.0,-48.0,-66.0,3700000.0,1.0,1000068,3700000.0
68,68,0,-16.0,-48.0,-66.0,3700000.0,1.0,1000069,3700000.0
69,69,0,-14.0,-48.0,-66.0,3700000.0,1.0,1000070,3700000.0
70,70,0,-12.0,-48.0,-66.0,3700000.0,1.0,1000071,3700000.0
71,71,0,-10.0,-48.0,-66.0,3700000.0,1.0,1000072,3700000.0
72,72,0,-8.0,-48.0,-66.0,3700000.0,1.0,1000073,3700000.0
73,73,0,-6.0,-48.0,-66.0,3700000.0,1.0,1000074,3700000.0
74,74,0,-4.0,-48.0,-66.0,3700000.0,1.0,1000075,3700000.0
75,75,0,-2.0,-48.0,-66.0,3700000.0,1.0,1000076,3700000.0
76,76,0,0.0,-48.0,-66.0,3700000.0,1.0,1000077,3700000.0
77,77,0,2.0,-48.0,-66.0,3700000.0,1.0,1000078,3700000.0
78,78,0,4.0,-48.0,-66.0,3700000.0,1.0,1000079,3700000.0
79,79,0,6.0,-48.0,-66.0,3700000.0,1.0,1000080,3700000.0
80,80,0,8.0,-48.0,-66.0,3700000.0,1.0,1000081,3700000.0
81,81,0,10.0,-48.0,-66.0,3700000.0,1.0,1000082,3700000.0
82,82,0,12.0,-48.0,-66.0,3700000.0,1.0,1000083,3700000.0
83,83,0,14.0,-48.0,-66.0,3700000.0,1.0,1000084,3700000.0
84,84,0,16.0,-48.0,-66.0,3700000.0,1.0,1000085,3700000.0
85,85,0,18.0,-48.0,-66.0,3700000.0,1.0,1000086,3700000.0
86,86,0,20.0,-48.0,-66.0,3700000.0,1.0,1000087,3700000.0
87,87,0,22.0,-48.0,-66.0,3700000.0,1.0,1000088,3700000.0
88,88,0,24.0,-48.0,-66.0,3700000.0,1.0,1000089,3700000.0
89,89,0,26.0,-48.0,-66.0,3700000.0,1.0,1000090,3700000.0
90,90,0,28.0,-48.0,-66.0,3700000.0,1.0,1000091,3700000.0
91,91,0,30.0,-48.0,-66.0,3700000.0,1.0,1000092,3700000.0
92,92,0,32.0,-48.0,-66.0,3700000.0,1.0,1000093,3700000.0
93,93,0,34.0,-48.0,-66.0,3700000.0,1.0,1000094,3700000.0
94,94,0,36.0,-48.0,-66.0,3700000.0,1.0,1000095,3700000.0
95,95,0,38.0,-48.0,-66.0,3700000.0,1.0,1000096,3700000.0
96,96,0,40.0,-48.0,-66.0,3700000.0,1.0,1000097,3700000.0
97,97,0,42.0,-48.0,-66.0,3700000.0,1.0,1000098,3700000.0
98,98,0,44.0,-48.0,-66.0,3700000.0,1.0,1000099,3700000.0
99,99,0,46.0,-48.0,-66.0,3700000.0,1.0,1000100,3700000.0
100,100,0,48.0,-48.0,-66.0,3700000.0,1.0,1000101,3700000.0
101,101,0,50.0,-48.0,-66.0,3700000.0,1.0,1000102,3700000.0
102,102,0,-50.0,-46.0,-66.0,3700000.0,1.0,1000103,3700000.0
103,103,0,-48.0,-46.0,-66.0,3700000.0,1.0,1000104,3700000.0
104,104,0,-46.0,-46.0,-66.0,3700000.0,1.0,1000105,3700000.0
105,105,0,-44.0,-46.0,-66.0,3700000.0,1.0,1000106,3700000.0
106,106,0,-42.0,-46.0,-66.0,3700000.0,1.0,1000107,3700000.0
107,107,0,-40.0,-46.0,-66.0,3700000.0,1.0,1000108,3700000.0
108,108,0,-38.0,-46.0,-66.0,3700000.0,1.0,1000109,3700000.0
109,109,0,-36.0,-46.0,-66.0,3700000.0,1.0,1000110,3700000.0
110,110,0,-34.0,-46.0,-66.0,3700000.0,1.0,1000111,3700000.0
111,111,0,-32.0,-46.0,-66.0,3700000.0,1.0,1000112,3700000.0
112,112,0,-30.0,-46.0,-66.0,3700000.0,1.0,1000113,3700000.0
113,113,0,-28.0,-46.0,-66.0,3700000.0,1.0,1000114,3700000.0
114,114,0,-26.0,-46.0,-66.0,3700000.0,1.0,1000115,3700000.0
115,115,0,-24.0,-46.0,-66.0,3700000.0,1.0,1000116,3700000.0
116,116,0,-22.0,-46.0,-66.0,3700000.0,1.0,1000117,3700000.0
117,117,0,-20.0,-46.0,-66.0,3700000.0,1.0,1000118,3700000.0
118,118,0,-18.0,-46.0,-66.0,3700000.0,1.0,1000119,3700000.0
119,119,0,-16.0,-46.0,-66.0,3700000.0,1.0,1000120,3700000.0
120,120,0,-14.0,-46.0,-66.0,3700000.0,1.0,1000121,3700000.0
121,121,0,-12.0,-46.0,-66.0,3700000.0,1.0,1000122,3700000.0
122,122,0,-10.0,-46.0,-66.0,3700000.0,1.0,1000123,3700000.0
123,123,0,-8.0,-46.0,-66.0,3700000.0,1.0,1000124,3700000.0
124,124,0,-6.0,-46.0,-66.0,3700000.0,1.0,1000125,3700000.0
125,125,0,-4.0,-46.0,-66.0,3700000.0,1.0,1000126,3700000.0
126,126,0,-2.0,-46.0,-66.0,3700000.0,1.0,1000127,3700000.0
127,127,0,0.0,-46.0,-66.0,3700000.0,1.0,1000128,3700000.0
128,128,0,2.0,-46.0,-66.0,3700000.0,1.0,1000129,3700000.0
129,129,0,4.0,-46.0,-66.0,3700000.0,1.0,1000130,3700000.0
130,130,0,6.0,-46.0,-66.0,3700000.0,1.0,1000131,3700000.0
131,131,0,8.0,-46.0,-66.0,3700000.0,1.0,1000132,3700000.0
132,132,0,10.0,-46.0,-66.0,3700000.0,1.0,1000133,3700000.0
133,133,0,12.0,-46.0,-66.0,3700000.0,1.0,1000134,3700000.0
134,134,0,14.0,-46.0,-66.0,3700000.0,1.0,1000135,3700000.0
135,135,0,16.0,-46.0,-66.0,3700000.0,1.0,1000136,3700000.0
136,136,0,18.0,-46.0,-66.0,3700000.0,1.0,1000137,3700000.0
137,137,0,20.0,-46.0,-66.0,3700000.0,1.0,1000138,3700000.0
138,138,0,22.0,-46.0,-66.0,3700000.0,1.0,1000139,3700000.0
139,139,0,24.0,-46.0,-66.0,3700000.0,1.0,1000140,3700000.0
140,140,0,26.0,-46.0,-66.0,3700000.0,1.0,1000141,3700000.0
141,141,0,28.0,-46.0,-66.0,3700000.0,1.0,1000142,3700000.0
142,142,0,30.0,-46.0,-66.0,3700000.0,1.0,1000143,3700000.0
143,143,0,32.0,-46.0,-66.0,3700000.0,1.0,1000144,3700000.0
144,144,0,34.0,-46.0,-66.0,3700000.0,1.0,1000145,3700000.0
145,145,0,36.0,-46.0,-66.0,3700000.0,1.0,1000146,3700000.0
146,146,0,38.0,-46.0,-66.0,3700000.0,1.0,1000147,3700000.0
147,147,0,40.0,-46.0,-66.0,3700000.0,1.0,1000148,3700000.0
148,148,0,42.0,-46.0,-66.0,3700000.0,1.0,1000149,3700000.0
149,149,0,44.0,-46.0,-66.0,3700000.0,1.0,1000150,3700000.0
150,150,0,46.0,-46.0,-66.0,3700000.0,1.0,1000151,3700000.0
151,151,0,48.0,-46.0,-66.0,3700000.0,1.0,1000152,3700000.0
152,152,0,50.0,-46.0,-66.0,3700000.0,1.0,1000153,3700000.0
153,153,0,-50.0,-44.0,-66.0,3700000.0,1.0,1000154,3700000.0
154,154,0,-48.0,-44.0,-66.0,3700000.0,1.0,1000155,3700000.0
155,155,0,-46.0,-44.0,-66.0,3700000.0,1.0,1000156,3700000.0
156,156,0,-44.0,-44.0,-66.0,3700000.0,1.0,1000157,3700000.0
157,157,0,-42.0,-44.0,-66.0,3700000.0,1.0,1000158,3700000.0
158,158,0,-40.0,-44.0,-66.0,3700000.0,1.0,1000159,3700000.0
159,159,0,-38.0,-44.0,-66.0,3700000.0,1.0,1000160,3700000.0
160,160,0,-36.0,-44.0,-66.0,3700000.0,1.0,1000161,3700000.0
161,161,0,-34.0,-44.0,-66.0,3700000.0,1.0,1000162,3700000.0
162,162,0,-32.0,-44.0,-66.0,3700000.0,1.0,1000163,3700000.0
163,163,0,-30.0,-44.0,-66.0,3700000.0,1.0,1000164,3700000.0
164,164,0,-28.0,-44.0,-66.0,3700000.0,1.0,1000165,3700000.0
165,165,0,-26.0,-44.0,-66.0,3700000.0,1.0,1000166,3700000.0
166,166,0,-24.0,-44.0,-66.0,3700000.0,1.0,1000167,3700000.0
167,167,0,-22.0,-44.0,-66.0,3700000.0,1.0,1000168,3700000.0
168,168,0,-20.0,-44.0,-66.0,3700000.0,1.0,1000169,3700000.0
169,169,0,-18.0,-44.0,-66.0,3700000.0,1.0,1000170,3700000.0
170,170,0,-16.0,-44.0,-66.0,3700000.0,1.0,1000171,3700000.0
171,171,0,-14.0,-44.0,-66.0,3700000.0,1.0,1000172,3700000.0
172,172,0,-12.0,-44.0,-66.0,3700000.0,1.0,1000173,3700000.0
173,173,0,-10.0,-44.0,-66.0,3700000.0,1.0,1000174,3700000.0
174,174,0,-8.0,-44.0,-66.0,3700000.0,1.0,1000175,3700000.0
175,175,0,-6.0,-44.0,-66.0,3700000.0,1.0,1000176,3700000.0
176,176,0,-4.0,-44.0,-66.0,3700000.0,1.0,1000177,3700000.0
177,177,0,-2.0,-44.0,-66.0,3700000.0,1.0,1000178,3700000.0
178,178,0,0.0,-44.0,-66.0,3700000.0,1.0,1000179,3700000.0
179,179,0,2.0,-44.0,-66.0,3700000.0,1.0,1000180,3700000.0
180,180,0,4.0,-44.0,-66.0,3700000.0,1.0,1000181,3700000.0
181,181,0,6.0,-44.0,-66.0,3700000.0,1.0,1000182,3700000.0
182,182,0,8.0,-44.0,-66.0,3700000.0,1.0,1000183,3700000.0
183,183,0,10.0,-44.0,-66.0,3700000.0,1.0,1000184,3700000.0
184,184,0,12.0,-44.0,-66.0,3700000.0,1.0,1000185,3700000.0
185,185,0,14.0,-44.0,-66.0,3700000.0,1.0,1000186,3700000.0
186,186,0,16.0,-44.0,-66.0,3700000.0,1.0,1000187,3700000.0
187,187,0,18.0,-44.0,-66.0,3700000.0,1.0,1000188,3700000.0
188,188,0,20.0,-44.0,-66.0,3700000.0,1.0,1000189,3700000.0
189,189,0,22.0,-44.0,-66.0,3700000.0,1.0,1000190,3700000.0
190,190,0,24.0,-44.0,-66.0,3700000.0,1.0,1000191,3700000.0
191,191,0,26.0,-44.0,-66.0,3700000.0,1.0,1000192,3700000.0
192,192,0,28.0,-44.0,-66.0,3700000.0,1.0,1000193,3700000.0
193,193,0,30.0,-44.0,-66.0,3700000.0,1.0,1000194,3700000.0
194,194,0,32.0,-44.0,-66.0,3700000.0,1.0,1000195,3700000.0
195,195,0,34.0,-44.0,-66.0,3700000.0,1.0,1000196,3700000.0
196,196,0,36.0,-44.0,-66.0,3700000.0,1.0,1000197,3700000.0
197,197,0,38.0,-44.0,-66.0,3700000.0,1.0,1000198,3700000.0
198,198,0,40.0,-44.0,-66.0,3700000.0,1.0,1000199,3700000.0
199,199,0,42.0,-44.0,-66.0,3700000.0,1.0,1000200,3700000.0
200,200,0,44.0,-44.0,-66.0,3700000.0,1.0,1000201,3700000.0
201,201,0,46.0,-44.0,-66.0,3700000.0,1.0,1000202,3700000.0
202,202,0,48.0,-44.0,-66.0,3700000.0,1.0,1000203,3700000.0
203,203,0,50.0,-44.0,-66.0,3700000.0,1.0,1000204,3700000.0
204,204,0,-50.0,-42.0,-66.0,3700000.0,1.0,1000205,3700000.0
205,205,0,-48.0,-42.0,-66.0,3700000.0,1.0,1000206,3700000.0
206,206,0,-46.0,-42.0,-66.0,3700000.0,1.0,1000207,3700000.0
207,207,0,-44.0,-42.0,-66.0,3700000.0,1.0,1000208,3700000.0
208,208,0,-42.0,-42.0,-66.0,3700000.0,1.0,1000209,3700000.0
209,209,0,-40.0,-42.0,-66.0,3700000.0,1.0,1000210,3700000.0
210,210,0,-38.0,-42.0,-66.0,3700000.0,1.0,1000211,3700000.0
211,211,0,-36.0,-42.0,-66.0,3700000.0,1.0,1000212,3700000.0
212,212,0,-34.0,-42.0,-66.0,3700000.0,1.0,1000213,3700000.0
213,213,0,-32.0,-42.0,-66.0,3700000.0,1.0,1000214,3700000.0
214,214,0,-30.0,-42.0,-66.0,3700000.0,1.0,1000215,3700000.0
215,215,0,-28.0,-42.0,-66.0,3700000.0,1.0,1000216,3700000.0
216,216,0,-26.0,-42.0,-66.0,3700000.0,1.0,1000217,3700000.0
217,217,0,-24.0,-42.0,-66.0,3700000.0,1.0,1000218,3700000.0
218,218,0,-22.0,-42.0,-66.0,3700000.0,1.0,1000219,3700000.0
219,219,0,-20.0,-42.0,-66.0,3700000.0,1.0,1000220,3700000.0
220,220,0,-18.0,-42.0,-66.0,3700000.0,1.0,1000221,3700000.0
221,221,0,-16.0,-42.0,-66.0,3700000.0,1.0,1000222,3700000.0
222,222,0,-14.0,-42.0,-66.0,3700000.0,1.0,1000223,3700000.0
223,223,0,-12.0,-42.0,-66.0,3700000.0,1.0,1000224,3700000.0
224,224,0,-10.0,-42.0,-66.0,3700000.0,1.0,1000225,3700000.0
225,225,0,-8.0,-42.0,-66.0,3700000.0,1.0,1000226,3700000.0
226,226,0,-6.0,-42.0,-66.0,3700000.0,1.0,1000227,3700000.0
227,227,0,-4.0,-42.0,-66.0,3700000.0,1.0,1000228,3700000.0
228,228,0,-2.0,-42.0,-66.0,3700000.0,1.0,1000229,3700000.0
229,229,0,0.0,-42.0,-66.0,3700000.0,1.0,1000230,3700000.0
230,230,0,2.0,-42.0,-66.0,3700000.0,1.0,1000231,3700000.0
231,231,0,4.0,-42.0,-66.0,3700000.0,1.0,1000232,3700000.0
232,232,0,6.0,-42.0,-66.0,3700000.0,1.0,1000233,3700000.0
233,233,0,8.0,-42.0,-66.0,3700000.0,1.0,1000234,3700000.0
234,234,0,10.0,-42.0,-66.0,3700000.0,1.0,1000235,3700000.0
235,235,0,12.0,-42.0,-66.0,3700000.0,1.0,1000236,3700000.0
236,236,0,14.0,-42.0,-66.0,3700000.0,1.0,1000237,3700000.0
237,237,0,16.0,-42.0,-66.0,3700000.0,1.0,1000238,3700000.0
238,238,0,18.0,-42.0,-66.0,3700000.0,1.0,1000239,3700000.0
239,239,0,20.0,-42.0,-66.0,3700000.0,1.0,1000240,3700000.0
240,240,0,22.0,-42.0,-66.0,3700000.0,1.0,1000241,3700000.0
241,241,0,24.0,-42.0,-66.0,3700000.0,1.0,1000242,3700000.0
242,242,0,26.0,-42.0,-66.0,3700000.0,1.0,1000243,3700000.0
243,243,0,28.0,-42.0,-66.0,3700000.0,1.0,1000244,3700000.0
244,244,0,30.0,-42.0,-66.0,3700000.0,1.0,1000245,3700000.0
245,245,0,32.0,-42.0,-66.0,3700000.0,1.0,1000246,3700000.0
246,246,0,34.0,-42.0,-66.0,3700000.0,1.0,1000247,3700000.0
247,247,0,36.0,-42.0,-66.0,3700000.0,1.0,1000248,3700000.0
248,248,0,38.0,-42.0,-66.0,3700000.0,1.0,1000249,3700000.0
249,249,0,40.0,-42.0,-66.0,3700000.0,1.0,1000250,3700000.0
250,250,0,42.0,-42.0,-66.0,3700000.0,1.0,1000251,3700000.0
251,251,0,44.0,-42.0,-66.0,3700000.0,1.0,1000252,3700000.0
252,252,0,46.0,-42.0,-66.0,3700000.0,1.0,1000253,3700000.0
253,253,0,48.0,-42.0,-66.0,3700000.0,1.0,1000254,3700000.0
254,254,0,50.0,-42.0,-66.0,3700000.0,1.0,1000255,3700000.0
255,255,0,-50.0,-40.0,-66.0,3700000.0,1.0,1000256,3700000.0
256,256,0,-48.0,-40.0,-66.0,3700000.0,1.0,1000257,3700000.0
257,257,0,-46.0,-40.0,-66.0,3700000.0,1.0,1000258,3700000.0
258,258,0,-44.0,-40.0,-66.0,3700000.0,1.0,1000259,3700000.0
259,259,0,-42.0,-40.0,-66.0,3700000.0,1.0,1000260,3700000.0
260,260,0,-40.0,-40.0,-66.0,3700000.0,1.0,1000261,3700000.0
261,261,0,-38.0,-40.0,-66.0,3700000.0,1.0,1000262,3700000.0
262,262,0,-36.0,-40.0,-66.0,3700000.0,1.0,1000263,3700000.0
263,263,0,-34.0,-40.0,-66.0,3700000.0,1.0,1000264,3700000.0
264,264,0,-32.0,-40.0,-66.0,3700000.0,1.0,1000265,3700000.0
265,265,0,-30.0,-40.0,-66.0,3700000.0,1.0,1000266,3700000.0
266,266,0,-28.0,-40.0,-66.0,3700000.0,1.0,1000267,3700000.0
267,267,0,-26.0,-40.0,-66.0,3700000.0,1.0,1000268,3700000.0
268,268,0,-24.0,-40.0,-66.0,3700000.0,1.0,1000269,3700000.0
269,269,0,-22.0,-40.0,-66.0,3700000.0,1.0,1000270,3700000.0
270,270,0,-20.0,-40.0,-66.0,3700000.0,1.0,1000271,3700000.0
271,271,0,-18.0,-40.0,-66.0,3700000.0,1.0,1000272,3700000.0
272,272,0,-16.0,-40.0,-66.0,3700000.0,1.0,1000273,3700000.0
273,273,0,-14.0,-40.0,-66.0,3700000.0,1.0,1000274,3700000.0
274,274,0,-12.0,-40.0,-66.0,3700000.0,1.0,1000275,3700000.0
275,275,0,-10.0,-40.0,-66.0,3700000.0,1.0,1000276,3700000.0
276,276,0,-8.0,-40.0,-66.0,3700000.0,1.0,1000277,3700000.0
277,277,0,-6.0,-40.0,-66.0,3700000.0,1.0,1000278,3700000.0
278,278,0,-4.0,-40.0,-66.0,3700000.0,1.0,1000279,3700000.0
279,279,0,-2.0,-40.0,-66.0,3700000.0,1.0,1000280,3700000.0
280,280,0,0.0,-40.0,-66.0,3700000.0,1.0,1000281,3700000.0
281,281,0,2.0,-40.0,-66.0,3700000.0,1.0,1000282,3700000.0
282,282,0,4.0,-40.0,-66.0,3700000.0,1.0,1000283,3700000.0
283,283,0,6.0,-40.0,-66.0,3700000.0,1.0,1000284,3700000.0
284,284,0,8.0,-40.0,-66.0,3700000.0,1.0,1000285,3700000.0
285,285,0,10.0,-40.0,-66.0,3700000.0,1.0,1000286,3700000.0
286,286,0,12.0,-40.0,-66.0,3700000.0,1.0,1000287,3700000.0
287,287,0,14.0,-40.0,-66.0,3700000.0,1.0,1000288,3700000.0
288,288,0,16.0,-40.0,-66.0,3700000.0,1.0,1000289,3700000.0
289,289,0,18.0,-40.0,-66.0,3700000.0,1.0,1000290,3700000.0
290,290,0,20.0,-40.0,-66.0,3700000.0,1.0,1000291,3700000.0
291,291,0,22.0,-40.0,-66.0,3700000.0,1.0,1000292,3700000.0
292,292,0,24.0,-40.0,-66.0,3700000.0,1.0,1000293,3700000.0
293,293,0,26.0,-40.0,-66.0,3700000.0,1.0,1000294,3700000.0
294,294,0,28.0,-40.0,-66.0,3700000.0,1.0,1000295,3700000.0
295,295,0,30.0,-40.0,-66.0,3700000.0,1.0,1000296,3700000.0
296,296,0,32.0,-40.0,-66.0,3700000.0,1.0,1000297,3700000.0
297,297,0,34.0,-40.0,-66.0,3700000.0,1.0,1000298,3700000.0
298,298,0,36.0,-40.0,-66.0,3700000.0,1.0,1000299,3700000.0
299,299,0,38.0,-40.0,-66.0,3700000.0,1.0,1000300,3700000.0
300,300,0,40.0,-40.0,-66.0,3700000.0,1.0,1000301,3700000.0
301,301,0,42.0,-40.0,-66.0,3700000.0,1.0,1000302,3700000.0
302,302,0,44.0,-40.0,-66.0,3700000.0,1.0,1000303,3700000.0
303,303,0,46.0,-40.0,-66.0,3700000.0,1.0,1000304,3700000.0
304,304,0,48.0,-40.0,-66.0,3700000.0,1.0,1000305,3700000.0
305,305,0,50.0,-40.0,-66.0,3700000.0,1.0,1000306,3700000.0
306,306,0,-50.0,-38.0,-66.0,3700000.0,1.0,1000307,3700000.0
307,307,0,-48.0,-38.0,-66.0,3700000.0,1.0,1000308,3700000.0
308,308,0,-46.0,-38.0,-66.0,3700000.0,1.0,1000309,3700000.0
309,309,0,-44.0,-38.0,-66.0,3700000.0,1.0,1000310,3700000.0
310,310,0,-42.0,-38.0,-66.0,3700000.0,1.0,1000311,3700000.0
311,311,0,-40.0,-38.0,-66.0,3700000.0,1.0,1000312,3700000.0
312,312,0,-38.0,-38.0,-66.0,3700000.0,1.0,1000313,3700000.0
313,313,0,-36.0,-38.0,-66.0,3700000.0,1.0,1000314,3700000.0
314,314,0,-34.0,-38.0,-66.0,3700000.0,1.0,1000315,3700000.0
315,315,0,-32.0,-38.0,-66.0,3700000.0,1.0,1000316,3700000.0
316,316,0,-30.0,-38.0,-66.0,3700000.0,1.0,1000317,3700000.0
317,317,0,-28.0,-38.0,-66.0,3700000.0,1.0,1000318,3700000.0
318,318,0,-26.0,-38.0,-66.0,3700000.0,1.0,1000319,3700000.0
319,319,0,-24.0,-38.0,-66.0,3700000.0,1.0,1000320,3700000.0
320,320,0,-22.0,-38.0,-66.0,3700000.0,1.0,1000321,3700000.0
321,321,0,-20.0,-38.0,-66.0,3700000.0,1.0,1000322,3700000.0
322,322,0,-18.0,-38.0,-66.0,3700000.0,1.0,1000323,3700000.0
323,323,0,-16.0,-38.0,-66.0,3700000.0,1.0,1000324,3700000.0
324,324,0,-14.0,-38.0,-66.0,3700000.0,1.0,1000325,3700000.0
325,325,0,-12.0,-38.0,-66.0,3700000.0,1.0,1000326,3700000.0
326,326,0,-10.0,-38.0,-66.0,3700000.0,1.0,1000327,3700000.0
327,327,0,-8.0,-38.0,-66.0,3700000.0,1.0,1000328,3700000.0
328,328,0,-6.0,-38.0,-66.0,3700000.0,1.0,1000329,3700000.0
329,329,0,-4.0,-38.0,-66.0,3700000.0,1.0,1000330,3700000.0
330,330,0,-2.0,-38.0,-66.0,3700000.0,1.0,1000331,3700000.0
331,331,0,0.0,-38.0,-66.0,3700000.0,1.0,1000332,3700000.0
332,332,0,2.0,-38.0,-66.0,3700000.0,1.0,1000333,3700000.0
333,333,0,4.0,-38.0,-66.0,3700000.0,1.0,1000334,3700000.0
334,334,0,6.0,-38.0,-66.0,3700000.0,1.0,1000335,3700000.0
335,335,0,8.0,-38.0,-66.0,3700000.0,1.0,1000336,3700000.0
336,336,0,10.0,-38.0,-66.0,3700000.0,1.0,1000337,3700000.0
337,337,0,12.0,-38.0,-66.0,3700000.0,1.0,1000338,3700000.0
338,338,0,14.0,-38.0,-66.0,3700000.0,1.0,1000339,3700000.0
339,339,0,16.0,-38.0,-66.0,3700000.0,1.0,1000340,3700000.0
340,340,0,18.0,-38.0,-66.0,3700000.0,1.0,1000341,3700000.0
341,341,0,20.0,-38.0,-66.0,3700000.0,1.0,1000342,3700000.0
342,342,0,22.0,-38.0,-66.0,3700000.0,1.0,1000343,3700000.0
343,343,0,24.0,-38.0,-66.0,3700000.0,1.0,1000344,3700000.0
344,344,0,26.0,-38.0,-66.0,3700000.0,1.0,1000345,3700000.0
345,345,0,28.0,-38.0,-66.0,3700000.0,1.0,1000346,3700000.0
346,346,0,30.0,-38.0,-66.0,3700000.0,1.0,1000347,3700000.0
347,347,0,32.0,-38.0,-66.0,3700000.0,1.0,1000348,3700000.0
348,348,0,34.0,-38.0,-66.0,3700000.0,1.0,1000349,3700000.0
349,349,0,36.0,-38.0,-66.0,3700000.0,1.0,1000350,3700000.0
350,350,0,38.0,-38.0,-66.0,3700000.0,1.0,1000351,3700000.0
351,351,0,40.0,-38.0,-66.0,3700000.0,1.0,1000352,3700000.0
352,352,0,42.0,-38.0,-66.0,3700000.0,1.0,1000353,3700000.0
353,353,0,44.0,-38.0,-66.0,3700000.0,1.0,1000354,3700000.0
354,354,0,46.0,-38.0,-66.0,3700000.0,1.0,1000355,3700000.0
355,355,0,48.0,-38.0,-66.0,3700000.0,1.0,1000356,3700000.0
356,356,0,50.0,-38.0,-66.0,3700000.0,1.0,1000357,3700000.0
357,357,0,-50.0,-36.0,-66.0,3700000.0,1.0,1000358,3700000.0
358,358,0,-48.0,-36.0,-66.0,3700000.0,1.0,1000359,3700000.0
359,359,0,-46.0,-36.0,-66.0,3700000.0,1.0,1000360,3700000.0
360,360,0,-44.0,-36.0,-66.0,3700000.0,1.0,1000361,3700000.0
361,361,0,-42.0,-36.0,-66.0,3700000.0,1.0,1000362,3700000.0
362,362,0,-40.0,-36.0,-66.0,3700000.0,1.0,1000363,3700000.0
363,363,0,-38.0,-36.0,-66.0,3700000.0,1.0,1000364,3700000.0
364,364,0,-36.0,-36.0,-66.0,3700000.0,1.0,1000365,3700000.0
365,365,0,-34.0,-36.0,-66.0,3700000.0,1.0,1000366,3700000.0
366,366,0,-32.0,-36.0,-66.0,3700000.0,1.0,1000367,3700000.0
367,367,0,-30.0,-36.0,-66.0,3700000.0,1.0,1000368,3700000.0
368,368,0,-28.0,-36.0,-66.0,3700000.0,1.0,1000369,3700000.0
369,369,0,-26.0,-36.0,-66.0,3700000.0,1.0,1000370,3700000.0
370,370,0,-24.0,-36.0,-66.0,3700000.0,1.0,1000371,3700000.0
371,371,0,-22.0,-36.0,-66.0,3700000.0,1.0,1000372,3700000.0
372,372,0,-20.0,-36.0,-66.0,3700000.0,1.0,1000373,3700000.0
373,373,0,-18.0,-36.0,-66.0,3700000.0,1.0,1000374,3700000.0
374,374,0,-16.0,-36.0,-66.0,3700000.0,1.0,1000375,3700000.0
375,375,0,-14.0,-36.0,-66.0,3700000.0,1.0,1000376,3700000.0
376,376,0,-12.0,-36.0,-66.0,3700000.0,1.0,1000377,3700000.0
377,377,0,-10.0,-36.0,-66.0,3700000.0,1.0,1000378,3700000.0
378,378,0,-8.0,-36.0,-66.0,3700000.0,1.0,1000379,3700000.0
379,379,0,-6.0,-36.0,-66.0,3700000.0,1.0,1000380,3700000.0
380,380,0,-4.0,-36.0,-66.0,3700000.0,1.0,1000381,3700000.0
381,381,0,-2.0,-36.0,-66.0,3700000.0,1.0,1000382,3700000.0
382,382,0,0.0,-36.0,-66.0,3700000.0,1.0,1000383,3700000.0
383,383,0,2.0,-36.0,-66.0,3700000.0,1.0,1000384,3700000.0
384,384,0,4.0,-36.0,-66.0,3700000.0,1.0,1000385,3700000.0
385,385,0,6.0,-36.0,-66.0,3700000.0,1.0,1000386,3700000.0
386,386,0,8.0,-36.0,-66.0,3700000.0,1.0,1000387,3700000.0
387,387,0,10.0,-36.0,-66.0,3700000.0,1.0,1000388,3700000.0
388,388,0,12.0,-36.0,-66.0,3700000.0,1.0,1000389,3700000.0
389,389,0,14.0,-36.0,-66.0,3700000.0,1.0,1000390,3700000.0
390,390,0,16.0,-36.0,-66.0,3700000.0,1.0,1000391,3700000.0
391,391,0,18.0,-36.0,-66.0,3700000.0,1.0,1000392,3700000.0
392,392,0,20.0,-36.0,-66.0,3700000.0,1.0,1000393,3700000.0
393,393,0,22.0,-36.0,-66.0,3700000.0,1.0,1000394,3700000.0
394,394,0,24.0,-36.0,-66.0,3700000.0,1.0,1000395,3700000.0
395,395,0,26.0,-36.0,-66.0,3700000.0,1.0,1000396,3700000.0
396,396,0,28.0,-36.0,-66.0,3700000.0,1.0,1000397,3700000.0
397,397,0,30.0,-36.0,-66.0,3700000.0,1.0,1000398,3700000.0
398,398,0,32.0,-36.0,-66.0,3700000.0,1.0,1000399,3700000.0
399,399,0,34.0,-36.0,-66.0,3700000.0,1.0,1000400,3700000.0
400,400,0,36.0,-36.0,-66.0,3700000.0,1.0,1000401,3700000.0
401,401,0,38.0,-36.0,-66.0,3700000.0,1.0,1000402,3700000.0
402,402,0,40.0,-36.0,-66.0,3700000.0,1.0,1000403,3700000.0
403,403,0,42.0,-36.0,-66.0,3700000.0,1.0,1000404,3700000.0
404,404,0,44.0,-36.0,-66.0,3700000.0,1.0,1000405,3700000.0
405,405,0,46.0,-36.0,-66.0,3700000.0,1.0,1000406,3700000.0
406,406,0,48.0,-36.0,-66.0,3700000.0,1.0,1000407,3700000.0
407,407,0,50.0,-36.0,-66.0,3700000.0,1.0,1000408,3700000.0
408,408,0,-50.0,-34.0,-66.0,3700000.0,1.0,1000409,3700000.0
409,409,0,-48.0,-34.0,-66.0,3700000.0,1.0,1000410,3700000.0
410,410,0,-46.0,-34.0,-66.0,3700000.0,1.0,1000411,3700000.0
411,411,0,-44.0,-34.0,-66.0,3700000.0,1.0,1000412,3700000.0
412,412,0,-42.0,-34.0,-66.0,3700000.0,1.0,1000413,3700000.0
413,413,0,-40.0,-34.0,-66.0,3700000.0,1.0,1000414,3700000.0
414,414,0,-38.0,-34.0,-66.0,3700000.0,1.0,1000415,3700000.0
415,415,0,-36.0,-34.0,-66.0,3700000.0,1.0,1000416,3700000.0
416,416,0,-34.0,-34.0,-66.0,3700000.0,1.0,1000417,3700000.0
417,417,0,-32.0,-34.0,-66.0,3700000.0,1.0,1000418,3700000.0
418,418,0,-30.0,-34.0,-66.0,3700000.0,1.0,1000419,3700000.0
419,419,0,-28.0,-34.0,-66.0,3700000.0,1.0,1000420,3700000.0
420,420,0,-26.0,-34.0,-66.0,3700000.0,1.0,1000421,3700000.0
421,421,0,-24.0,-34.0,-66.0,3700000.0,1.0,1000422,3700000.0
422,422,0,-22.0,-34.0,-66.0,3700000.0,1.0,1000423,3700000.0
423,423,0,-20.0,-34.0,-66.0,3700000.0,1.0,1000424,3700000.0
424,424,0,-18.0,-34.0,-66.0,3700000.0,1.0,1000425,3700000.0
425,425,0,-16.0,-34.0,-66.0,3700000.0,1.0,1000426,3700000.0
426,426,0,-14.0,-34.0,-66.0,3700000.0,1.0,1000427,3700000.0
427,427,0,-12.0,-34.0,-66.0,3700000.0,1.0,1000428,3700000.0
428,428,0,-10.0,-34.0,-66.0,3700000.0,1.0,1000429,3700000.0
429,429,0,-8.0,-34.0,-66.0,3700000.0,1.0,1000430,3700000.0
430,430,0,-6.0,-34.0,-66.0,3700000.0,1.0,1000431,3700000.0
431,431,0,-4.0,-34.0,-66.0,3700000.0,1.0,1000432,3700000.0
432,432,0,-2.0,-34.0,-66.0,3700000.0,1.0,1000433,3700000.0
433,433,0,0.0,-34.0,-66.0,3700000.0,1.0,1000434,3700000.0
434,434,0,2.0,-34.0,-66.0,3700000.0,1.0,1000435,3700000.0
435,435,0,4.0,-34.0,-66.0,3700000.0,1.0,1000436,3700000.0
436,436,0,6.0,-34.0,-66.0,3700000.0,1.0,1000437,3700000.0
437,437,0,8.0,-34.0,-66.0,3700000.0,1.0,1000438,3700000.0
438,438,0,10.0,-34.0,-66.0,3700000.0,1.0,1000439,3700000.0
439,439,0,12.0,-34.0,-66.0,3700000.0,1.0,1000440,3700000.0
440,440,0,14.0,-34.0,-66.0,3700000.0,1.0,1000441,3700000.0
441,441,0,16.0,-34.0,-66.0,3700000.0,1.0,1000442,3700000.0
442,442,0,18.0,-34.0,-66.0,3700000.0,1.0,1000443,3700000.0
443,443,0,20.0,-34.0,-66.0,3700000.0,1.0,1000444,3700000.0
444,444,0,22.0,-34.0,-66.0,3700000.0,1.0,1000445,3700000.0
445,445,0,24.0,-34.0,-66.0,3700000.0,1.0,1000446,3700000.0
446,446,0,26.0,-34.0,-66.0,3700000.0,1.0,1000447,3700000.0
447,447,0,28.0,-34.0,-66.0,3700000.0,1.0,1000448,3700000.0
448,448,0,30.0,-34.0,-66.0,3700000.0,1.0,1000449,3700000.0
449,449,0,32.0,-34.0,-66.0,3700000.0,1.0,1000450,3700000.0
450,450,0,34.0,-34.0,-66.0,3700000.0,1.0,1000451,3700000.0
451,451,0,36.0,-34.0,-66.0,3700000.0,1.0,1000452,3700000.0
452,452,0,38.0,-34.0,-66.0,3700000.0,1.0,1000453,3700000.0
453,453,0,40.0,-34.0,-66.0,3700000.0,1.0,1000454,3700000.0
454,454,0,42.0,-34.0,-66.0,3700000.0,1.0,1000455,3700000.0
455,455,0,44.0,-34.0,-66.0,3700000.0,1.0,1000456,3700000.0
456,456,0,46.0,-34.0,-66.0,3700000.0,1.0,1000457,3700000.0
457,457,0,48.0,-34.0,-66.0,3700000.0,1.0,1000458,3700000.0
458,458,0,50.0,-34.0,-66.0,3700000.0,1.0,1000459,3700000.0
459,459,0,-50.0,-32.0,-66.0,3700000.0,1.0,1000460,3700000.0
460,460,0,-48.0,-32.0,-66.0,3700000.0,1.0,1000461,3700000.0
461,461,0,-46.0,-32.0,-66.0,3700000.0,1.0,1000462,3700000.0
462,462,0,-44.0,-32.0,-66.0,3700000.0,1.0,1000463,3700000.0
463,463,0,-42.0,-32.0,-66.0,3700000.0,1.0,1000464,3700000.0
464,464,0,-40.0,-32.0,-66.0,3700000.0,1.0,1000465,3700000.0
465,465,0,-38.0,-32.0,-66.0,3700000.0,1.0,1000466,3700000.0
466,466,0,-36.0,-32.0,-66.0,3700000.0,1.0,1000467,3700000.0
467,467,0,-34.0,-32.0,-66.0,3700000.0,1.0,1000468,3700000.0
468,468,0,-32.0,-32.0,-66.0,3700000.0,1.0,1000469,3700000.0
469,469,0,-30.0,-32.0,-66.0,3700000.0,1.0,1000470,3700000.0
470,470,0,-28.0,-32.0,-66.0,3700000.0,1.0,1000471,3700000.0
471,471,0,-26.0,-32.0,-66.0,3700000.0,1.0,1000472,3700000.0
472,472,0,-24.0,-32.0,-66.0,3700000.0,1.0,1000473,3700000.0
473,473,0,-22.0,-32.0,-66.0,3700000.0,1.0,1000474,3700000.0
474,474,0,-20.0,-32.0,-66.0,3700000.0,1.0,1000475,3700000.0
475,475,0,-18.0,-32.0,-66.0,3700000.0,1.0,1000476,3700000.0
476,476,0,-16.0,-32.0,-66.0,3700000.0,1.0,1000477,3700000.0
477,477,0,-14.0,-32.0,-66.0,3700000.0,1.0,1000478,3700000.0
478,478,0,-12.0,-32.0,-66.0,3700000.0,1.0,1000479,3700000.0
479,479,0,-10.0,-32.0,-66.0,3700000.0,1.0,1000480,3700000.0
480,480,0,-8.0,-32.0,-66.0,3700000.0,1.0,1000481,3700000.0
481,481,0,-6.0,-32.0,-66.0,3700000.0,1.0,1000482,3700000.0
482,482,0,-4.0,-32.0,-66.0,3700000.0,1.0,1000483,3700000.0
483,483,0,-2.0,-32.0,-66.0,3700000.0,1.0,1000484,3700000.0
484,484,0,0.0,-32.0,-66.0,3700000.0,1.0,1000485,3700000.0
485,485,0,2.0,-32.0,-66.0,3700000.0,1.0,1000486,3700000.0
486,486,0,4.0,-32.0,-66.0,3700000.0,1.0,1000487,3700000.0
487,487,0,6.0,-32.0,-66.0,3700000.0,1.0,1000488,3700000.0
488,488,0,8.0,-32.0,-66.0,3700000.0,1.0,1000489,3700000.0
489,489,0,10.0,-32.0,-66.0,3700000.0,1.0,1000490,3700000.0
490,490,0,12.0,-32.0,-66.0,3700000.0,1.0,1000491,3700000.0
491,491,0,14.0,-32.0,-66.0,3700000.0,1.0,1000492,3700000.0
492,492,0,16.0,-32.0,-66.0,3700000.0,1.0,1000493,3700000.0
493,493,0,18.0,-32.0,-66.0,3700000.0,1.0,1000494,3700000.0
494,494,0,20.0,-32.0,-66.0,3700000.0,1.0,1000495,3700000.0
495,495,0,22.0,-32.0,-66.0,3700000.0,1.0,1000496,3700000.0
496,496,0,24.0,-32.0,-66.0,3700000.0,1.0,1000497,3700000.0
497,497,0,26.0,-32.0,-66.0,3700000.0,1.0,1000498,3700000.0
498,498,0,28.0,-32.0,-66.0,3700000.0,1.0,1000499,3700000.0
499,499,0,30.0,-32.0,-66.0,3700000.0,1.0,1000500,3700000.0
500,500,0,32.0,-32.0,-66.0,3700000.0,1.0,1000501,3700000.0
501,501,0,34.0,-32.0,-66.0,3700000.0,1.0,1000502,3700000.0
502,502,0,36.0,-32.0,-66.0,3700000.0,1.0,1000503,3700000.0
503,503,0,38.0,-32.0,-66.0,3700000.0,1.0,1000504,3700000.0
504,504,0,40.0,-32.0,-66.0,3700000.0,1.0,1000505,3700000.0
505,505,0,42.0,-32.0,-66.0,3700000.0,1.0,1000506,3700000.0
506,506,0,44.0,-32.0,-66.0,3700000.0,1.0,1000507,3700000.0
507,507,0,46.0,-32.0,-66.0,3700000.0,1.0,1000508,3700000.0
508,508,0,48.0,-32.0,-66.0,3700000.0,1.0,1000509,3700000.0
509,509,0,50.0,-32.0,-66.0,3700000.0,1.0,1000510,3700000.0
510,510,0,-50.0,-30.0,-66.0,3700000.0,1.0,1000511,3700000.0
511,511,0,-48.0,-30.0,-66.0,3700000.0,1.0,1000512,3700000.0
512,512,0,-46.0,-30.0,-66.0,3700000.0,1.0,1000513,3700000.0
513,513,0,-44.0,-30.0,-66.0,3700000.0,1.0,1000514,3700000.0
514,514,0,-42.0,-30.0,-66.0,3700000.0,1.0,1000515,3700000.0
515,515,0,-40.0,-30.0,-66.0,3700000.0,1.0,1000516,3700000.0
516,516,0,-38.0,-30.0,-66.0,3700000.0,1.0,1000517,3700000.0
517,517,0,-36.0,-30.0,-66.0,3700000.0,1.0,1000518,3700000.0
518,518,0,-34.0,-30.0,-66.0,3700000.0,1.0,1000519,3700000.0
519,519,0,-32.0,-30.0,-66.0,3700000.0,1.0,1000520,3700000.0
520,520,0,-30.0,-30.0,-66.0,3700000.0,1.0,1000521,3700000.0
521,521,0,-28.0,-30.0,-66.0,3700000.0,1.0,1000522,3700000.0
522,522,0,-26.0,-30.0,-66.0,3700000.0,1.0,1000523,3700000.0
523,523,0,-24.0,-30.0,-66.0,3700000.0,1.0,1000524,3700000.0
524,524,0,-22.0,-30.0,-66.0,3700000.0,1.0,1000525,3700000.0
525,525,0,-20.0,-30.0,-66.0,3700000.0,1.0,1000526,3700000.0
526,526,0,-18.0,-30.0,-66.0,3700000.0,1.0,1000527,3700000.0
527,527,0,-16.0,-30.0,-66.0,3700000.0,1.0,1000528,3700000.0
528,528,0,-14.0,-30.0,-66.0,3700000.0,1.0,1000529,3700000.0
529,529,0,-12.0,-30.0,-66.0,3700000.0,1.0,1000530,3700000.0
530,530,0,-10.0,-30.0,-66.0,3700000.0,1.0,1000531,3700000.0
531,531,0,-8.0,-30.0,-66.0,3700000.0,1.0,1000532,3700000.0
532,532,0,-6.0,-30.0,-66.0,3700000.0,1.0,1000533,3700000.0
533,533,0,-4.0,-30.0,-66.0,3700000.0,1.0,1000534,3700000.0
534,534,0,-2.0,-30.0,-66.0,3700000.0,1.0,1000535,3700000.0
535,535,0,0.0,-30.0,-66.0,3700000.0,1.0,1000536,3700000.0
536,536,0,2.0,-30.0,-66.0,3700000.0,1.0,1000537,3700000.0
537,537,0,4.0,-30.0,-66.0,3700000.0,1.0,1000538,3700000.0
538,538,0,6.0,-30.0,-66.0,3700000.0,1.0,1000539,3700000.0
539,539,0,8.0,-30.0,-66.0,3700000.0,1.0,1000540,3700000.0
540,540,0,10.0,-30.0,-66.0,3700000.0,1.0,1000541,3700000.0
541,541,0,12.0,-30.0,-66.0,3700000.0,1.0,1000542,3700000.0
542,542,0,14.0,-30.0,-66.0,3700000.0,1.0,1000543,3700000.0
543,543,0,16.0,-30.0,-66.0,3700000.0,1.0,1000544,3700000.0
544,544,0,18.0,-30.0,-66.0,3700000.0,1.0,1000545,3700000.0
545,545,0,20.0,-30.0,-66.0,3700000.0,1.0,1000546,3700000.0
546,546,0,22.0,-30.0,-66.0,3700000.0,1.0,1000547,3700000.0
547,547,0,24.0,-30.0,-66.0,3700000.0,1.0,1000548,3700000.0
548,548,0,26.0,-30.0,-66.0,3700000.0,1.0,1000549,3700000.0
549,549,0,28.0,-30.0,-66.0,3700000.0,1.0,1000550,3700000.0
550,550,0,30.0,-30.0,-66.0,3700000.0,1.0,1000551,3700000.0
551,551,0,32.0,-30.0,-66.0,3700000.0,1.0,1000552,3700000.0
552,552,0,34.0,-30.0,-66.0,3700000.0,1.0,1000553,3700000.0
553,553,0,36.0,-30.0,-66.0,3700000.0,1.0,1000554,3700000.0
554,554,0,38.0,-30.0,-66.0,3700000.0,1.0,1000555,3700000.0
555,555,0,40.0,-30.0,-66.0,3700000.0,1.0,1000556,3700000.0
556,556,0,42.0,-30.0,-66.0,3700000.0,1.0,1000557,3700000.0
557,557,0,44.0,-30.0,-66.0,3700000.0,1.0,1000558,3700000.0
558,558,0,46.0,-30.0,-66.0,3700000.0,1.0,1000559,3700000.0
559,559,0,48.0,-30.0,-66.0,3700000.0,1.0,1000560,3700000.0
560,560,0,50.0,-30.0,-66.0,3700000.0,1.0,1000561,3700000.0
561,561,0,-50.0,-28.0,-66.0,3700000.0,1.0,1000562,3700000.0
562,562,0,-48.0,-28.0,-66.0,3700000.0,1.0,1000563,3700000.0
563,563,0,-46.0,-28.0,-66.0,3700000.0,1.0,1000564,3700000.0
564,564,0,-44.0,-28.0,-66.0,3700000.0,1.0,1000565,3700000.0
565,565,0,-42.0,-28.0,-66.0,3700000.0,1.0,1000566,3700000.0
566,566,0,-40.0,-28.0,-66.0,3700000.0,1.0,1000567,3700000.0
567,567,0,-38.0,-28.0,-66.0,3700000.0,1.0,1000568,3700000.0
568,568,0,-36.0,-28.0,-66.0,3700000.0,1.0,1000569,3700000.0
569,569,0,-34.0,-28.0,-66.0,3700000.0,1.0,1000570,3700000.0
570,570,0,-32.0,-28.0,-66.0,3700000.0,1.0,1000571,3700000.0
571,571,0,-30.0,-28.0,-66.0,3700000.0,1.0,1000572,3700000.0
572,572,0,-28.0,-28.0,-66.0,3700000.0,1.0,1000573,3700000.0
573,573,0,-26.0,-28.0,-66.0,3700000.0,1.0,1000574,3700000.0
574,574,0,-24.0,-28.0,-66.0,3700000.0,1.0,1000575,3700000.0
575,575,0,-22.0,-28.0,-66.0,3700000.0,1.0,1000576,3700000.0
576,576,0,-20.0,-28.0,-66.0,3700000.0,1.0,1000577,3700000.0
577,577,0,-18.0,-28.0,-66.0,3700000.0,1.0,1000578,3700000.0
578,578,0,-16.0,-28.0,-66.0,3700000.0,1.0,1000579,3700000.0
579,579,0,-14.0,-28.0,-66.0,3700000.0,1.0,1000580,3700000.0
580,580,0,-12.0,-28.0,-66.0,3700000.0,1.0,1000581,3700000.0
581,581,0,-10.0,-28.0,-66.0,3700000.0,1.0,1000582,3700000.0
582,582,0,-8.0,-28.0,-66.0,3700000.0,1.0,1000583,3700000.0
583,583,0,-6.0,-28.0,-66.0,3700000.0,1.0,1000584,3700000.0
584,584,0,-4.0,-28.0,-66.0,3700000.0,1.0,1000585,3700000.0
585,585,0,-2.0,-28.0,-66.0,3700000.0,1.0,1000586,3700000.0
586,586,0,0.0,-28.0,-66.0,3700000.0,1.0,1000587,3700000.0
587,587,0,2.0,-28.0,-66.0,3700000.0,1.0,1000588,3700000.0
588,588,0,4.0,-28.0,-66.0,3700000.0,1.0,1000589,3700000.0
589,589,0,6.0,-28.0,-66.0,3700000.0,1.0,1000590,3700000.0
590,590,0,8.0,-28.0,-66.0,3700000.0,1.0,1000591,3700000.0
591,591,0,10.0,-28.0,-66.0,3700000.0,1.0,1000592,3700000.0
592,592,0,12.0,-28.0,-66.0,3700000.0,1.0,1000593,3700000.0
593,593,0,14.0,-28.0,-66.0,3700000.0,1.0,1000594,3700000.0
594,594,0,16.0,-28.0,-66.0,3700000.0,1.0,1000595,3700000.0
595,595,0,18.0,-28.0,-66.0,3700000.0,1.0,1000596,3700000.0
596,596,0,20.0,-28.0,-66.0,3700000.0,1.0,1000597,3700000.0
597,597,0,22.0,-28.0,-66.0,3700000.0,1.0,1000598,3700000.0
598,598,0,24.0,-28.0,-66.0,3700000.0,1.0,1000599,3700000.0
599,599,0,26.0,-28.0,-66.0,3700000.0,1.0,1000600,3700000.0
600,600,0,28.0,-28.0,-66.0,3700000.0,1.0,1000601,3700000.0
601,601,0,30.0,-28.0,-66.0,3700000.0,1.0,1000602,3700000.0
602,602,0,32.0,-28.0,-66.0,3700000.0,1.0,1000603,3700000.0
603,603,0,34.0,-28.0,-66.0,3700000.0,1.0,1000604,3700000.0
604,604,0,36.0,-28.0,-66.0,3700000.0,1.0,1000605,3700000.0
605,605,0,38.0,-28.0,-66.0,3700000.0,1.0,1000606,3700000.0
606,606,0,40.0,-28.0,-66.0,3700000.0,1.0,1000607,3700000.0
607,607,0,42.0,-28.0,-66.0,3700000.0,1.0,1000608,3700000.0
608,608,0,44.0,-28.0,-66.0,3700000.0,1.0,1000609,3700000.0
609,609,0,46.0,-28.0,-66.0,3700000.0,1.0,1000610,3700000.0
610,610,0,48.0,-28.0,-66.0,3700000.0,1.0,1000611,3700000.0
611,611,0,50.0,-28.0,-66.0,3700000.0,1.0,1000612,3700000.0
612,612,0,-50.0,-26.0,-66.0,3700000.0,1.0,1000613,3700000.0
613,613,0,-48.0,-26.0,-66.0,3700000.0,1.0,1000614,3700000.0
614,614,0,-46.0,-26.0,-66.0,3700000.0,1.0,1000615,3700000.0
615,615,0,-44.0,-26.0,-66.0,3700000.0,1.0,1000616,3700000.0
616,616,0,-42.0,-26.0,-66.0,3700000.0,1.0,1000617,3700000.0
617,617,0,-40.0,-26.0,-66.0,3700000.0,1.0,1000618,3700000.0
618,618,0,-38.0,-26.0,-66.0,3700000.0,1.0,1000619,3700000.0
619,619,0,-36.0,-26.0,-66.0,3700000.0,1.0,1000620,3700000.0
620,620,0,-34.0,-26.0,-66.0,3700000.0,1.0,1000621,3700000.0
621,621,0,-32.0,-26.0,-66.0,3700000.0,1.0,1000622,3700000.0
622,622,0,-30.0,-26.0,-66.0,3700000.0,1.0,1000623,3700000.0
623,623,0,-28.0,-26.0,-66.0,3700000.0,1.0,1000624,3700000.0
624,624,0,-26.0,-26.0,-66.0,3700000.0,1.0,1000625,3700000.0
625,625,0,-24.0,-26.0,-66.0,3700000.0,1.0,1000626,3700000.0
626,626,0,-22.0,-26.0,-66.0,3700000.0,1.0,1000627,3700000.0
627,627,0,-20.0,-26.0,-66.0,3700000.0,1.0,1000628,3700000.0
628,628,0,-18.0,-26.0,-66.0,3700000.0,1.0,1000629,3700000.0
629,629,0,-16.0,-26.0,-66.0,3700000.0,1.0,1000630,3700000.0
630,630,0,-14.0,-26.0,-66.0,3700000.0,1.0,1000631,3700000.0
631,631,0,-12.0,-26.0,-66.0,3700000.0,1.0,1000632,3700000.0
632,632,0,-10.0,-26.0,-66.0,3700000.0,1.0,1000633,3700000.0
633,633,0,-8.0,-26.0,-66.0,3700000.0,1.0,1000634,3700000.0
634,634,0,-6.0,-26.0,-66.0,3700000.0,1.0,1000635,3700000.0
635,635,0,-4.0,-26.0,-66.0,3700000.0,1.0,1000636,3700000.0
636,636,0,-2.0,-26.0,-66.0,3700000.0,1.0,1000637,3700000.0
637,637,0,0.0,-26.0,-66.0,3700000.0,1.0,1000638,3700000.0
638,638,0,2.0,-26.0,-66.0,3700000.0,1.0,1000639,3700000.0
639,639,0,4.0,-26.0,-66.0,3700000.0,1.0,1000640,3700000.0
640,640,0,6.0,-26.0,-66.0,3700000.0,1.0,1000641,3700000.0
641,641,0,8.0,-26.0,-66.0,3700000.0,1.0,1000642,3700000.0
642,642,0,10.0,-26.0,-66.0,3700000.0,1.0,1000643,3700000.0
643,643,0,12.0,-26.0,-66.0,3700000.0,1.0,1000644,3700000.0
644,644,0,14.0,-26.0,-66.0,3700000.0,1.0,1000645,3700000.0
645,645,0,16.0,-26.0,-66.0,3700000.0,1.0,1000646,3700000.0
646,646,0,18.0,-26.0,-66.0,3700000.0,1.0,1000647,3700000.0
647,647,0,20.0,-26.0,-66.0,3700000.0,1.0,1000648,3700000.0
648,648,0,22.0,-26.0,-66.0,3700000.0,1.0,1000649,3700000.0
649,649,0,24.0,-26.0,-66.0,3700000.0,1.0,1000650,3700000.0
650,650,0,26.0,-26.0,-66.0,3700000.0,1.0,1000651,3700000.0
651,651,0,28.0,-26.0,-66.0,3700000.0,1.0,1000652,3700000.0
652,652,0,30.0,-26.0,-66.0,3700000.0,1.0,1000653,3700000.0
653,653,0,32.0,-26.0,-66.0,3700000.0,1.0,1000654,3700000.0
654,654,0,34.0,-26.0,-66.0,3700000.0,1.0,1000655,3700000.0
655,655,0,36.0,-26.0,-66.0,3700000.0,1.0,1000656,3700000.0
656,656,0,38.0,-26.0,-66.0,3700000.0,1.0,1000657,3700000.0
657,657,0,40.0,-26.0,-66.0,3700000.0,1.0,1000658,3700000.0
658,658,0,42.0,-26.0,-66.0,3700000.0,1.0,1000659,3700000.0
659,659,0,44.0,-26.0,-66.0,3700000.0,1.0,1000660,3700000.0
660,660,0,46.0,-26.0,-66.0,3700000.0,1.0,1000661,3700000.0
661,661,0,48.0,-26.0,-66.0,3700000.0,1.0,1000662,3700000.0
662,662,0,50.0,-26.0,-66.0,3700000.0,1.0,1000663,3700000.0
663,663,0,-50.0,-24.0,-66.0,3700000.0,1.0,1000664,3700000.0
664,664,0,-48.0,-24.0,-66.0,3700000.0,1.0,1000665,3700000.0
665,665,0,-46.0,-24.0,-66.0,3700000.0,1.0,1000666,3700000.0
666,666,0,-44.0,-24.0,-66.0,3700000.0,1.0,1000667,3700000.0
667,667,0,-42.0,-24.0,-66.0,3700000.0,1.0,1000668,3700000.0
668,668,0,-40.0,-24.0,-66.0,3700000.0,1.0,1000669,3700000.0
669,669,0,-38.0,-24.0,-66.0,3700000.0,1.0,1000670,3700000.0
670,670,0,-36.0,-24.0,-66.0,3700000.0,1.0,1000671,3700000.0
671,671,0,-34.0,-24.0,-66.0,3700000.0,1.0,1000672,3700000.0
672,672,0,-32.0,-24.0,-66.0,3700000.0,1.0,1000673,3700000.0
673,673,0,-30.0,-24.0,-66.0,3700000.0,1.0,1000674,3700000.0
674,674,0,-28.0,-24.0,-66.0,3700000.0,1.0,1000675,3700000.0
675,675,0,-26.0,-24.0,-66.0,3700000.0,1.0,1000676,3700000.0
676,676,0,-24.0,-24.0,-66.0,3700000.0,1.0,1000677,3700000.0
677,677,0,-22.0,-24.0,-66.0,3700000.0,1.0,1000678,3700000.0
678,678,0,-20.0,-24.0,-66.0,3700000.0,1.0,1000679,3700000.0
679,679,0,-18.0,-24.0,-66.0,3700000.0,1.0,1000680,3700000.0
680,680,0,-16.0,-24.0,-66.0,3700000.0,1.0,1000681,3700000.0
681,681,0,-14.0,-24.0,-66.0,3700000.0,1.0,1000682,3700000.0
682,682,0,-12.0,-24.0,-66.0,3700000.0,1.0,1000683,3700000.0
683,683,0,-10.0,-24.0,-66.0,3700000.0,1.0,1000684,3700000.0
684,684,0,-8.0,-24.0,-66.0,3700000.0,1.0,1000685,3700000.0
685,685,0,-6.0,-24.0,-66.0,3700000.0,1.0,1000686,3700000.0
686,686,0,-4.0,-24.0,-66.0,3700000.0,1.0,1000687,3700000.0
687,687,0,-2.0,-24.0,-66.0,3700000.0,1.0,1000688,3700000.0
688,688,0,0.0,-24.0,-66.0,3700000.0,1.0,1000689,3700000.0
689,689,0,2.0,-24.0,-66.0,3700000.0,1.0,1000690,3700000.0
690,690,0,4.0,-24.0,-66.0,3700000.0,1.0,1000691,3700000.0
691,691,0,6.0,-24.0,-66.0,3700000.0,1.0,1000692,3700000.0
692,692,0,8.0,-24.0,-66.0,3700000.0,1.0,1000693,3700000.0
693,693,0,10.0,-24.0,-66.0,3700000.0,1.0,1000694,3700000.0
694,694,0,12.0,-24.0,-66.0,3700000.0,1.0,1000695,3700000.0
695,695,0,14.0,-24.0,-66.0,3700000.0,1.0,1000696,3700000.0
696,696,0,16.0,-24.0,-66.0,3700000.0,1.0,1000697,3700000.0
697,697,0,18.0,-24.0,-66.0,3700000.0,1.0,1000698,3700000.0
698,698,0,20.0,-24.0,-66.0,3700000.0,1.0,1000699,3700000.0
699,699,0,22.0,-24.0,-66.0,3700000.0,1.0,1000700,3700000.0
700,700,0,24.0,-24.0,-66.0,3700000.0,1.0,1000701,3700000.0
701,701,0,26.0,-24.0,-66.0,3700000.0,1.0,1000702,3700000.0
702,702,0,28.0,-24.0,-66.0,3700000.0,1.0,1000703,3700000.0
703,703,0,30.0,-24.0,-66.0,3700000.0,1.0,1000704,3700000.0
704,704,0,32.0,-24.0,-66.0,3700000.0,1.0,1000705,3700000.0
705,705,0,34.0,-24.0,-66.0,3700000.0,1.0,1000706,3700000.0
706,706,0,36.0,-24.0,-66.0,3700000.0,1.0,1000707,3700000.0
707,707,0,38.0,-24.0,-66.0,3700000.0,1.0,1000708,3700000.0
708,708,0,40.0,-24.0,-66.0,3700000.0,1.0,1000709,3700000.0
709,709,0,42.0,-24.0,-66.0,3700000.0,1.0,1000710,3700000.0
710,710,0,44.0,-24.0,-66.0,3700000.0,1.0,1000711,3700000.0
711,711,0,46.0,-24.0,-66.0,3700000.0,1.0,1000712,3700000.0
712,712,0,48.0,-24.0,-66.0,3700000.0,1.0,1000713,3700000.0
713,713,0,50.0,-24.0,-66.0,3700000.0,1.0,1000714,3700000.0
714,714,0,-50.0,-22.0,-66.0,3700000.0,1.0,1000715,3700000.0
715,715,0,-48.0,-22.0,-66.0,3700000.0,1.0,1000716,3700000.0
716,716,0,-46.0,-22.0,-66.0,3700000.0,1.0,1000717,3700000.0
717,717,0,-44.0,-22.0,-66.0,3700000.0,1.0,1000718,3700000.0
718,718,0,-42.0,-22.0,-66.0,3700000.0,1.0,1000719,3700000.0
719,719,0,-40.0,-22.0,-66.0,3700000.0,1.0,1000720,3700000.0
720,720,0,-38.0,-22.0,-66.0,3700000.0,1.0,1000721,3700000.0
721,721,0,-36.0,-22.0,-66.0,3700000.0,1.0,1000722,3700000.0
722,722,0,-34.0,-22.0,-66.0,3700000.0,1.0,1000723,3700000.0
723,723,0,-32.0,-22.0,-66.0,3700000.0,1.0,1000724,3700000.0
724,724,0,-30.0,-22.0,-66.0,3700000.0,1.0,1000725,3700000.0
725,725,0,-28.0,-22.0,-66.0,3700000.0,1.0,1000726,3700000.0
726,726,0,-26.0,-22.0,-66.0,3700000.0,1.0,1000727,3700000.0
727,727,0,-24.0,-22.0,-66.0,3700000.0,1.0,1000728,3700000.0
728,728,0,-22.0,-22.0,-66.0,3700000.0,1.0,1000729,3700000.0
729,729,0,-20.0,-22.0,-66.0,3700000.0,1.0,1000730,3700000.0
730,730,0,-18.0,-22.0,-66.0,3700000.0,1.0,1000731,3700000.0
731,731,0,-16.0,-22.0,-66.0,3700000.0,1.0,1000732,3700000.0
732,732,0,-14.0,-22.0,-66.0,3700000.0,1.0,1000733,3700000.0
733,733,0,-12.0,-22.0,-66.0,3700000.0,1.0,1000734,3700000.0
734,734,0,-10.0,-22.0,-66.0,3700000.0,1.0,1000735,3700000.0
735,735,0,-8.0,-22.0,-66.0,3700000.0,1.0,1000736,3700000.0
736,736,0,-6.0,-22.0,-66.0,3700000.0,1.0,1000737,3700000.0
737,737,0,-4.0,-22.0,-66.0,3700000.0,1.0,1000738,3700000.0
738,738,0,-2.0,-22.0,-66.0,3700000.0,1.0,1000739,3700000.0
739,739,0,0.0,-22.0,-66.0,3700000.0,1.0,1000740,3700000.0
740,740,0,2.0,-22.0,-66.0,3700000.0,1.0,1000741,3700000.0
741,741,0,4.0,-22.0,-66.0,3700000.0,1.0,1000742,3700000.0
742,742,0,6.0,-22.0,-66.0,3700000.0,1.0,1000743,3700000.0
743,743,0,8.0,-22.0,-66.0,3700000.0,1.0,1000744,3700000.0
744,744,0,10.0,-22.0,-66.0,3700000.0,1.0,1000745,3700000.0
745,745,0,12.0,-22.0,-66.0,3700000.0,1.0,1000746,3700000.0
746,746,0,14.0,-22.0,-66.0,3700000.0,1.0,1000747,3700000.0
747,747,0,16.0,-22.0,-66.0,3700000.0,1.0,1000748,3700000.0
748,748,0,18.0,-22.0,-66.0,3700000.0,1.0,1000749,3700000.0
749,749,0,20.0,-22.0,-66.0,3700000.0,1.0,1000750,3700000.0
750,750,0,22.0,-22.0,-66.0,3700000.0,1.0,1000751,3700000.0
751,751,0,24.0,-22.0,-66.0,3700000.0,1.0,1000752,3700000.0
752,752,0,26.0,-22.0,-66.0,3700000.0,1.0,1000753,3700000.0
753,753,0,28.0,-22.0,-66.0,3700000.0,1.0,1000754,3700000.0
754,754,0,30.0,-22.0,-66.0,3700000.0,1.0,1000755,3700000.0
755,755,0,32.0,-22.0,-66.0,3700000.0,1.0,1000756,3700000.0
756,756,0,34.0,-22.0,-66.0,3700000.0,1.0,1000757,3700000.0
757,757,0,36.0,-22.0,-66.0,3700000.0,1.0,1000758,3700000.0
758,758,0,38.0,-22.0,-66.0,3700000.0,1.0,1000759,3700000.0
759,759,0,40.0,-22.0,-66.0,3700000.0,1.0,1000760,3700000.0
760,760,0,42.0,-22.0,-66.0,3700000.0,1.0,1000761,3700000.0
761,761,0,44.0,-22.0,-66.0,3700000.0,1.0,1000762,3700000.0
762,762,0,46.0,-22.0,-66.0,3700000.0,1.0,1000763,3700000.0
763,763,0,48.0,-22.0,-66.0,3700000.0,1.0,1000764,3700000.0
764,764,0,50.0,-22.0,-66.0,3700000.0,1.0,1000765,3700000.0
765,765,0,-50.0,-20.0,-66.0,3700000.0,1.0,1000766,3700000.0
766,766,0,-48.0,-20.0,-66.0,3700000.0,1.0,1000767,3700000.0
767,767,0,-46.0,-20.0,-66.0,3700000.0,1.0,1000768,3700000.0
768,768,0,-44.0,-20.0,-66.0,3700000.0,1.0,1000769,3700000.0
769,769,0,-42.0,-20.0,-66.0,3700000.0,1.0,1000770,3700000.0
770,770,0,-40.0,-20.0,-66.0,3700000.0,1.0,1000771,3700000.0
771,771,0,-38.0,-20.0,-66.0,3700000.0,1.0,1000772,3700000.0
772,772,0,-36.0,-20.0,-66.0,3700000.0,1.0,1000773,3700000.0
773,773,0,-34.0,-20.0,-66.0,3700000.0,1.0,1000774,3700000.0
774,774,0,-32.0,-20.0,-66.0,3700000.0,1.0,1000775,3700000.0
775,775,0,-30.0,-20.0,-66.0,3700000.0,1.0,1000776,3700000.0
776,776,0,-28.0,-20.0,-66.0,3700000.0,1.0,1000777,3700000.0
777,777,0,-26.0,-20.0,-66.0,3700000.0,1.0,1000778,3700000.0
778,778,0,-24.0,-20.0,-66.0,3700000.0,1.0,1000779,3700000.0
779,779,0,-22.0,-20.0,-66.0,3700000.0,1.0,1000780,3700000.0
780,780,0,-20.0,-20.0,-66.0,3700000.0,1.0,1000781,3700000.0
781,781,0,-18.0,-20.0,-66.0,3700000.0,1.0,1000782,3700000.0
782,782,0,-16.0,-20.0,-66.0,3700000.0,1.0,1000783,3700000.0
783,783,0,-14.0,-20.0,-66.0,3700000.0,1.0,1000784,3700000.0
784,784,0,-12.0,-20.0,-66.0,3700000.0,1.0,1000785,3700000.0
785,785,0,-10.0,-20.0,-66.0,3700000.0,1.0,1000786,3700000.0
786,786,0,-8.0,-20.0,-66.0,3700000.0,1.0,1000787,3700000.0
787,787,0,-6.0,-20.0,-66.0,3700000.0,1.0,1000788,3700000.0
788,788,0,-4.0,-20.0,-66.0,3700000.0,1.0,1000789,3700000.0
789,789,0,-2.0,-20.0,-66.0,3700000.0,1.0,1000790,3700000.0
790,790,0,0.0,-20.0,-66.0,3700000.0,1.0,1000791,3700000.0
791,791,0,2.0,-20.0,-66.0,3700000.0,1.0,1000792,3700000.0
792,792,0,4.0,-20.0,-66.0,3700000.0,1.0,1000793,3700000.0
793,793,0,6.0,-20.0,-66.0,3700000.0,1.0,1000794,3700000.0
794,794,0,8.0,-20.0,-66.0,3700000.0,1.0,1000795,3700000.0
795,795,0,10.0,-20.0,-66.0,3700000.0,1.0,1000796,3700000.0
796,796,0,12.0,-20.0,-66.0,3700000.0,1.0,1000797,3700000.0
797,797,0,14.0,-20.0,-66.0,3700000.0,1.0,1000798,3700000.0
798,798,0,16.0,-20.0,-66.0,3700000.0,1.0,1000799,3700000.0
799,799,0,18.0,-20.0,-66.0,3700000.0,1.0,1000800,3700000.0
800,800,0,20.0,-20.0,-66.0,3700000.0,1.0,1000801,3700000.0
801,801,0,22.0,-20.0,-66.0,3700000.0,1.0,1000802,3700000.0
802,802,0,24.0,-20.0,-66.0,3700000.0,1.0,1000803,3700000.0
803,803,0,26.0,-20.0,-66.0,3700000.0,1.0,1000804,3700000.0
804,804,0,28.0,-20.0,-66.0,3700000.0,1.0,1000805,3700000.0
805,805,0,30.0,-20.0,-66.0,3700000.0,1.0,1000806,3700000.0
806,806,0,32.0,-20.0,-66.0,3700000.0,1.0,1000807,3700000.0
807,807,0,34.0,-20.0,-66.0,3700000.0,1.0,1000808,3700000.0
808,808,0,36.0,-20.0,-66.0,3700000.0,1.0,1000809,3700000.0
809,809,0,38.0,-20.0,-66.0,3700000.0,1.0,1000810,3700000.0
810,810,0,40.0,-20.0,-66.0,3700000.0,1.0,1000811,3700000.0
811,811,0,42.0,-20.0,-66.0,3700000.0,1.0,1000812,3700000.0
812,812,0,44.0,-20.0,-66.0,3700000.0,1.0,1000813,3700000.0
813,813,0,46.0,-20.0,-66.0,3700000.0,1.0,1000814,3700000.0
814,814,0,48.0,-20.0,-66.0,3700000.0,1.0,1000815,3700000.0
815,815,0,50.0,-20.0,-66.0,3700000.0,1.0,1000816,3700000.0
816,816,0,-50.0,-18.0,-66.0,3700000.0,1.0,1000817,3700000.0
817,817,0,-48.0,-18.0,-66.0,3700000.0,1.0,1000818,3700000.0
818,818,0,-46.0,-18.0,-66.0,3700000.0,1.0,1000819,3700000.0
819,819,0,-44.0,-18.0,-66.0,3700000.0,1.0,1000820,3700000.0
820,820,0,-42.0,-18.0,-66.0,3700000.0,1.0,1000821,3700000.0
821,821,0,-40.0,-18.0,-66.0,3700000.0,1.0,1000822,3700000.0
822,822,0,-38.0,-18.0,-66.0,3700000.0,1.0,1000823,3700000.0
823,823,0,-36.0,-18.0,-66.0,3700000.0,1.0,1000824,3700000.0
824,824,0,-34.0,-18.0,-66.0,3700000.0,1.0,1000825,3700000.0
825,825,0,-32.0,-18.0,-66.0,3700000.0,1.0,1000826,3700000.0
826,826,0,-30.0,-18.0,-66.0,3700000.0,1.0,1000827,3700000.0
827,827,0,-28.0,-18.0,-66.0,3700000.0,1.0,1000828,3700000.0
828,828,0,-26.0,-18.0,-66.0,3700000.0,1.0,1000829,3700000.0
829,829,0,-24.0,-18.0,-66.0,3700000.0,1.0,1000830,3700000.0
830,830,0,-22.0,-18.0,-66.0,3700000.0,1.0,1000831,3700000.0
831,831,0,-20.0,-18.0,-66.0,3700000.0,1.0,1000832,3700000.0
832,832,0,-18.0,-18.0,-66.0,3700000.0,1.0,1000833,3700000.0
833,833,0,-16.0,-18.0,-66.0,3700000.0,1.0,1000834,3700000.0
834,834,0,-14.0,-18.0,-66.0,3700000.0,1.0,1000835,3700000.0
835,835,0,-12.0,-18.0,-66.0,3700000.0,1.0,1000836,3700000.0
836,836,0,-10.0,-18.0,-66.0,3700000.0,1.0,1000837,3700000.0
837,837,0,-8.0,-18.0,-66.0,3700000.0,1.0,1000838,3700000.0
838,838,0,-6.0,-18.0,-66.0,3700000.0,1.0,1000839,3700000.0
839,839,0,-4.0,-18.0,-66.0,3700000.0,1.0,1000840,3700000.0
840,840,0,-2.0,-18.0,-66.0,3700000.0,1.0,1000841,3700000.0
841,841,0,0.0,-18.0,-66.0,3700000.0,1.0,1000842,3700000.0
842,842,0,2.0,-18.0,-66.0,3700000.0,1.0,1000843,3700000.0
843,843,0,4.0,-18.0,-66.0,3700000.0,1.0,1000844,3700000.0
844,844,0,6.0,-18.0,-66.0,3700000.0,1.0,1000845,3700000.0
845,845,0,8.0,-18.0,-66.0,3700000.0,1.0,1000846,3700000.0
846,846,0,10.0,-18.0,-66.0,3700000.0,1.0,1000847,3700000.0
847,847,0,12.0,-18.0,-66.0,3700000.0,1.0,1000848,3700000.0
848,848,0,14.0,-18.0,-66.0,3700000.0,1.0,1000849,3700000.0
849,849,0,16.0,-18.0,-66.0,3700000.0,1.0,1000850,3700000.0
850,850,0,18.0,-18.0,-66.0,3700000.0,1.0,1000851,3700000.0
851,851,0,20.0,-18.0,-66.0,3700000.0,1.0,1000852,3700000.0
852,852,0,22.0,-18.0,-66.0,3700000.0,1.0,1000853,3700000.0
853,853,0,24.0,-18.0,-66.0,3700000.0,1.0,1000854,3700000.0
854,854,0,26.0,-18.0,-66.0,3700000.0,1.0,1000855,3700000.0
855,855,0,28.0,-18.0,-66.0,3700000.0,1.0,1000856,3700000.0
856,856,0,30.0,-18.0,-66.0,3700000.0,1.0,1000857,3700000.0
857,857,0,32.0,-18.0,-66.0,3700000.0,1.0,1000858,3700000.0
858,858,0,34.0,-18.0,-66.0,3700000.0,1.0,1000859,3700000.0
859,859,0,36.0,-18.0,-66.0,3700000.0,1.0,1000860,3700000.0
860,860,0,38.0,-18.0,-66.0,3700000.0,1.0,1000861,3700000.0
861,861,0,40.0,-18.0,-66.0,3700000.0,1.0,1000862,3700000.0
862,862,0,42.0,-18.0,-66.0,3700000.0,1.0,1000863,3700000.0
863,863,0,44.0,-18.0,-66.0,3700000.0,1.0,1000864,3700000.0
864,864,0,46.0,-18.0,-66.0,3700000.0,1.0,1000865,3700000.0
865,865,0,48.0,-18.0,-66.0,3700000.0,1.0,1000866,3700000.0
866,866,0,50.0,-18.0,-66.0,3700000.0,1.0,1000867,3700000.0
867,867,0,-50.0,-16.0,-66.0,3700000.0,1.0,1000868,3700000.0
868,868,0,-48.0,-16.0,-66.0,3700000.0,1.0,1000869,3700000.0
869,869,0,-46.0,-16.0,-66.0,3700000.0,1.0,1000870,3700000.0
870,870,0,-44.0,-16.0,-66.0,3700000.0,1.0,1000871,3700000.0
871,871,0,-42.0,-16.0,-66.0,3700000.0,1.0,1000872,3700000.0
872,872,0,-40.0,-16.0,-66.0,3700000.0,1.0,1000873,3700000.0
873,873,0,-38.0,-16.0,-66.0,3700000.0,1.0,1000874,3700000.0
874,874,0,-36.0,-16.0,-66.0,3700000.0,1.0,1000875,3700000.0
875,875,0,-34.0,-16.0,-66.0,3700000.0,1.0,1000876,3700000.0
876,876,0,-32.0,-16.0,-66.0,3700000.0,1.0,1000877,3700000.0
877,877,0,-30.0,-16.0,-66.0,3700000.0,1.0,1000878,3700000.0
878,878,0,-28.0,-16.0,-66.0,3700000.0,1.0,1000879,3700000.0
879,879,0,-26.0,-16.0,-66.0,3700000.0,1.0,1000880,3700000.0
880,880,0,-24.0,-16.0,-66.0,3700000.0,1.0,1000881,3700000.0
881,881,0,-22.0,-16.0,-66.0,3700000.0,1.0,1000882,3700000.0
882,882,0,-20.0,-16.0,-66.0,3700000.0,1.0,1000883,3700000.0
883,883,0,-18.0,-16.0,-66.0,3700000.0,1.0,1000884,3700000.0
884,884,0,-16.0,-16.0,-66.0,3700000.0,1.0,1000885,3700000.0
885,885,0,-14.0,-16.0,-66.0,3700000.0,1.0,1000886,3700000.0
886,886,0,-12.0,-16.0,-66.0,3700000.0,1.0,1000887,3700000.0
887,887,0,-10.0,-16.0,-66.0,3700000.0,1.0,1000888,3700000.0
888,888,0,-8.0,-16.0,-66.0,3700000.0,1.0,1000889,3700000.0
889,889,0,-6.0,-16.0,-66.0,3700000.0,1.0,1000890,3700000.0
890,890,0,-4.0,-16.0,-66.0,3700000.0,1.0,1000891,3700000.0
891,891,0,-2.0,-16.0,-66.0,3700000.0,1.0,1000892,3700000.0
892,892,0,0.0,-16.0,-66.0,3700000.0,1.0,1000893,3700000.0
893,893,0,2.0,-16.0,-66.0,3700000.0,1.0,1000894,3700000.0
894,894,0,4.0,-16.0,-66.0,3700000.0,1.0,1000895,3700000.0
895,895,0,6.0,-16.0,-66.0,3700000.0,1.0,1000896,3700000.0
896,896,0,8.0,-16.0,-66.0,3700000.0,1.0,1000897,3700000.0
897,897,0,10.0,-16.0,-66.0,3700000.0,1.0,1000898,3700000.0
898,898,0,12.0,-16.0,-66.0,3700000.0,1.0,1000899,3700000.0
899,899,0,14.0,-16.0,-66.0,3700000.0,1.0,1000900,3700000.0
900,900,0,16.0,-16.0,-66.0,3700000.0,1.0,1000901,3700000.0
901,901,0,18.0,-16.0,-66.0,3700000.0,1.0,1000902,3700000.0
902,902,0,20.0,-16.0,-66.0,3700000.0,1.0,1000903,3700000.0
903,903,0,22.0,-16.0,-66.0,3700000.0,1.0,1000904,3700000.0
904,904,0,24.0,-16.0,-66.0,3700000.0,1.0,1000905,3700000.0
905,905,0,26.0,-16.0,-66.0,3700000.0,1.0,1000906,3700000.0
906,906,0,28.0,-16.0,-66.0,3700000.0,1.0,1000907,3700000.0
907,907,0,30.0,-16.0,-66.0,3700000.0,1.0,1000908,3700000.0
908,908,0,32.0,-16.0,-66.0,3700000.0,1.0,1000909,3700000.0
909,909,0,34.0,-16.0,-66.0,3700000.0,1.0,1000910,3700000.0
910,910,0,36.0,-16.0,-66.0,3700000.0,1.0,1000911,3700000.0
911,911,0,38.0,-16.0,-66.0,3700000.0,1.0,1000912,3700000.0
912,912,0,40.0,-16.0,-66.0,3700000.0,1.0,1000913,3700000.0
913,913,0,42.0,-16.0,-66.0,3700000.0,1.0,1000914,3700000.0
914,914,0,44.0,-16.0,-66.0,3700000.0,1.0,1000915,3700000.0
915,915,0,46.0,-16.0,-66.0,3700000.0,1.0,1000916,3700000.0
916,916,0,48.0,-16.0,-66.0,3700000.0,1.0,1000917,3700000.0
917,917,0,50.0,-16.0,-66.0,3700000.0,1.0,1000918,3700000.0
918,918,0,-50.0,-14.0,-66.0,3700000.0,1.0,1000919,3700000.0
919,919,0,-48.0,-14.0,-66.0,3700000.0,1.0,1000920,3700000.0
920,920,0,-46.0,-14.0,-66.0,3700000.0,1.0,1000921,3700000.0
921,921,0,-44.0,-14.0,-66.0,3700000.0,1.0,1000922,3700000.0
922,922,0,-42.0,-14.0,-66.0,3700000.0,1.0,1000923,3700000.0
923,923,0,-40.0,-14.0,-66.0,3700000.0,1.0,1000924,3700000.0
924,924,0,-38.0,-14.0,-66.0,3700000.0,1.0,1000925,3700000.0
925,925,0,-36.0,-14.0,-66.0,3700000.0,1.0,1000926,3700000.0
926,926,0,-34.0,-14.0,-66.0,3700000.0,1.0,1000927,3700000.0
927,927,0,-32.0,-14.0,-66.0,3700000.0,1.0,1000928,3700000.0
928,928,0,-30.0,-14.0,-66.0,3700000.0,1.0,1000929,3700000.0
929,929,0,-28.0,-14.0,-66.0,3700000.0,1.0,1000930,3700000.0
930,930,0,-26.0,-14.0,-66.0,3700000.0,1.0,1000931,3700000.0
931,931,0,-24.0,-14.0,-66.0,3700000.0,1.0,1000932,3700000.0
932,932,0,-22.0,-14.0,-66.0,3700000.0,1.0,1000933,3700000.0
933,933,0,-20.0,-14.0,-66.0,3700000.0,1.0,1000934,3700000.0
934,934,0,-18.0,-14.0,-66.0,3700000.0,1.0,1000935,3700000.0
935,935,0,-16.0,-14.0,-66.0,3700000.0,1.0,1000936,3700000.0
936,936,0,-14.0,-14.0,-66.0,3700000.0,1.0,1000937,3700000.0
937,937,0,-12.0,-14.0,-66.0,3700000.0,1.0,1000938,3700000.0
938,938,0,-10.0,-14.0,-66.0,3700000.0,1.0,1000939,3700000.0
939,939,0,-8.0,-14.0,-66.0,3700000.0,1.0,1000940,3700000.0
940,940,0,-6.0,-14.0,-66.0,3700000.0,1.0,1000941,3700000.0
941,941,0,-4.0,-14.0,-66.0,3700000.0,1.0,1000942,3700000.0
942,942,0,-2.0,-14.0,-66.0,3700000.0,1.0,1000943,3700000.0
943,943,0,0.0,-14.0,-66.0,3700000.0,1.0,1000944,3700000.0
944,944,0,2.0,-14.0,-66.0,3700000.0,1.0,1000945,3700000.0
945,945,0,4.0,-14.0,-66.0,3700000.0,1.0,1000946,3700000.0
946,946,0,6.0,-14.0,-66.0,3700000.0,1.0,1000947,3700000.0
947,947,0,8.0,-14.0,-66.0,3700000.0,1.0,1000948,3700000.0
948,948,0,10.0,-14.0,-66.0,3700000.0,1.0,1000949,3700000.0
949,949,0,12.0,-14.0,-66.0,3700000.0,1.0,1000950,3700000.0
950,950,0,14.0,-14.0,-66.0,3700000.0,1.0,1000951,3700000.0
951,951,0,16.0,-14.0,-66.0,3700000.0,1.0,1000952,3700000.0
952,952,0,18.0,-14.0,-66.0,3700000.0,1.0,1000953,3700000.0
953,953,0,20.0,-14.0,-66.0,3700000.0,1.0,1000954,3700000.0
954,954,0,22.0,-14.0,-66.0,3700000.0,1.0,1000955,3700000.0
955,955,0,24.0,-14.0,-66.0,3700000.0,1.0,1000956,3700000.0
956,956,0,26.0,-14.0,-66.0,3700000.0,1.0,1000957,3700000.0
957,957,0,28.0,-14.0,-66.0,3700000.0,1.0,1000958,3700000.0
958,958,0,30.0,-14.0,-66.0,3700000.0,1.0,1000959,3700000.0
959,959,0,32.0,-14.0,-66.0,3700000.0,1.0,1000960,3700000.0
960,960,0,34.0,-14.0,-66.0,3700000.0,1.0,1000961,3700000.0
961,961,0,36.0,-14.0,-66.0,3700000.0,1.0,1000962,3700000.0
962,962,0,38.0,-14.0,-66.0,3700000.0,1.0,1000963,3700000.0
963,963,0,40.0,-14.0,-66.0,3700000.0,1.0,1000964,3700000.0
964,964,0,42.0,-14.0,-66.0,3700000.0,1.0,1000965,3700000.0
965,965,0,44.0,-14.0,-66.0,3700000.0,1.0,1000966,3700000.0
966,966,0,46.0,-14.0,-66.0,3700000.0,1.0,1000967,3700000.0
967,967,0,48.0,-14.0,-66.0,3700000.0,1.0,1000968,3700000.0
968,968,0,50.0,-14.0,-66.0,3700000.0,1.0,1000969,3700000.0
969,969,0,-50.0,-12.0,-66.0,3700000.0,1.0,1000970,3700000.0
970,970,0,-48.0,-12.0,-66.0,3700000.0,1.0,1000971,3700000.0
971,971,0,-46.0,-12.0,-66.0,3700000.0,1.0,1000972,3700000.0
972,972,0,-44.0,-12.0,-66.0,3700000.0,1.0,1000973,3700000.0
973,973,0,-42.0,-12.0,-66.0,3700000.0,1.0,1000974,3700000.0
974,974,0,-40.0,-12.0,-66.0,3700000.0,1.0,1000975,3700000.0
975,975,0,-38.0,-12.0,-66.0,3700000.0,1.0,1000976,3700000.0
976,976,0,-36.0,-12.0,-66.0,3700000.0,1.0,1000977,3700000.0
977,977,0,-34.0,-12.0,-66.0,3700000.0,1.0,1000978,3700000.0
978,978,0,-32.0,-12.0,-66.0,3700000.0,1.0,1000979,3700000.0
979,979,0,-30.0,-12.0,-66.0,3700000.0,1.0,1000980,3700000.0
980,980,0,-28.0,-12.0,-66.0,3700000.0,1.0,1000981,3700000.0
981,981,0,-26.0,-12.0,-66.0,3700000.0,1.0,1000982,3700000.0
982,982,0,-24.0,-12.0,-66.0,3700000.0,1.0,1000983,3700000.0
983,983,0,-22.0,-12.0,-66.0,3700000.0,1.0,1000984,3700000.0
984,984,0,-20.0,-12.0,-66.0,3700000.0,1.0,1000985,3700000.0
985,985,0,-18.0,-12.0,-66.0,3700000.0,1.0,1000986,3700000.0
986,986,0,-16.0,-12.0,-66.0,3700000.0,1.0,1000987,3700000.0
987,987,0,-14.0,-12.0,-66.0,3700000.0,1.0,1000988,3700000.0
988,988,0,-12.0,-12.0,-66.0,3700000.0,1.0,1000989,3700000.0
989,989,0,-10.0,-12.0,-66.0,3700000.0,1.0,1000990,3700000.0
990,990,0,-8.0,-12.0,-66.0,3700000.0,1.0,1000991,3700000.0
991,991,0,-6.0,-12.0,-66.0,3700000.0,1.0,1000992,3700000.0
992,992,0,-4.0,-12.0,-66.0,3700000.0,1.0,1000993,3700000.0
993,993,0,-2.0,-12.0,-66.0,3700000.0,1.0,1000994,3700000.0
994,994,0,0.0,-12.0,-66.0,3700000.0,1.0,1000995,3700000.0
995,995,0,2.0,-12.0,-66.0,3700000.0,1.0,1000996,3700000.0
996,996,0,4.0,-12.0,-66.0,3700000.0,1.0,1000997,3700000.0
997,997,0,6.0,-12.0,-66.0,3700000.0,1.0,1000998,3700000.0
998,998,0,8.0,-12.0,-66.0,3700000.0,1.0,1000999,3700000.0
999,999,0,10.0,-12.0,-66.0,3700000.0,1.0,1001000,3700000.0
1000,1000,0,12.0,-12.0,-66.0,3700000.0,1.0,1001001,3700000.0
1001,1001,0,14.0,-12.0,-66.0,3700000.0,1.0,1001002,3700000.0
1002,1002,0,16.0,-12.0,-66.0,3700000.0,1.0,1001003,3700000.0
1003,1003,0,18.0,-12.0,-66.0,3700000.0,1.0,1001004,3700000.0
1004,1004,0,20.0,-12.0,-66.0,3700000.0,1.0,1001005,3700000.0
1005,1005,0,22.0,-12.0,-66.0,3700000.0,1.0,1001006,3700000.0
1006,1006,0,24.0,-12.0,-66.0,3700000.0,1.0,1001007,3700000.0
1007,1007,0,26.0,-12.0,-66.0,3700000.0,1.0,1001008,3700000.0
1008,1008,0,28.0,-12.0,-66.0,3700000.0,1.0,1001009,3700000.0
1009,1009,0,30.0,-12.0,-66.0,3700000.0,1.0,1001010,3700000.0
1010,1010,0,32.0,-12.0,-66.0,3700000.0,1.0,1001011,3700000.0
1011,1011,0,34.0,-12.0,-66.0,3700000.0,1.0,1001012,3700000.0
1012,1012,0,36.0,-12.0,-66.0,3700000.0,1.0,1001013,3700000.0
1013,1013,0,38.0,-12.0,-66.0,3700000.0,1.0,1001014,3700000.0
1014,1014,0,40.0,-12.0,-66.0,3700000.0,1.0,1001015,3700000.0
1015,1015,0,42.0,-12.0,-66.0,3700000.0,1.0,1001016,3700000.0
1016,1016,0,44.0,-12.0,-66.0,3700000.0,1.0,1001017,3700000.0
1017,1017,0,46.0,-12.0,-66.0,3700000.0,1.0,1001018,3700000.0
1018,1018,0,48.0,-12.0,-66.0,3700000.0,1.0,1001019,3700000.0
1019,1019,0,50.0,-12.0,-66.0,3700000.0,1.0,1001020,3700000.0
1020,1020,0,-50.0,-10.0,-66.0,3700000.0,1.0,1001021,3700000.0
1021,1021,0,-48.0,-10.0,-66.0,3700000.0,1.0,1001022,3700000.0
1022,1022,0,-46.0,-10.0,-66.0,3700000.0,1.0,1001023,3700000.0
1023,1023,0,-44.0,-10.0,-66.0,3700000.0,1.0,1001024,3700000.0
1024,1024,0,-42.0,-10.0,-66.0,3700000.0,1.0,1001025,3700000.0
1025,1025,0,-40.0,-10.0,-66.0,3700000.0,1.0,1001026,3700000.0
1026,1026,0,-38.0,-10.0,-66.0,3700000.0,1.0,1001027,3700000.0
1027,1027,0,-36.0,-10.0,-66.0,3700000.0,1.0,1001028,3700000.0
1028,1028,0,-34.0,-10.0,-66.0,3700000.0,1.0,1001029,3700000.0
1029,1029,0,-32.0,-10.0,-66.0,3700000.0,1.0,1001030,3700000.0
1030,1030,0,-30.0,-10.0,-66.0,3700000.0,1.0,1001031,3700000.0
1031,1031,0,-28.0,-10.0,-66.0,3700000.0,1.0,1001032,3700000.0
1032,1032,0,-26.0,-10.0,-66.0,3700000.0,1.0,1001033,3700000.0
1033,1033,0,-24.0,-10.0,-66.0,3700000.0,1.0,1001034,3700000.0
1034,1034,0,-22.0,-10.0,-66.0,3700000.0,1.0,1001035,3700000.0
1035,1035,0,-20.0,-10.0,-66.0,3700000.0,1.0,1001036,3700000.0
1036,1036,0,-18.0,-10.0,-66.0,3700000.0,1.0,1001037,3700000.0
1037,1037,0,-16.0,-10.0,-66.0,3700000.0,1.0,1001038,3700000.0
1038,1038,0,-14.0,-10.0,-66.0,3700000.0,1.0,1001039,3700000.0
1039,1039,0,-12.0,-10.0,-66.0,3700000.0,1.0,1001040,3700000.0
1040,1040,0,-10.0,-10.0,-66.0,3700000.0,1.0,1001041,3700000.0
1041,1041,0,-8.0,-10.0,-66.0,3700000.0,1.0,1001042,3700000.0
1042,1042,0,-6.0,-10.0,-66.0,3700000.0,1.0,1001043,3700000.0
1043,1043,0,-4.0,-10.0,-66.0,3700000.0,1.0,1001044,3700000.0
1044,1044,0,-2.0,-10.0,-66.0,3700000.0,1.0,1001045,3700000.0
1045,1045,0,0.0,-10.0,-66.0,3700000.0,1.0,1001046,3700000.0
1046,1046,0,2.0,-10.0,-66.0,3700000.0,1.0,1001047,3700000.0
1047,1047,0,4.0,-10.0,-66.0,3700000.0,1.0,1001048,3700000.0
1048,1048,0,6.0,-10.0,-66.0,3700000.0,1.0,1001049,3700000.0
1049,1049,0,8.0,-10.0,-66.0,3700000.0,1.0,1001050,3700000.0
1050,1050,0,10.0,-10.0,-66.0,3700000.0,1.0,1001051,3700000.0
1051,1051,0,12.0,-10.0,-66.0,3700000.0,1.0,1001052,3700000.0
1052,1052,0,14.0,-10.0,-66.0,3700000.0,1.0,1001053,3700000.0
1053,1053,0,16.0,-10.0,-66.0,3700000.0,1.0,1001054,3700000.0
1054,1054,0,18.0,-10.0,-66.0,3700000.0,1.0,1001055,3700000.0
1055,1055,0,20.0,-10.0,-66.0,3700000.0,1.0,1001056,3700000.0
1056,1056,0,22.0,-10.0,-66.0,3700000.0,1.0,1001057,3700000.0
1057,1057,0,24.0,-10.0,-66.0,3700000.0,1.0,1001058,3700000.0
1058,1058,0,26.0,-10.0,-66.0,3700000.0,1.0,1001059,3700000.0
1059,1059,0,28.0,-10.0,-66.0,3700000.0,1.0,1001060,3700000.0
1060,1060,0,30.0,-10.0,-66.0,3700000.0,1.0,1001061,3700000.0
1061,1061,0,32.0,-10.0,-66.0,3700000.0,1.0,1001062,3700000.0
1062,1062,0,34.0,-10.0,-66.0,3700000.0,1.0,1001063,3700000.0
1063,1063,0,36.0,-10.0,-66.0,3700000.0,1.0,1001064,3700000.0
1064,1064,0,38.0,-10.0,-66.0,3700000.0,1.0,1001065,3700000.0
1065,1065,0,40.0,-10.0,-66.0,3700000.0,1.0,1001066,3700000.0
1066,1066,0,42.0,-10.0,-66.0,3700000.0,1.0,1001067,3700000.0
1067,1067,0,44.0,-10.0,-66.0,3700000.0,1.0,1001068,3700000.0
1068,1068,0,46.0,-10.0,-66.0,3700000.0,1.0,1001069,3700000.0
1069,1069,0,48.0,-10.0,-66.0,3700000.0,1.0,1001070,3700000.0
1070,1070,0,50.0,-10.0,-66.0,3700000.0,1.0,1001071,3700000.0
1071,1071,0,-50.0,-8.0,-66.0,3700000.0,1.0,1001072,3700000.0
1072,1072,0,-48.0,-8.0,-66.0,3700000.0,1.0,1001073,3700000.0
1073,1073,0,-46.0,-8.0,-66.0,3700000.0,1.0,1001074,3700000.0
1074,1074,0,-44.0,-8.0,-66.0,3700000.0,1.0,1001075,3700000.0
1075,1075,0,-42.0,-8.0,-66.0,3700000.0,1.0,1001076,3700000.0
1076,1076,0,-40.0,-8.0,-66.0,3700000.0,1.0,1001077,3700000.0
1077,1077,0,-38.0,-8.0,-66.0,3700000.0,1.0,1001078,3700000.0
1078,1078,0,-36.0,-8.0,-66.0,3700000.0,1.0,1001079,3700000.0
1079,1079,0,-34.0,-8.0,-66.0,3700000.0,1.0,1001080,3700000.0
1080,1080,0,-32.0,-8.0,-66.0,3700000.0,1.0,1001081,3700000.0
1081,1081,0,-30.0,-8.0,-66.0,3700000.0,1.0,1001082,3700000.0
1082,1082,0,-28.0,-8.0,-66.0,3700000.0,1.0,1001083,3700000.0
1083,1083,0,-26.0,-8.0,-66.0,3700000.0,1.0,1001084,3700000.0
1084,1084,0,-24.0,-8.0,-66.0,3700000.0,1.0,1001085,3700000.0
1085,1085,0,-22.0,-8.0,-66.0,3700000.0,1.0,1001086,3700000.0
1086,1086,0,-20.0,-8.0,-66.0,3700000.0,1.0,1001087,3700000.0
1087,1087,0,-18.0,-8.0,-66.0,3700000.0,1.0,1001088,3700000.0
1088,1088,0,-16.0,-8.0,-66.0,3700000.0,1.0,1001089,3700000.0
1089,1089,0,-14.0,-8.0,-66.0,3700000.0,1.0,1001090,3700000.0
1090,1090,0,-12.0,-8.0,-66.0,3700000.0,1.0,1001091,3700000.0
1091,1091,0,-10.0,-8.0,-66.0,3700000.0,1.0,1001092,3700000.0
1092,1092,0,-8.0,-8.0,-66.0,3700000.0,1.0,1001093,3700000.0
1093,1093,0,-6.0,-8.0,-66.0,3700000.0,1.0,1001094,3700000.0
1094,1094,0,-4.0,-8.0,-66.0,3700000.0,1.0,1001095,3700000.0
1095,1095,0,-2.0,-8.0,-66.0,3700000.0,1.0,1001096,3700000.0
1096,1096,0,0.0,-8.0,-66.0,3700000.0,1.0,1001097,3700000.0
1097,1097,0,2.0,-8.0,-66.0,3700000.0,1.0,1001098,3700000.0
1098,1098,0,4.0,-8.0,-66.0,3700000.0,1.0,1001099,3700000.0
1099,1099,0,6.0,-8.0,-66.0,3700000.0,1.0,1001100,3700000.0
1100,1100,0,8.0,-8.0,-66.0,3700000.0,1.0,1001101,3700000.0
1101,1101,0,10.0,-8.0,-66.0,3700000.0,1.0,1001102,3700000.0
1102,1102,0,12.0,-8.0,-66.0,3700000.0,1.0,1001103,3700000.0
1103,1103,0,14.0,-8.0,-66.0,3700000.0,1.0,1001104,3700000.0
1104,1104,0,16.0,-8.0,-66.0,3700000.0,1.0,1001105,3700000.0
1105,1105,0,18.0,-8.0,-66.0,3700000.0,1.0,1001106,3700000.0
1106,1106,0,20.0,-8.0,-66.0,3700000.0,1.0,1001107,3700000.0
1107,1107,0,22.0,-8.0,-66.0,3700000.0,1.0,1001108,3700000.0
1108,1108,0,24.0,-8.0,-66.0,3700000.0,1.0,1001109,3700000.0
1109,1109,0,26.0,-8.0,-66.0,3700000.0,1.0,1001110,3700000.0
1110,1110,0,28.0,-8.0,-66.0,3700000.0,1.0,1001111,3700000.0
1111,1111,0,30.0,-8.0,-66.0,3700000.0,1.0,1001112,3700000.0
1112,1112,0,32.0,-8.0,-66.0,3700000.0,1.0,1001113,3700000.0
1113,1113,0,34.0,-8.0,-66.0,3700000.0,1.0,1001114,3700000.0
1114,1114,0,36.0,-8.0,-66.0,3700000.0,1.0,1001115,3700000.0
1115,1115,0,38.0,-8.0,-66.0,3700000.0,1.0,1001116,3700000.0
1116,1116,0,40.0,-8.0,-66.0,3700000.0,1.0,1001117,3700000.0
1117,1117,0,42.0,-8.0,-66.0,3700000.0,1.0,1001118,3700000.0
1118,1118,0,44.0,-8.0,-66.0,3700000.0,1.0,1001119,3700000.0
1119,1119,0,46.0,-8.0,-66.0,3700000.0,1.0,1001120,3700000.0
1120,1120,0,48.0,-8.0,-66.0,3700000.0,1.0,1001121,3700000.0
1121,1121,0,50.0,-8.0,-66.0,3700000.0,1.0,1001122,3700000.0
1122,1122,0,-50.0,-6.0,-66.0,3700000.0,1.0,1001123,3700000.0
1123,1123,0,-48.0,-6.0,-66.0,3700000.0,1.0,1001124,3700000.0
1124,1124,0,-46.0,-6.0,-66.0,3700000.0,1.0,1001125,3700000.0
1125,1125,0,-44.0,-6.0,-66.0,3700000.0,1.0,1001126,3700000.0
1126,1126,0,-42.0,-6.0,-66.0,3700000.0,1.0,1001127,3700000.0
1127,1127,0,-40.0,-6.0,-66.0,3700000.0,1.0,1001128,3700000.0
1128,1128,0,-38.0,-6.0,-66.0,3700000.0,1.0,1001129,3700000.0
1129,1129,0,-36.0,-6.0,-66.0,3700000.0,1.0,1001130,3700000.0
1130,1130,0,-34.0,-6.0,-66.0,3700000.0,1.0,1001131,3700000.0
1131,1131,0,-32.0,-6.0,-66.0,3700000.0,1.0,1001132,3700000.0
1132,1132,0,-30.0,-6.0,-66.0,3700000.0,1.0,1001133,3700000.0
1133,1133,0,-28.0,-6.0,-66.0,3700000.0,1.0,1001134,3700000.0
1134,1134,0,-26.0,-6.0,-66.0,3700000.0,1.0,1001135,3700000.0
1135,1135,0,-24.0,-6.0,-66.0,3700000.0,1.0,1001136,3700000.0
1136,1136,0,-22.0,-6.0,-66.0,3700000.0,1.0,1001137,3700000.0
1137,1137,0,-20.0,-6.0,-66.0,3700000.0,1.0,1001138,3700000.0
1138,1138,0,-18.0,-6.0,-66.0,3700000.0,1.0,1001139,3700000.0
1139,1139,0,-16.0,-6.0,-66.0,3700000.0,1.0,1001140,3700000.0
1140,1140,0,-14.0,-6.0,-66.0,3700000.0,1.0,1001141,3700000.0
1141,1141,0,-12.0,-6.0,-66.0,3700000.0,1.0,1001142,3700000.0
1142,1142,0,-10.0,-6.0,-66.0,3700000.0,1.0,1001143,3700000.0
1143,1143,0,-8.0,-6.0,-66.0,3700000.0,1.0,1001144,3700000.0
1144,1144,0,-6.0,-6.0,-66.0,3700000.0,1.0,1001145,3700000.0
1145,1145,0,-4.0,-6.0,-66.0,3700000.0,1.0,1001146,3700000.0
1146,1146,0,-2.0,-6.0,-66.0,3700000.0,1.0,1001147,3700000.0
1147,1147,0,0.0,-6.0,-66.0,3700000.0,1.0,1001148,3700000.0
1148,1148,0,2.0,-6.0,-66.0,3700000.0,1.0,1001149,3700000.0
1149,1149,0,4.0,-6.0,-66.0,3700000.0,1.0,1001150,3700000.0
1150,1150,0,6.0,-6.0,-66.0,3700000.0,1.0,1001151,3700000.0
1151,1151,0,8.0,-6.0,-66.0,3700000.0,1.0,1001152,3700000.0
1152,1152,0,10.0,-6.0,-66.0,3700000.0,1.0,1001153,3700000.0
1153,1153,0,12.0,-6.0,-66.0,3700000.0,1.0,1001154,3700000.0
1154,1154,0,14.0,-6.0,-66.0,3700000.0,1.0,1001155,3700000.0
1155,1155,0,16.0,-6.0,-66.0,3700000.0,1.0,1001156,3700000.0
1156,1156,0,18.0,-6.0,-66.0,3700000.0,1.0,1001157,3700000.0
1157,1157,0,20.0,-6.0,-66.0,3700000.0,1.0,1001158,3700000.0
1158,1158,0,22.0,-6.0,-66.0,3700000.0,1.0,1001159,3700000.0
1159,1159,0,24.0,-6.0,-66.0,3700000.0,1.0,1001160,3700000.0
1160,1160,0,26.0,-6.0,-66.0,3700000.0,1.0,1001161,3700000.0
1161,1161,0,28.0,-6.0,-66.0,3700000.0,1.0,1001162,3700000.0
1162,1162,0,30.0,-6.0,-66.0,3700000.0,1.0,1001163,3700000.0
1163,1163,0,32.0,-6.0,-66.0,3700000.0,1.0,1001164,3700000.0
1164,1164,0,34.0,-6.0,-66.0,3700000.0,1.0,1001165,3700000.0
1165,1165,0,36.0,-6.0,-66.0,3700000.0,1.0,1001166,3700000.0
1166,1166,0,38.0,-6.0,-66.0,3700000.0,1.0,1001167,3700000.0
1167,1167,0,40.0,-6.0,-66.0,3700000.0,1.0,1001168,3700000.0
1168,1168,0,42.0,-6.0,-66.0,3700000.0,1.0,1001169,3700000.0
1169,1169,0,44.0,-6.0,-66.0,3700000.0,1.0,1001170,3700000.0
1170,1170,0,46.0,-6.0,-66.0,3700000.0,1.0,1001171,3700000.0
1171,1171,0,48.0,-6.0,-66.0,3700000.0,1.0,1001172,3700000.0
1172,1172,0,50.0,-6.0,-66.0,3700000.0,1.0,1001173,3700000.0
1173,1173,0,-50.0,-4.0,-66.0,3700000.0,1.0,1001174,3700000.0
1174,1174,0,-48.0,-4.0,-66.0,3700000.0,1.0,1001175,3700000.0
1175,1175,0,-46.0,-4.0,-66.0,3700000.0,1.0,1001176,3700000.0
1176,1176,0,-44.0,-4.0,-66.0,3700000.0,1.0,1001177,3700000.0
1177,1177,0,-42.0,-4.0,-66.0,3700000.0,1.0,1001178,3700000.0
1178,1178,0,-40.0,-4.0,-66.0,3700000.0,1.0,1001179,3700000.0
1179,1179,0,-38.0,-4.0,-66.0,3700000.0,1.0,1001180,3700000.0
1180,1180,0,-36.0,-4.0,-66.0,3700000.0,1.0,1001181,3700000.0
1181,1181,0,-34.0,-4.0,-66.0,3700000.0,1.0,1001182,3700000.0
1182,1182,0,-32.0,-4.0,-66.0,3700000.0,1.0,1001183,3700000.0
1183,1183,0,-30.0,-4.0,-66.0,3700000.0,1.0,1001184,3700000.0
1184,1184,0,-28.0,-4.0,-66.0,3700000.0,1.0,1001185,3700000.0
1185,1185,0,-26.0,-4.0,-66.0,3700000.0,1.0,1001186,3700000.0
1186,1186,0,-24.0,-4.0,-66.0,3700000.0,1.0,1001187,3700000.0
1187,1187,0,-22.0,-4.0,-66.0,3700000.0,1.0,1001188,3700000.0
1188,1188,0,-20.0,-4.0,-66.0,3700000.0,1.0,1001189,3700000.0
1189,1189,0,-18.0,-4.0,-66.0,3700000.0,1.0,1001190,3700000.0
1190,1190,0,-16.0,-4.0,-66.0,3700000.0,1.0,1001191,3700000.0
1191,1191,0,-14.0,-4.0,-66.0,3700000.0,1.0,1001192,3700000.0
1192,1192,0,-12.0,-4.0,-66.0,3700000.0,1.0,1001193,3700000.0
1193,1193,0,-10.0,-4.0,-66.0,3700000.0,1.0,1001194,3700000.0
1194,1194,0,-8.0,-4.0,-66.0,3700000.0,1.0,1001195,3700000.0
1195,1195,0,-6.0,-4.0,-66.0,3700000.0,1.0,1001196,3700000.0
1196,1196,0,-4.0,-4.0,-66.0,3700000.0,1.0,1001197,3700000.0
1197,1197,0,-2.0,-4.0,-66.0,3700000.0,1.0,1001198,3700000.0
1198,1198,0,0.0,-4.0,-66.0,3700000.0,1.0,1001199,3700000.0
1199,1199,0,2.0,-4.0,-66.0,3700000.0,1.0,1001200,3700000.0
1200,1200,0,4.0,-4.0,-66.0,3700000.0,1.0,1001201,3700000.0
1201,1201,0,6.0,-4.0,-66.0,3700000.0,1.0,1001202,3700000.0
1202,1202,0,8.0,-4.0,-66.0,3700000.0,1.0,1001203,3700000.0
1203,1203,0,10.0,-4.0,-66.0,3700000.0,1.0,1001204,3700000.0
1204,1204,0,12.0,-4.0,-66.0,3700000.0,1.0,1001205,3700000.0
1205,1205,0,14.0,-4.0,-66.0,3700000.0,1.0,1001206,3700000.0
1206,1206,0,16.0,-4.0,-66.0,3700000.0,1.0,1001207,3700000.0
1207,1207,0,18.0,-4.0,-66.0,3700000.0,1.0,1001208,3700000.0
1208,1208,0,20.0,-4.0,-66.0,3700000.0,1.0,1001209,3700000.0
1209,1209,0,22.0,-4.0,-66.0,3700000.0,1.0,1001210,3700000.0
1210,1210,0,24.0,-4.0,-66.0,3700000.0,1.0,1001211,3700000.0
1211,1211,0,26.0,-4.0,-66.0,3700000.0,1.0,1001212,3700000.0
1212,1212,0,28.0,-4.0,-66.0,3700000.0,1.0,1001213,3700000.0
1213,1213,0,30.0,-4.0,-66.0,3700000.0,1.0,1001214,3700000.0
1214,1214,0,32.0,-4.0,-66.0,3700000.0,1.0,1001215,3700000.0
1215,1215,0,34.0,-4.0,-66.0,3700000.0,1.0,1001216,3700000.0
1216,1216,0,36.0,-4.0,-66.0,3700000.0,1.0,1001217,3700000.0
1217,1217,0,38.0,-4.0,-66.0,3700000.0,1.0,1001218,3700000.0
1218,1218,0,40.0,-4.0,-66.0,3700000.0,1.0,1001219,3700000.0
1219,1219,0,42.0,-4.0,-66.0,3700000.0,1.0,1001220,3700000.0
1220,1220,0,44.0,-4.0,-66.0,3700000.0,1.0,1001221,3700000.0
1221,1221,0,46.0,-4.0,-66.0,3700000.0,1.0,1001222,3700000.0
1222,1222,0,48.0,-4.0,-66.0,3700000.0,1.0,1001223,3700000.0
1223,1223,0,50.0,-4.0,-66.0,3700000.0,1.0,1001224,3700000.0
1224,1224,0,-50.0,-2.0,-66.0,3700000.0,1.0,1001225,3700000.0
1225,1225,0,-48.0,-2.0,-66.0,3700000.0,1.0,1001226,3700000.0
1226,1226,0,-46.0,-2.0,-66.0,3700000.0,1.0,1001227,3700000.0
1227,1227,0,-44.0,-2.0,-66.0,3700000.0,1.0,1001228,3700000.0
1228,1228,0,-42.0,-2.0,-66.0,3700000.0,1.0,1001229,3700000.0
1229,1229,0,-40.0,-2.0,-66.0,3700000.0,1.0,1001230,3700000.0
1230,1230,0,-38.0,-2.0,-66.0,3700000.0,1.0,1001231,3700000.0
1231,1231,0,-36.0,-2.0,-66.0,3700000.0,1.0,1001232,3700000.0
1232,1232,0,-34.0,-2.0,-66.0,3700000.0,1.0,1001233,3700000.0
1233,1233,0,-32.0,-2.0,-66.0,3700000.0,1.0,1001234,3700000.0
1234,1234,0,-30.0,-2.0,-66.0,3700000.0,1.0,1001235,3700000.0
1235,1235,0,-28.0,-2.0,-66.0,3700000.0,1.0,1001236,3700000.0
1236,1236,0,-26.0,-2.0,-66.0,3700000.0,1.0,1001237,3700000.0
1237,1237,0,-24.0,-2.0,-66.0,3700000.0,1.0,1001238,3700000.0
1238,1238,0,-22.0,-2.0,-66.0,3700000.0,1.0,1001239,3700000.0
1239,1239,0,-20.0,-2.0,-66.0,3700000.0,1.0,1001240,3700000.0
1240,1240,0,-18.0,-2.0,-66.0,3700000.0,1.0,1001241,3700000.0
1241,1241,0,-16.0,-2.0,-66.0,3700000.0,1.0,1001242,3700000.0
1242,1242,0,-14.0,-2.0,-66.0,3700000.0,1.0,1001243,3700000.0
1243,1243,0,-12.0,-2.0,-66.0,3700000.0,1.0,1001244,3700000.0
1244,1244,0,-10.0,-2.0,-66.0,3700000.0,1.0,1001245,3700000.0
1245,1245,0,-8.0,-2.0,-66.0,3700000.0,1.0,1001246,3700000.0
1246,1246,0,-6.0,-2.0,-66.0,3700000.0,1.0,1001247,3700000.0
1247,1247,0,-4.0,-2.0,-66.0,3700000.0,1.0,1001248,3700000.0
1248,1248,0,-2.0,-2.0,-66.0,3700000.0,1.0,1001249,3700000.0
1249,1249,0,0.0,-2.0,-66.0,3700000.0,1.0,1001250,3700000.0
1250,1250,0,2.0,-2.0,-66.0,3700000.0,1.0,1001251,3700000.0
1251,1251,0,4.0,-2.0,-66.0,3700000.0,1.0,1001252,3700000.0
1252,1252,0,6.0,-2.0,-66.0,3700000.0,1.0,1001253,3700000.0
1253,1253,0,8.0,-2.0,-66.0,3700000.0,1.0,1001254,3700000.0
1254,1254,0,10.0,-2.0,-66.0,3700000.0,1.0,1001255,3700000.0
1255,1255,0,12.0,-2.0,-66.0,3700000.0,1.0,1001256,3700000.0
1256,1256,0,14.0,-2.0,-66.0,3700000.0,1.0,1001257,3700000.0
1257,1257,0,16.0,-2.0,-66.0,3700000.0,1.0,1001258,3700000.0
1258,1258,0,18.0,-2.0,-66.0,3700000.0,1.0,1001259,3700000.0
1259,1259,0,20.0,-2.0,-66.0,3700000.0,1.0,1001260,3700000.0
1260,1260,0,22.0,-2.0,-66.0,3700000.0,1.0,1001261,3700000.0
1261,1261,0,24.0,-2.0,-66.0,3700000.0,1.0,1001262,3700000.0
1262,1262,0,26.0,-2.0,-66.0,3700000.0,1.0,1001263,3700000.0
1263,1263,0,28.0,-2.0,-66.0,3700000.0,1.0,1001264,3700000.0
1264,1264,0,30.0,-2.0,-66.0,3700000.0,1.0,1001265,3700000.0
1265,1265,0,32.0,-2.0,-66.0,3700000.0,1.0,1001266,3700000.0
1266,1266,0,34.0,-2.0,-66.0,3700000.0,1.0,1001267,3700000.0
1267,1267,0,36.0,-2.0,-66.0,3700000.0,1.0,1001268,3700000.0
1268,1268,0,38.0,-2.0,-66.0,3700000.0,1.0,1001269,3700000.0
1269,1269,0,40.0,-2.0,-66.0,3700000.0,1.0,1001270,3700000.0
1270,1270,0,42.0,-2.0,-66.0,3700000.0,1.0,1001271,3700000.0
1271,1271,0,44.0,-2.0,-66.0,3700000.0,1.0,1001272,3700000.0
1272,1272,0,46.0,-2.0,-66.0,3700000.0,1.0,1001273,3700000.0
1273,1273,0,48.0,-2.0,-66.0,3700000.0,1.0,1001274,3700000.0
1274,1274,0,50.0,-2.0,-66.0,3700000.0,1.0,1001275,3700000.0
1275,1275,0,-50.0,0.0,-66.0,3700000.0,1.0,1001276,3700000.0
1276,1276,0,-48.0,0.0,-66.0,3700000.0,1.0,1001277,3700000.0
1277,1277,0,-46.0,0.0,-66.0,3700000.0,1.0,1001278,3700000.0
1278,1278,0,-44.0,0.0,-66.0,3700000.0,1.0,1001279,3700000.0
1279,1279,0,-42.0,0.0,-66.0,3700000.0,1.0,1001280,3700000.0
1280,1280,0,-40.0,0.0,-66.0,3700000.0,1.0,1001281,3700000.0
1281,1281,0,-38.0,0.0,-66.0,3700000.0,1.0,1001282,3700000.0
1282,1282,0,-36.0,0.0,-66.0,3700000.0,1.0,1001283,3700000.0
1283,1283,0,-34.0,0.0,-66.0,3700000.0,1.0,1001284,3700000.0
1284,1284,0,-32.0,0.0,-66.0,3700000.0,1.0,1001285,3700000.0
1285,1285,0,-30.0,0.0,-66.0,3700000.0,1.0,1001286,3700000.0
1286,1286,0,-28.0,0.0,-66.0,3700000.0,1.0,1001287,3700000.0
1287,1287,0,-26.0,0.0,-66.0,3700000.0,1.0,1001288,3700000.0
1288,1288,0,-24.0,0.0,-66.0,3700000.0,1.0,1001289,3700000.0
1289,1289,0,-22.0,0.0,-66.0,3700000.0,1.0,1001290,3700000.0
1290,1290,0,-20.0,0.0,-66.0,3700000.0,1.0,1001291,3700000.0
1291,1291,0,-18.0,0.0,-66.0,3700000.0,1.0,1001292,3700000.0
1292,1292,0,-16.0,0.0,-66.0,3700000.0,1.0,1001293,3700000.0
1293,1293,0,-14.0,0.0,-66.0,3700000.0,1.0,1001294,3700000.0
1294,1294,0,-12.0,0.0,-66.0,3700000.0,1.0,1001295,3700000.0
1295,1295,0,-10.0,0.0,-66.0,3700000.0,1.0,1001296,3700000.0
1296,1296,0,-8.0,0.0,-66.0,3700000.0,1.0,1001297,3700000.0
1297,1297,0,-6.0,0.0,-66.0,3700000.0,1.0,1001298,3700000.0
1298,1298,0,-4.0,0.0,-66.0,3700000.0,1.0,1001299,3700000.0
1299,1299,0,-2.0,0.0,-66.0,3700000.0,1.0,1001300,3700000.0
1300,1300,0,0.0,0.0,-66.0,3700000.0,1.0,1001301,3700000.0
1301,1301,0,2.0,0.0,-66.0,3700000.0,1.0,1001302,3700000.0
1302,1302,0,4.0,0.0,-66.0,3700000.0,1.0,1001303,3700000.0
1303,1303,0,6.0,0.0,-66.0,3700000.0,1.0,1001304,3700000.0
1304,1304,0,8.0,0.0,-66.0,3700000.0,1.0,1001305,3700000.0
1305,1305,0,10.0,0.0,-66.0,3700000.0,1.0,1001306,3700000.0
1306,1306,0,12.0,0.0,-66.0,3700000.0,1.0,1001307,3700000.0
1307,1307,0,14.0,0.0,-66.0,3700000.0,1.0,1001308,3700000.0
1308,1308,0,16.0,0.0,-66.0,3700000.0,1.0,1001309,3700000.0
1309,1309,0,18.0,0.0,-66.0,3700000.0,1.0,1001310,3700000.0
1310,1310,0,20.0,0.0,-66.0,3700000.0,1.0,1001311,3700000.0
1311,1311,0,22.0,0.0,-66.0,3700000.0,1.0,1001312,3700000.0
1312,1312,0,24.0,0.0,-66.0,3700000.0,1.0,1001313,3700000.0
1313,1313,0,26.0,0.0,-66.0,3700000.0,1.0,1001314,3700000.0
1314,1314,0,28.0,0.0,-66.0,3700000.0,1.0,1001315,3700000.0
1315,1315,0,30.0,0.0,-66.0,3700000.0,1.0,1001316,3700000.0
1316,1316,0,32.0,0.0,-66.0,3700000.0,1.0,1001317,3700000.0
1317,1317,0,34.0,0.0,-66.0,3700000.0,1.0,1001318,3700000.0
1318,1318,0,36.0,0.0,-66.0,3700000.0,1.0,1001319,3700000.0
1319,1319,0,38.0,0.0,-66.0,3700000.0,1.0,1001320,3700000.0
1320,1320,0,40.0,0.0,-66.0,3700000.0,1.0,1001321,3700000.0
1321,1321,0,42.0,0.0,-66.0,3700000.0,1.0,1001322,3700000.0
1322,1322,0,44.0,0.0,-66.0,3700000.0,1.0,1001323,3700000.0
1323,1323,0,46.0,0.0,-66.0,3700000.0,1.0,1001324,3700000.0
1324,1324,0,48.0,0.0,-66.0,3700000.0,1.0,1001325,3700000.0
1325,1325,0,50.0,0.0,-66.0,3700000.0,1.0,1001326,3700000.0
1326,1326,0,-50.0,2.0,-66.0,3700000.0,1.0,1001327,3700000.0
1327,1327,0,-48.0,2.0,-66.0,3700000.0,1.0,1001328,3700000.0
1328,1328,0,-46.0,2.0,-66.0,3700000.0,1.0,1001329,3700000.0
1329,1329,0,-44.0,2.0,-66.0,3700000.0,1.0,1001330,3700000.0
1330,1330,0,-42.0,2.0,-66.0,3700000.0,1.0,1001331,3700000.0
1331,1331,0,-40.0,2.0,-66.0,3700000.0,1.0,1001332,3700000.0
1332,1332,0,-38.0,2.0,-66.0,3700000.0,1.0,1001333,3700000.0
1333,1333,0,-36.0,2.0,-66.0,3700000.0,1.0,1001334,3700000.0
1334,1334,0,-34.0,2.0,-66.0,3700000.0,1.0,1001335,3700000.0
1335,1335,0,-32.0,2.0,-66.0,3700000.0,1.0,1001336,3700000.0
1336,1336,0,-30.0,2.0,-66.0,3700000.0,1.0,1001337,3700000.0
1337,1337,0,-28.0,2.0,-66.0,3700000.0,1.0,1001338,3700000.0
1338,1338,0,-26.0,2.0,-66.0,3700000.0,1.0,1001339,3700000.0
1339,1339,0,-24.0,2.0,-66.0,3700000.0,1.0,1001340,3700000.0
1340,1340,0,-22.0,2.0,-66.0,3700000.0,1.0,1001341,3700000.0
1341,1341,0,-20.0,2.0,-66.0,3700000.0,1.0,1001342,3700000.0
1342,1342,0,-18.0,2.0,-66.0,3700000.0,1.0,1001343,3700000.0
1343,1343,0,-16.0,2.0,-66.0,3700000.0,1.0,1001344,3700000.0
1344,1344,0,-14.0,2.0,-66.0,3700000.0,1.0,1001345,3700000.0
1345,1345,0,-12.0,2.0,-66.0,3700000.0,1.0,1001346,3700000.0
1346,1346,0,-10.0,2.0,-66.0,3700000.0,1.0,1001347,3700000.0
1347,1347,0,-8.0,2.0,-66.0,3700000.0,1.0,1001348,3700000.0
1348,1348,0,-6.0,2.0,-66.0,3700000.0,1.0,1001349,3700000.0
1349,1349,0,-4.0,2.0,-66.0,3700000.0,1.0,1001350,3700000.0
1350,1350,0,-2.0,2.0,-66.0,3700000.0,1.0,1001351,3700000.0
1351,1351,0,0.0,2.0,-66.0,3700000.0,1.0,1001352,3700000.0
1352,1352,0,2.0,2.0,-66.0,3700000.0,1.0,1001353,3700000.0
1353,1353,0,4.0,2.0,-66.0,3700000.0,1.0,1001354,3700000.0
1354,1354,0,6.0,2.0,-66.0,3700000.0,1.0,1001355,3700000.0
1355,1355,0,8.0,2.0,-66.0,3700000.0,1.0,1001356,3700000.0
1356,1356,0,10.0,2.0,-66.0,3700000.0,1.0,1001357,3700000.0
1357,1357,0,12.0,2.0,-66.0,3700000.0,1.0,1001358,3700000.0
1358,1358,0,14.0,2.0,-66.0,3700000.0,1.0,1001359,3700000.0
1359,1359,0,16.0,2.0,-66.0,3700000.0,1.0,1001360,3700000.0
1360,1360,0,18.0,2.0,-66.0,3700000.0,1.0,1001361,3700000.0
1361,1361,0,20.0,2.0,-66.0,3700000.0,1.0,1001362,3700000.0
1362,1362,0,22.0,2.0,-66.0,3700000.0,1.0,1001363,3700000.0
1363,1363,0,24.0,2.0,-66.0,3700000.0,1.0,1001364,3700000.0
1364,1364,0,26.0,2.0,-66.0,3700000.0,1.0,1001365,3700000.0
1365,1365,0,28.0,2.0,-66.0,3700000.0,1.0,1001366,3700000.0
1366,1366,0,30.0,2.0,-66.0,3700000.0,1.0,1001367,3700000.0
1367,1367,0,32.0,2.0,-66.0,3700000.0,1.0,1001368,3700000.0
1368,1368,0,34.0,2.0,-66.0,3700000.0,1.0,1001369,3700000.0
1369,1369,0,36.0,2.0,-66.0,3700000.0,1.0,1001370,3700000.0
1370,1370,0,38.0,2.0,-66.0,3700000.0,1.0,1001371,3700000.0
1371,1371,0,40.0,2.0,-66.0,3700000.0,1.0,1001372,3700000.0
1372,1372,0,42.0,2.0,-66.0,3700000.0,1.0,1001373,3700000.0
1373,1373,0,44.0,2.0,-66.0,3700000.0,1.0,1001374,3700000.0
1374,1374,0,46.0,2.0,-66.0,3700000.0,1.0,1001375,3700000.0
1375,1375,0,48.0,2.0,-66.0,3700000.0,1.0,1001376,3700000.0
1376,1376,0,50.0,2.0,-66.0,3700000.0,1.0,1001377,3700000.0
1377,1377,0,-50.0,4.0,-66.0,3700000.0,1.0,1001378,3700000.0
1378,1378,0,-48.0,4.0,-66.0,3700000.0,1.0,1001379,3700000.0
1379,1379,0,-46.0,4.0,-66.0,3700000.0,1.0,1001380,3700000.0
1380,1380,0,-44.0,4.0,-66.0,3700000.0,1.0,1001381,3700000.0
1381,1381,0,-42.0,4.0,-66.0,3700000.0,1.0,1001382,3700000.0
1382,1382,0,-40.0,4.0,-66.0,3700000.0,1.0,1001383,3700000.0
1383,1383,0,-38.0,4.0,-66.0,3700000.0,1.0,1001384,3700000.0
1384,1384,0,-36.0,4.0,-66.0,3700000.0,1.0,1001385,3700000.0
1385,1385,0,-34.0,4.0,-66.0,3700000.0,1.0,1001386,3700000.0
1386,1386,0,-32.0,4.0,-66.0,3700000.0,1.0,1001387,3700000.0
1387,1387,0,-30.0,4.0,-66.0,3700000.0,1.0,1001388,3700000.0
1388,1388,0,-28.0,4.0,-66.0,3700000.0,1.0,1001389,3700000.0
1389,1389,0,-26.0,4.0,-66.0,3700000.0,1.0,1001390,3700000.0
1390,1390,0,-24.0,4.0,-66.0,3700000.0,1.0,1001391,3700000.0
1391,1391,0,-22.0,4.0,-66.0,3700000.0,1.0,1001392,3700000.0
1392,1392,0,-20.0,4.0,-66.0,3700000.0,1.0,1001393,3700000.0
1393,1393,0,-18.0,4.0,-66.0,3700000.0,1.0,1001394,3700000.0
1394,1394,0,-16.0,4.0,-66.0,3700000.0,1.0,1001395,3700000.0
1395,1395,0,-14.0,4.0,-66.0,3700000.0,1.0,1001396,3700000.0
1396,1396,0,-12.0,4.0,-66.0,3700000.0,1.0,1001397,3700000.0
1397,1397,0,-10.0,4.0,-66.0,3700000.0,1.0,1001398,3700000.0
1398,1398,0,-8.0,4.0,-66.0,3700000.0,1.0,1001399,3700000.0
1399,1399,0,-6.0,4.0,-66.0,3700000.0,1.0,1001400,3700000.0
1400,1400,0,-4.0,4.0,-66.0,3700000.0,1.0,1001401,3700000.0
1401,1401,0,-2.0,4.0,-66.0,3700000.0,1.0,1001402,3700000.0
1402,1402,0,0.0,4.0,-66.0,3700000.0,1.0,1001403,3700000.0
1403,1403,0,2.0,4.0,-66.0,3700000.0,1.0,1001404,3700000.0
1404,1404,0,4.0,4.0,-66.0,3700000.0,1.0,1001405,3700000.0
1405,1405,0,6.0,4.0,-66.0,3700000.0,1.0,1001406,3700000.0
1406,1406,0,8.0,4.0,-66.0,3700000.0,1.0,1001407,3700000.0
1407,1407,0,10.0,4.0,-66.0,3700000.0,1.0,1001408,3700000.0
1408,1408,0,12.0,4.0,-66.0,3700000.0,1.0,1001409,3700000.0
1409,1409,0,14.0,4.0,-66.0,3700000.0,1.0,1001410,3700000.0
1410,1410,0,16.0,4.0,-66.0,3700000.0,1.0,1001411,3700000.0
1411,1411,0,18.0,4.0,-66.0,3700000.0,1.0,1001412,3700000.0
1412,1412,0,20.0,4.0,-66.0,3700000.0,1.0,1001413,3700000.0
1413,1413,0,22.0,4.0,-66.0,3700000.0,1.0,1001414,3700000.0
1414,1414,0,24.0,4.0,-66.0,3700000.0,1.0,1001415,3700000.0
1415,1415,0,26.0,4.0,-66.0,3700000.0,1.0,1001416,3700000.0
1416,1416,0,28.0,4.0,-66.0,3700000.0,1.0,1001417,3700000.0
1417,1417,0,30.0,4.0,-66.0,3700000.0,1.0,1001418,3700000.0
1418,1418,0,32.0,4.0,-66.0,3700000.0,1.0,1001419,3700000.0
1419,1419,0,34.0,4.0,-66.0,3700000.0,1.0,1001420,3700000.0
1420,1420,0,36.0,4.0,-66.0,3700000.0,1.0,1001421,3700000.0
1421,1421,0,38.0,4.0,-66.0,3700000.0,1.0,1001422,3700000.0
1422,1422,0,40.0,4.0,-66.0,3700000.0,1.0,1001423,3700000.0
1423,1423,0,42.0,4.0,-66.0,3700000.0,1.0,1001424,3700000.0
1424,1424,0,44.0,4.0,-66.0,3700000.0,1.0,1001425,3700000.0
1425,1425,0,46.0,4.0,-66.0,3700000.0,1.0,1001426,3700000.0
1426,1426,0,48.0,4.0,-66.0,3700000.0,1.0,1001427,3700000.0
1427,1427,0,50.0,4.0,-66.0,3700000.0,1.0,1001428,3700000.0
1428,1428,0,-50.0,6.0,-66.0,3700000.0,1.0,1001429,3700000.0
1429,1429,0,-48.0,6.0,-66.0,3700000.0,1.0,1001430,3700000.0
1430,1430,0,-46.0,6.0,-66.0,3700000.0,1.0,1001431,3700000.0
1431,1431,0,-44.0,6.0,-66.0,3700000.0,1.0,1001432,3700000.0
1432,1432,0,-42.0,6.0,-66.0,3700000.0,1.0,1001433,3700000.0
1433,1433,0,-40.0,6.0,-66.0,3700000.0,1.0,1001434,3700000.0
1434,1434,0,-38.0,6.0,-66.0,3700000.0,1.0,1001435,3700000.0
1435,1435,0,-36.0,6.0,-66.0,3700000.0,1.0,1001436,3700000.0
1436,1436,0,-34.0,6.0,-66.0,3700000.0,1.0,1001437,3700000.0
1437,1437,0,-32.0,6.0,-66.0,3700000.0,1.0,1001438,3700000.0
1438,1438,0,-30.0,6.0,-66.0,3700000.0,1.0,1001439,3700000.0
1439,1439,0,-28.0,6.0,-66.0,3700000.0,1.0,1001440,3700000.0
1440,1440,0,-26.0,6.0,-66.0,3700000.0,1.0,1001441,3700000.0
1441,1441,0,-24.0,6.0,-66.0,3700000.0,1.0,1001442,3700000.0
1442,1442,0,-22.0,6.0,-66.0,3700000.0,1.0,1001443,3700000.0
1443,1443,0,-20.0,6.0,-66.0,3700000.0,1.0,1001444,3700000.0
1444,1444,0,-18.0,6.0,-66.0,3700000.0,1.0,1001445,3700000.0
1445,1445,0,-16.0,6.0,-66.0,3700000.0,1.0,1001446,3700000.0
1446,1446,0,-14.0,6.0,-66.0,3700000.0,1.0,1001447,3700000.0
1447,1447,0,-12.0,6.0,-66.0,3700000.0,1.0,1001448,3700000.0
1448,1448,0,-10.0,6.0,-66.0,3700000.0,1.0,1001449,3700000.0
1449,1449,0,-8.0,6.0,-66.0,3700000.0,1.0,1001450,3700000.0
1450,1450,0,-6.0,6.0,-66.0,3700000.0,1.0,1001451,3700000.0
1451,1451,0,-4.0,6.0,-66.0,3700000.0,1.0,1001452,3700000.0
1452,1452,0,-2.0,6.0,-66.0,3700000.0,1.0,1001453,3700000.0
1453,1453,0,0.0,6.0,-66.0,3700000.0,1.0,1001454,3700000.0
1454,1454,0,2.0,6.0,-66.0,3700000.0,1.0,1001455,3700000.0
1455,1455,0,4.0,6.0,-66.0,3700000.0,1.0,1001456,3700000.0
1456,1456,0,6.0,6.0,-66.0,3700000.0,1.0,1001457,3700000.0
1457,1457,0,8.0,6.0,-66.0,3700000.0,1.0,1001458,3700000.0
1458,1458,0,10.0,6.0,-66.0,3700000.0,1.0,1001459,3700000.0
1459,1459,0,12.0,6.0,-66.0,3700000.0,1.0,1001460,3700000.0
1460,1460,0,14.0,6.0,-66.0,3700000.0,1.0,1001461,3700000.0
1461,1461,0,16.0,6.0,-66.0,3700000.0,1.0,1001462,3700000.0
1462,1462,0,18.0,6.0,-66.0,3700000.0,1.0,1001463,3700000.0
1463,1463,0,20.0,6.0,-66.0,3700000.0,1.0,1001464,3700000.0
1464,1464,0,22.0,6.0,-66.0,3700000.0,1.0,1001465,3700000.0
1465,1465,0,24.0,6.0,-66.0,3700000.0,1.0,1001466,3700000.0
1466,1466,0,26.0,6.0,-66.0,3700000.0,1.0,1001467,3700000.0
1467,1467,0,28.0,6.0,-66.0,3700000.0,1.0,1001468,3700000.0
1468,1468,0,30.0,6.0,-66.0,3700000.0,1.0,1001469,3700000.0
1469,1469,0,32.0,6.0,-66.0,3700000.0,1.0,1001470,3700000.0
1470,1470,0,34.0,6.0,-66.0,3700000.0,1.0,1001471,3700000.0
1471,1471,0,36.0,6.0,-66.0,3700000.0,1.0,1001472,3700000.0
1472,1472,0,38.0,6.0,-66.0,3700000.0,1.0,1001473,3700000.0
1473,1473,0,40.0,6.0,-66.0,3700000.0,1.0,1001474,3700000.0
1474,1474,0,42.0,6.0,-66.0,3700000.0,1.0,1001475,3700000.0
1475,1475,0,44.0,6.0,-66.0,3700000.0,1.0,1001476,3700000.0
1476,1476,0,46.0,6.0,-66.0,3700000.0,1.0,1001477,3700000.0
1477,1477,0,48.0,6.0,-66.0,3700000.0,1.0,1001478,3700000.0
1478,1478,0,50.0,6.0,-66.0,3700000.0,1.0,1001479,3700000.0
1479,1479,0,-50.0,8.0,-66.0,3700000.0,1.0,1001480,3700000.0
1480,1480,0,-48.0,8.0,-66.0,3700000.0,1.0,1001481,3700000.0
1481,1481,0,-46.0,8.0,-66.0,3700000.0,1.0,1001482,3700000.0
1482,1482,0,-44.0,8.0,-66.0,3700000.0,1.0,1001483,3700000.0
1483,1483,0,-42.0,8.0,-66.0,3700000.0,1.0,1001484,3700000.0
1484,1484,0,-40.0,8.0,-66.0,3700000.0,1.0,1001485,3700000.0
1485,1485,0,-38.0,8.0,-66.0,3700000.0,1.0,1001486,3700000.0
1486,1486,0,-36.0,8.0,-66.0,3700000.0,1.0,1001487,3700000.0
1487,1487,0,-34.0,8.0,-66.0,3700000.0,1.0,1001488,3700000.0
1488,1488,0,-32.0,8.0,-66.0,3700000.0,1.0,1001489,3700000.0
1489,1489,0,-30.0,8.0,-66.0,3700000.0,1.0,1001490,3700000.0
1490,1490,0,-28.0,8.0,-66.0,3700000.0,1.0,1001491,3700000.0
1491,1491,0,-26.0,8.0,-66.0,3700000.0,1.0,1001492,3700000.0
1492,1492,0,-24.0,8.0,-66.0,3700000.0,1.0,1001493,3700000.0
1493,1493,0,-22.0,8.0,-66.0,3700000.0,1.0,1001494,3700000.0
1494,1494,0,-20.0,8.0,-66.0,3700000.0,1.0,1001495,3700000.0
1495,1495,0,-18.0,8.0,-66.0,3700000.0,1.0,1001496,3700000.0
1496,1496,0,-16.0,8.0,-66.0,3700000.0,1.0,1001497,3700000.0
1497,1497,0,-14.0,8.0,-66.0,3700000.0,1.0,1001498,3700000.0
1498,1498,0,-12.0,8.0,-66.0,3700000.0,1.0,1001499,3700000.0
1499,1499,0,-10.0,8.0,-66.0,3700000.0,1.0,1001500,3700000.0
1500,1500,0,-8.0,8.0,-66.0,3700000.0,1.0,1001501,3700000.0
1501,1501,0,-6.0,8.0,-66.0,3700000.0,1.0,1001502,3700000.0
1502,1502,0,-4.0,8.0,-66.0,3700000.0,1.0,1001503,3700000.0
1503,1503,0,-2.0,8.0,-66.0,3700000.0,1.0,1001504,3700000.0
1504,1504,0,0.0,8.0,-66.0,3700000.0,1.0,1001505,3700000.0
1505,1505,0,2.0,8.0,-66.0,3700000.0,1.0,1001506,3700000.0
1506,1506,0,4.0,8.0,-66.0,3700000.0,1.0,1001507,3700000.0
1507,1507,0,6.0,8.0,-66.0,3700000.0,1.0,1001508,3700000.0
1508,1508,0,8.0,8.0,-66.0,3700000.0,1.0,1001509,3700000.0
1509,1509,0,10.0,8.0,-66.0,3700000.0,1.0,1001510,3700000.0
1510,1510,0,12.0,8.0,-66.0,3700000.0,1.0,1001511,3700000.0
1511,1511,0,14.0,8.0,-66.0,3700000.0,1.0,1001512,3700000.0
1512,1512,0,16.0,8.0,-66.0,3700000.0,1.0,1001513,3700000.0
1513,1513,0,18.0,8.0,-66.0,3700000.0,1.0,1001514,3700000.0
1514,1514,0,20.0,8.0,-66.0,3700000.0,1.0,1001515,3700000.0
1515,1515,0,22.0,8.0,-66.0,3700000.0,1.0,1001516,3700000.0
1516,1516,0,24.0,8.0,-66.0,3700000.0,1.0,1001517,3700000.0
1517,1517,0,26.0,8.0,-66.0,3700000.0,1.0,1001518,3700000.0
1518,1518,0,28.0,8.0,-66.0,3700000.0,1.0,1001519,3700000.0
1519,1519,0,30.0,8.0,-66.0,3700000.0,1.0,1001520,3700000.0
1520,1520,0,32.0,8.0,-66.0,3700000.0,1.0,1001521,3700000.0
1521,1521,0,34.0,8.0,-66.0,3700000.0,1.0,1001522,3700000.0
1522,1522,0,36.0,8.0,-66.0,3700000.0,1.0,1001523,3700000.0
1523,1523,0,38.0,8.0,-66.0,3700000.0,1.0,1001524,3700000.0
1524,1524,0,40.0,8.0,-66.0,3700000.0,1.0,1001525,3700000.0
1525,1525,0,42.0,8.0,-66.0,3700000.0,1.0,1001526,3700000.0
1526,1526,0,44.0,8.0,-66.0,3700000.0,1.0,1001527,3700000.0
1527,1527,0,46.0,8.0,-66.0,3700000.0,1.0,1001528,3700000.0
1528,1528,0,48.0,8.0,-66.0,3700000.0,1.0,1001529,3700000.0
1529,1529,0,50.0,8.0,-66.0,3700000.0,1.0,1001530,3700000.0
1530,1530,0,-50.0,10.0,-66.0,3700000.0,1.0,1001531,3700000.0
1531,1531,0,-48.0,10.0,-66.0,3700000.0,1.0,1001532,3700000.0
1532,1532,0,-46.0,10.0,-66.0,3700000.0,1.0,1001533,3700000.0
1533,1533,0,-44.0,10.0,-66.0,3700000.0,1.0,1001534,3700000.0
1534,1534,0,-42.0,10.0,-66.0,3700000.0,1.0,1001535,3700000.0
1535,1535,0,-40.0,10.0,-66.0,3700000.0,1.0,1001536,3700000.0
1536,1536,0,-38.0,10.0,-66.0,3700000.0,1.0,1001537,3700000.0
1537,1537,0,-36.0,10.0,-66.0,3700000.0,1.0,1001538,3700000.0
1538,1538,0,-34.0,10.0,-66.0,3700000.0,1.0,1001539,3700000.0
1539,1539,0,-32.0,10.0,-66.0,3700000.0,1.0,1001540,3700000.0
1540,1540,0,-30.0,10.0,-66.0,3700000.0,1.0,1001541,3700000.0
1541,1541,0,-28.0,10.0,-66.0,3700000.0,1.0,1001542,3700000.0
1542,1542,0,-26.0,10.0,-66.0,3700000.0,1.0,1001543,3700000.0
1543,1543,0,-24.0,10.0,-66.0,3700000.0,1.0,1001544,3700000.0
1544,1544,0,-22.0,10.0,-66.0,3700000.0,1.0,1001545,3700000.0
1545,1545,0,-20.0,10.0,-66.0,3700000.0,1.0,1001546,3700000.0
1546,1546,0,-18.0,10.0,-66.0,3700000.0,1.0,1001547,3700000.0
1547,1547,0,-16.0,10.0,-66.0,3700000.0,1.0,1001548,3700000.0
1548,1548,0,-14.0,10.0,-66.0,3700000.0,1.0,1001549,3700000.0
1549,1549,0,-12.0,10.0,-66.0,3700000.0,1.0,1001550,3700000.0
1550,1550,0,-10.0,10.0,-66.0,3700000.0,1.0,1001551,3700000.0
1551,1551,0,-8.0,10.0,-66.0,3700000.0,1.0,1001552,3700000.0
1552,1552,0,-6.0,10.0,-66.0,3700000.0,1.0,1001553,3700000.0
1553,1553,0,-4.0,10.0,-66.0,3700000.0,1.0,1001554,3700000.0
1554,1554,0,-2.0,10.0,-66.0,3700000.0,1.0,1001555,3700000.0
1555,1555,0,0.0,10.0,-66.0,3700000.0,1.0,1001556,3700000.0
1556,1556,0,2.0,10.0,-66.0,3700000.0,1.0,1001557,3700000.0
1557,1557,0,4.0,10.0,-66.0,3700000.0,1.0,1001558,3700000.0
1558,1558,0,6.0,10.0,-66.0,3700000.0,1.0,1001559,3700000.0
1559,1559,0,8.0,10.0,-66.0,3700000.0,1.0,1001560,3700000.0
1560,1560,0,10.0,10.0,-66.0,3700000.0,1.0,1001561,3700000.0
1561,1561,0,12.0,10.0,-66.0,3700000.0,1.0,1001562,3700000.0
1562,1562,0,14.0,10.0,-66.0,3700000.0,1.0,1001563,3700000.0
1563,1563,0,16.0,10.0,-66.0,3700000.0,1.0,1001564,3700000.0
1564,1564,0,18.0,10.0,-66.0,3700000.0,1.0,1001565,3700000.0
1565,1565,0,20.0,10.0,-66.0,3700000.0,1.0,1001566,3700000.0
1566,1566,0,22.0,10.0,-66.0,3700000.0,1.0,1001567,3700000.0
1567,1567,0,24.0,10.0,-66.0,3700000.0,1.0,1001568,3700000.0
1568,1568,0,26.0,10.0,-66.0,3700000.0,1.0,1001569,3700000.0
1569,1569,0,28.0,10.0,-66.0,3700000.0,1.0,1001570,3700000.0
1570,1570,0,30.0,10.0,-66.0,3700000.0,1.0,1001571,3700000.0
1571,1571,0,32.0,10.0,-66.0,3700000.0,1.0,1001572,3700000.0
1572,1572,0,34.0,10.0,-66.0,3700000.0,1.0,1001573,3700000.0
1573,1573,0,36.0,10.0,-66.0,3700000.0,1.0,1001574,3700000.0
1574,1574,0,38.0,10.0,-66.0,3700000.0,1.0,1001575,3700000.0
1575,1575,0,40.0,10.0,-66.0,3700000.0,1.0,1001576,3700000.0
1576,1576,0,42.0,10.0,-66.0,3700000.0,1.0,1001577,3700000.0
1577,1577,0,44.0,10.0,-66.0,3700000.0,1.0,1001578,3700000.0
1578,1578,0,46.0,10.0,-66.0,3700000.0,1.0,1001579,3700000.0
1579,1579,0,48.0,10.0,-66.0,3700000.0,1.0,1001580,3700000.0
1580,1580,0,50.0,10.0,-66.0,3700000.0,1.0,1001581,3700000.0
1581,1581,0,-50.0,12.0,-66.0,3700000.0,1.0,1001582,3700000.0
1582,1582,0,-48.0,12.0,-66.0,3700000.0,1.0,1001583,3700000.0
1583,1583,0,-46.0,12.0,-66.0,3700000.0,1.0,1001584,3700000.0
1584,1584,0,-44.0,12.0,-66.0,3700000.0,1.0,1001585,3700000.0
1585,1585,0,-42.0,12.0,-66.0,3700000.0,1.0,1001586,3700000.0
1586,1586,0,-40.0,12.0,-66.0,3700000.0,1.0,1001587,3700000.0
1587,1587,0,-38.0,12.0,-66.0,3700000.0,1.0,1001588,3700000.0
1588,1588,0,-36.0,12.0,-66.0,3700000.0,1.0,1001589,3700000.0
1589,1589,0,-34.0,12.0,-66.0,3700000.0,1.0,1001590,3700000.0
1590,1590,0,-32.0,12.0,-66.0,3700000.0,1.0,1001591,3700000.0
1591,1591,0,-30.0,12.0,-66.0,3700000.0,1.0,1001592,3700000.0
1592,1592,0,-28.0,12.0,-66.0,3700000.0,1.0,1001593,3700000.0
1593,1593,0,-26.0,12.0,-66.0,3700000.0,1.0,1001594,3700000.0
1594,1594,0,-24.0,12.0,-66.0,3700000.0,1.0,1001595,3700000.0
1595,1595,0,-22.0,12.0,-66.0,3700000.0,1.0,1001596,3700000.0
1596,1596,0,-20.0,12.0,-66.0,3700000.0,1.0,1001597,3700000.0
1597,1597,0,-18.0,12.0,-66.0,3700000.0,1.0,1001598,3700000.0
1598,1598,0,-16.0,12.0,-66.0,3700000.0,1.0,1001599,3700000.0
1599,1599,0,-14.0,12.0,-66.0,3700000.0,1.0,1001600,3700000.0
1600,1600,0,-12.0,12.0,-66.0,3700000.0,1.0,1001601,3700000.0
1601,1601,0,-10.0,12.0,-66.0,3700000.0,1.0,1001602,3700000.0
1602,1602,0,-8.0,12.0,-66.0,3700000.0,1.0,1001603,3700000.0
1603,1603,0,-6.0,12.0,-66.0,3700000.0,1.0,1001604,3700000.0
1604,1604,0,-4.0,12.0,-66.0,3700000.0,1.0,1001605,3700000.0
1605,1605,0,-2.0,12.0,-66.0,3700000.0,1.0,1001606,3700000.0
1606,1606,0,0.0,12.0,-66.0,3700000.0,1.0,1001607,3700000.0
1607,1607,0,2.0,12.0,-66.0,3700000.0,1.0,1001608,3700000.0
1608,1608,0,4.0,12.0,-66.0,3700000.0,1.0,1001609,3700000.0
1609,1609,0,6.0,12.0,-66.0,3700000.0,1.0,1001610,3700000.0
1610,1610,0,8.0,12.0,-66.0,3700000.0,1.0,1001611,3700000.0
1611,1611,0,10.0,12.0,-66.0,3700000.0,1.0,1001612,3700000.0
1612,1612,0,12.0,12.0,-66.0,3700000.0,1.0,1001613,3700000.0
1613,1613,0,14.0,12.0,-66.0,3700000.0,1.0,1001614,3700000.0
1614,1614,0,16.0,12.0,-66.0,3700000.0,1.0,1001615,3700000.0
1615,1615,0,18.0,12.0,-66.0,3700000.0,1.0,1001616,3700000.0
1616,1616,0,20.0,12.0,-66.0,3700000.0,1.0,1001617,3700000.0
1617,1617,0,22.0,12.0,-66.0,3700000.0,1.0,1001618,3700000.0
1618,1618,0,24.0,12.0,-66.0,3700000.0,1.0,1001619,3700000.0
1619,1619,0,26.0,12.0,-66.0,3700000.0,1.0,1001620,3700000.0
1620,1620,0,28.0,12.0,-66.0,3700000.0,1.0,1001621,3700000.0
1621,1621,0,30.0,12.0,-66.0,3700000.0,1.0,1001622,3700000.0
1622,1622,0,32.0,12.0,-66.0,3700000.0,1.0,1001623,3700000.0
1623,1623,0,34.0,12.0,-66.0,3700000.0,1.0,1001624,3700000.0
1624,1624,0,36.0,12.0,-66.0,3700000.0,1.0,1001625,3700000.0
1625,1625,0,38.0,12.0,-66.0,3700000.0,1.0,1001626,3700000.0
1626,1626,0,40.0,12.0,-66.0,3700000.0,1.0,1001627,3700000.0
1627,1627,0,42.0,12.0,-66.0,3700000.0,1.0,1001628,3700000.0
1628,1628,0,44.0,12.0,-66.0,3700000.0,1.0,1001629,3700000.0
1629,1629,0,46.0,12.0,-66.0,3700000.0,1.0,1001630,3700000.0
1630,1630,0,48.0,12.0,-66.0,3700000.0,1.0,1001631,3700000.0
1631,1631,0,50.0,12.0,-66.0,3700000.0,1.0,1001632,3700000.0
1632,1632,0,-50.0,14.0,-66.0,3700000.0,1.0,1001633,3700000.0
1633,1633,0,-48.0,14.0,-66.0,3700000.0,1.0,1001634,3700000.0
1634,1634,0,-46.0,14.0,-66.0,3700000.0,1.0,1001635,3700000.0
1635,1635,0,-44.0,14.0,-66.0,3700000.0,1.0,1001636,3700000.0
1636,1636,0,-42.0,14.0,-66.0,3700000.0,1.0,1001637,3700000.0
1637,1637,0,-40.0,14.0,-66.0,3700000.0,1.0,1001638,3700000.0
1638,1638,0,-38.0,14.0,-66.0,3700000.0,1.0,1001639,3700000.0
1639,1639,0,-36.0,14.0,-66.0,3700000.0,1.0,1001640,3700000.0
1640,1640,0,-34.0,14.0,-66.0,3700000.0,1.0,1001641,3700000.0
1641,1641,0,-32.0,14.0,-66.0,3700000.0,1.0,1001642,3700000.0
1642,1642,0,-30.0,14.0,-66.0,3700000.0,1.0,1001643,3700000.0
1643,1643,0,-28.0,14.0,-66.0,3700000.0,1.0,1001644,3700000.0
1644,1644,0,-26.0,14.0,-66.0,3700000.0,1.0,1001645,3700000.0
1645,1645,0,-24.0,14.0,-66.0,3700000.0,1.0,1001646,3700000.0
1646,1646,0,-22.0,14.0,-66.0,3700000.0,1.0,1001647,3700000.0
1647,1647,0,-20.0,14.0,-66.0,3700000.0,1.0,1001648,3700000.0
1648,1648,0,-18.0,14.0,-66.0,3700000.0,1.0,1001649,3700000.0
1649,1649,0,-16.0,14.0,-66.0,3700000.0,1.0,1001650,3700000.0
1650,1650,0,-14.0,14.0,-66.0,3700000.0,1.0,1001651,3700000.0
1651,1651,0,-12.0,14.0,-66.0,3700000.0,1.0,1001652,3700000.0
1652,1652,0,-10.0,14.0,-66.0,3700000.0,1.0,1001653,3700000.0
1653,1653,0,-8.0,14.0,-66.0,3700000.0,1.0,1001654,3700000.0
1654,1654,0,-6.0,14.0,-66.0,3700000.0,1.0,1001655,3700000.0
1655,1655,0,-4.0,14.0,-66.0,3700000.0,1.0,1001656,3700000.0
1656,1656,0,-2.0,14.0,-66.0,3700000.0,1.0,1001657,3700000.0
1657,1657,0,0.0,14.0,-66.0,3700000.0,1.0,1001658,3700000.0
1658,1658,0,2.0,14.0,-66.0,3700000.0,1.0,1001659,3700000.0
1659,1659,0,4.0,14.0,-66.0,3700000.0,1.0,1001660,3700000.0
1660,1660,0,6.0,14.0,-66.0,3700000.0,1.0,1001661,3700000.0
1661,1661,0,8.0,14.0,-66.0,3700000.0,1.0,1001662,3700000.0
1662,1662,0,10.0,14.0,-66.0,3700000.0,1.0,1001663,3700000.0
1663,1663,0,12.0,14.0,-66.0,3700000.0,1.0,1001664,3700000.0
1664,1664,0,14.0,14.0,-66.0,3700000.0,1.0,1001665,3700000.0
1665,1665,0,16.0,14.0,-66.0,3700000.0,1.0,1001666,3700000.0
1666,1666,0,18.0,14.0,-66.0,3700000.0,1.0,1001667,3700000.0
1667,1667,0,20.0,14.0,-66.0,3700000.0,1.0,1001668,3700000.0
1668,1668,0,22.0,14.0,-66.0,3700000.0,1.0,1001669,3700000.0
1669,1669,0,24.0,14.0,-66.0,3700000.0,1.0,1001670,3700000.0
1670,1670,0,26.0,14.0,-66.0,3700000.0,1.0,1001671,3700000.0
1671,1671,0,28.0,14.0,-66.0,3700000.0,1.0,1001672,3700000.0
1672,1672,0,30.0,14.0,-66.0,3700000.0,1.0,1001673,3700000.0
1673,1673,0,32.0,14.0,-66.0,3700000.0,1.0,1001674,3700000.0
1674,1674,0,34.0,14.0,-66.0,3700000.0,1.0,1001675,3700000.0
1675,1675,0,36.0,14.0,-66.0,3700000.0,1.0,1001676,3700000.0
1676,1676,0,38.0,14.0,-66.0,3700000.0,1.0,1001677,3700000.0
1677,1677,0,40.0,14.0,-66.0,3700000.0,1.0,1001678,3700000.0
1678,1678,0,42.0,14.0,-66.0,3700000.0,1.0,1001679,3700000.0
1679,1679,0,44.0,14.0,-66.0,3700000.0,1.0,1001680,3700000.0
1680,1680,0,46.0,14.0,-66.0,3700000.0,1.0,1001681,3700000.0
1681,1681,0,48.0,14.0,-66.0,3700000.0,1.0,1001682,3700000.0
1682,1682,0,50.0,14.0,-66.0,3700000.0,1.0,1001683,3700000.0
1683,1683,0,-50.0,16.0,-66.0,3700000.0,1.0,1001684,3700000.0
1684,1684,0,-48.0,16.0,-66.0,3700000.0,1.0,1001685,3700000.0
1685,1685,0,-46.0,16.0,-66.0,3700000.0,1.0,1001686,3700000.0
1686,1686,0,-44.0,16.0,-66.0,3700000.0,1.0,1001687,3700000.0
1687,1687,0,-42.0,16.0,-66.0,3700000.0,1.0,1001688,3700000.0
1688,1688,0,-40.0,16.0,-66.0,3700000.0,1.0,1001689,3700000.0
1689,1689,0,-38.0,16.0,-66.0,3700000.0,1.0,1001690,3700000.0
1690,1690,0,-36.0,16.0,-66.0,3700000.0,1.0,1001691,3700000.0
1691,1691,0,-34.0,16.0,-66.0,3700000.0,1.0,1001692,3700000.0
1692,1692,0,-32.0,16.0,-66.0,3700000.0,1.0,1001693,3700000.0
1693,1693,0,-30.0,16.0,-66.0,3700000.0,1.0,1001694,3700000.0
1694,1694,0,-28.0,16.0,-66.0,3700000.0,1.0,1001695,3700000.0
1695,1695,0,-26.0,16.0,-66.0,3700000.0,1.0,1001696,3700000.0
1696,1696,0,-24.0,16.0,-66.0,3700000.0,1.0,1001697,3700000.0
1697,1697,0,-22.0,16.0,-66.0,3700000.0,1.0,1001698,3700000.0
1698,1698,0,-20.0,16.0,-66.0,3700000.0,1.0,1001699,3700000.0
1699,1699,0,-18.0,16.0,-66.0,3700000.0,1.0,1001700,3700000.0
1700,1700,0,-16.0,16.0,-66.0,3700000.0,1.0,1001701,3700000.0
1701,1701,0,-14.0,16.0,-66.0,3700000.0,1.0,1001702,3700000.0
1702,1702,0,-12.0,16.0,-66.0,3700000.0,1.0,1001703,3700000.0
1703,1703,0,-10.0,16.0,-66.0,3700000.0,1.0,1001704,3700000.0
1704,1704,0,-8.0,16.0,-66.0,3700000.0,1.0,1001705,3700000.0
1705,1705,0,-6.0,16.0,-66.0,3700000.0,1.0,1001706,3700000.0
1706,1706,0,-4.0,16.0,-66.0,3700000.0,1.0,1001707,3700000.0
1707,1707,0,-2.0,16.0,-66.0,3700000.0,1.0,1001708,3700000.0
1708,1708,0,0.0,16.0,-66.0,3700000.0,1.0,1001709,3700000.0
1709,1709,0,2.0,16.0,-66.0,3700000.0,1.0,1001710,3700000.0
1710,1710,0,4.0,16.0,-66.0,3700000.0,1.0,1001711,3700000.0
1711,1711,0,6.0,16.0,-66.0,3700000.0,1.0,1001712,3700000.0
1712,1712,0,8.0,16.0,-66.0,3700000.0,1.0,1001713,3700000.0
1713,1713,0,10.0,16.0,-66.0,3700000.0,1.0,1001714,3700000.0
1714,1714,0,12.0,16.0,-66.0,3700000.0,1.0,1001715,3700000.0
1715,1715,0,14.0,16.0,-66.0,3700000.0,1.0,1001716,3700000.0
1716,1716,0,16.0,16.0,-66.0,3700000.0,1.0,1001717,3700000.0
1717,1717,0,18.0,16.0,-66.0,3700000.0,1.0,1001718,3700000.0
1718,1718,0,20.0,16.0,-66.0,3700000.0,1.0,1001719,3700000.0
1719,1719,0,22.0,16.0,-66.0,3700000.0,1.0,1001720,3700000.0
1720,1720,0,24.0,16.0,-66.0,3700000.0,1.0,1001721,3700000.0
1721,1721,0,26.0,16.0,-66.0,3700000.0,1.0,1001722,3700000.0
1722,1722,0,28.0,16.0,-66.0,3700000.0,1.0,1001723,3700000.0
1723,1723,0,30.0,16.0,-66.0,3700000.0,1.0,1001724,3700000.0
1724,1724,0,32.0,16.0,-66.0,3700000.0,1.0,1001725,3700000.0
1725,1725,0,34.0,16.0,-66.0,3700000.0,1.0,1001726,3700000.0
1726,1726,0,36.0,16.0,-66.0,3700000.0,1.0,1001727,3700000.0
1727,1727,0,38.0,16.0,-66.0,3700000.0,1.0,1001728,3700000.0
1728,1728,0,40.0,16.0,-66.0,3700000.0,1.0,1001729,3700000.0
1729,1729,0,42.0,16.0,-66.0,3700000.0,1.0,1001730,3700000.0
1730,1730,0,44.0,16.0,-66.0,3700000.0,1.0,1001731,3700000.0
1731,1731,0,46.0,16.0,-66.0,3700000.0,1.0,1001732,3700000.0
1732,1732,0,48.0,16.0,-66.0,3700000.0,1.0,1001733,3700000.0
1733,1733,0,50.0,16.0,-66.0,3700000.0,1.0,1001734,3700000.0
1734,1734,0,-50.0,18.0,-66.0,3700000.0,1.0,1001735,3700000.0
1735,1735,0,-48.0,18.0,-66.0,3700000.0,1.0,1001736,3700000.0
1736,1736,0,-46.0,18.0,-66.0,3700000.0,1.0,1001737,3700000.0
1737,1737,0,-44.0,18.0,-66.0,3700000.0,1.0,1001738,3700000.0
1738,1738,0,-42.0,18.0,-66.0,3700000.0,1.0,1001739,3700000.0
1739,1739,0,-40.0,18.0,-66.0,3700000.0,1.0,1001740,3700000.0
1740,1740,0,-38.0,18.0,-66.0,3700000.0,1.0,1001741,3700000.0
1741,1741,0,-36.0,18.0,-66.0,3700000.0,1.0,1001742,3700000.0
1742,1742,0,-34.0,18.0,-66.0,3700000.0,1.0,1001743,3700000.0
1743,1743,0,-32.0,18.0,-66.0,3700000.0,1.0,1001744,3700000.0
1744,1744,0,-30.0,18.0,-66.0,3700000.0,1.0,1001745,3700000.0
1745,1745,0,-28.0,18.0,-66.0,3700000.0,1.0,1001746,3700000.0
1746,1746,0,-26.0,18.0,-66.0,3700000.0,1.0,1001747,3700000.0
1747,1747,0,-24.0,18.0,-66.0,3700000.0,1.0,1001748,3700000.0
1748,1748,0,-22.0,18.0,-66.0,3700000.0,1.0,1001749,3700000.0
1749,1749,0,-20.0,18.0,-66.0,3700000.0,1.0,1001750,3700000.0
1750,1750,0,-18.0,18.0,-66.0,3700000.0,1.0,1001751,3700000.0
1751,1751,0,-16.0,18.0,-66.0,3700000.0,1.0,1001752,3700000.0
1752,1752,0,-14.0,18.0,-66.0,3700000.0,1.0,1001753,3700000.0
1753,1753,0,-12.0,18.0,-66.0,3700000.0,1.0,1001754,3700000.0
1754,1754,0,-10.0,18.0,-66.0,3700000.0,1.0,1001755,3700000.0
1755,1755,0,-8.0,18.0,-66.0,3700000.0,1.0,1001756,3700000.0
1756,1756,0,-6.0,18.0,-66.0,3700000.0,1.0,1001757,3700000.0
1757,1757,0,-4.0,18.0,-66.0,3700000.0,1.0,1001758,3700000.0
1758,1758,0,-2.0,18.0,-66.0,3700000.0,1.0,1001759,3700000.0
1759,1759,0,0.0,18.0,-66.0,3700000.0,1.0,1001760,3700000.0
1760,1760,0,2.0,18.0,-66.0,3700000.0,1.0,1001761,3700000.0
1761,1761,0,4.0,18.0,-66.0,3700000.0,1.0,1001762,3700000.0
1762,1762,0,6.0,18.0,-66.0,3700000.0,1.0,1001763,3700000.0
1763,1763,0,8.0,18.0,-66.0,3700000.0,1.0,1001764,3700000.0
1764,1764,0,10.0,18.0,-66.0,3700000.0,1.0,1001765,3700000.0
1765,1765,0,12.0,18.0,-66.0,3700000.0,1.0,1001766,3700000.0
1766,1766,0,14.0,18.0,-66.0,3700000.0,1.0,1001767,3700000.0
1767,1767,0,16.0,18.0,-66.0,3700000.0,1.0,1001768,3700000.0
1768,1768,0,18.0,18.0,-66.0,3700000.0,1.0,1001769,3700000.0
1769,1769,0,20.0,18.0,-66.0,3700000.0,1.0,1001770,3700000.0
1770,1770,0,22.0,18.0,-66.0,3700000.0,1.0,1001771,3700000.0
1771,1771,0,24.0,18.0,-66.0,3700000.0,1.0,1001772,3700000.0
1772,1772,0,26.0,18.0,-66.0,3700000.0,1.0,1001773,3700000.0
1773,1773,0,28.0,18.0,-66.0,3700000.0,1.0,1001774,3700000.0
1774,1774,0,30.0,18.0,-66.0,3700000.0,1.0,1001775,3700000.0
1775,1775,0,32.0,18.0,-66.0,3700000.0,1.0,1001776,3700000.0
1776,1776,0,34.0,18.0,-66.0,3700000.0,1.0,1001777,3700000.0
1777,1777,0,36.0,18.0,-66.0,3700000.0,1.0,1001778,3700000.0
1778,1778,0,38.0,18.0,-66.0,3700000.0,1.0,1001779,3700000.0
1779,1779,0,40.0,18.0,-66.0,3700000.0,1.0,1001780,3700000.0
1780,1780,0,42.0,18.0,-66.0,3700000.0,1.0,1001781,3700000.0
1781,1781,0,44.0,18.0,-66.0,3700000.0,1.0,1001782,3700000.0
1782,1782,0,46.0,18.0,-66.0,3700000.0,1.0,1001783,3700000.0
1783,1783,0,48.0,18.0,-66.0,3700000.0,1.0,1001784,3700000.0
1784,1784,0,50.0,18.0,-66.0,3700000.0,1.0,1001785,3700000.0
1785,1785,0,-50.0,20.0,-66.0,3700000.0,1.0,1001786,3700000.0
1786,1786,0,-48.0,20.0,-66.0,3700000.0,1.0,1001787,3700000.0
1787,1787,0,-46.0,20.0,-66.0,3700000.0,1.0,1001788,3700000.0
1788,1788,0,-44.0,20.0,-66.0,3700000.0,1.0,1001789,3700000.0
1789,1789,0,-42.0,20.0,-66.0,3700000.0,1.0,1001790,3700000.0
1790,1790,0,-40.0,20.0,-66.0,3700000.0,1.0,1001791,3700000.0
1791,1791,0,-38.0,20.0,-66.0,3700000.0,1.0,1001792,3700000.0
1792,1792,0,-36.0,20.0,-66.0,3700000.0,1.0,1001793,3700000.0
1793,1793,0,-34.0,20.0,-66.0,3700000.0,1.0,1001794,3700000.0
1794,1794,0,-32.0,20.0,-66.0,3700000.0,1.0,1001795,3700000.0
1795,1795,0,-30.0,20.0,-66.0,3700000.0,1.0,1001796,3700000.0
1796,1796,0,-28.0,20.0,-66.0,3700000.0,1.0,1001797,3700000.0
1797,1797,0,-26.0,20.0,-66.0,3700000.0,1.0,1001798,3700000.0
1798,1798,0,-24.0,20.0,-66.0,3700000.0,1.0,1001799,3700000.0
1799,1799,0,-22.0,20.0,-66.0,3700000.0,1.0,1001800,3700000.0
1800,1800,0,-20.0,20.0,-66.0,3700000.0,1.0,1001801,3700000.0
1801,1801,0,-18.0,20.0,-66.0,3700000.0,1.0,1001802,3700000.0
1802,1802,0,-16.0,20.0,-66.0,3700000.0,1.0,1001803,3700000.0
1803,1803,0,-14.0,20.0,-66.0,3700000.0,1.0,1001804,3700000.0
1804,1804,0,-12.0,20.0,-66.0,3700000.0,1.0,1001805,3700000.0
1805,1805,0,-10.0,20.0,-66.0,3700000.0,1.0,1001806,3700000.0
1806,1806,0,-8.0,20.0,-66.0,3700000.0,1.0,1001807,3700000.0
1807,1807,0,-6.0,20.0,-66.0,3700000.0,1.0,1001808,3700000.0
1808,1808,0,-4.0,20.0,-66.0,3700000.0,1.0,1001809,3700000.0
1809,1809,0,-2.0,20.0,-66.0,3700000.0,1.0,1001810,3700000.0
1810,1810,0,0.0,20.0,-66.0,3700000.0,1.0,1001811,3700000.0
1811,1811,0,2.0,20.0,-66.0,3700000.0,1.0,1001812,3700000.0
1812,1812,0,4.0,20.0,-66.0,3700000.0,1.0,1001813,3700000.0
1813,1813,0,6.0,20.0,-66.0,3700000.0,1.0,1001814,3700000.0
1814,1814,0,8.0,20.0,-66.0,3700000.0,1.0,1001815,3700000.0
1815,1815,0,10.0,20.0,-66.0,3700000.0,1.0,1001816,3700000.0
1816,1816,0,12.0,20.0,-66.0,3700000.0,1.0,1001817,3700000.0
1817,1817,0,14.0,20.0,-66.0,3700000.0,1.0,1001818,3700000.0
1818,1818,0,16.0,20.0,-66.0,3700000.0,1.0,1001819,3700000.0
1819,1819,0,18.0,20.0,-66.0,3700000.0,1.0,1001820,3700000.0
1820,1820,0,20.0,20.0,-66.0,3700000.0,1.0,1001821,3700000.0
1821,1821,0,22.0,20.0,-66.0,3700000.0,1.0,1001822,3700000.0
1822,1822,0,24.0,20.0,-66.0,3700000.0,1.0,1001823,3700000.0
1823,1823,0,26.0,20.0,-66.0,3700000.0,1.0,1001824,3700000.0
1824,1824,0,28.0,20.0,-66.0,3700000.0,1.0,1001825,3700000.0
1825,1825,0,30.0,20.0,-66.0,3700000.0,1.0,1001826,3700000.0
1826,1826,0,32.0,20.0,-66.0,3700000.0,1.0,1001827,3700000.0
1827,1827,0,34.0,20.0,-66.0,3700000.0,1.0,1001828,3700000.0
1828,1828,0,36.0,20.0,-66.0,3700000.0,1.0,1001829,3700000.0
1829,1829,0,38.0,20.0,-66.0,3700000.0,1.0,1001830,3700000.0
1830,1830,0,40.0,20.0,-66.0,3700000.0,1.0,1001831,3700000.0
1831,1831,0,42.0,20.0,-66.0,3700000.0,1.0,1001832,3700000.0
1832,1832,0,44.0,20.0,-66.0,3700000.0,1.0,1001833,3700000.0
1833,1833,0,46.0,20.0,-66.0,3700000.0,1.0,1001834,3700000.0
1834,1834,0,48.0,20.0,-66.0,3700000.0,1.0,1001835,3700000.0
1835,1835,0,50.0,20.0,-66.0,3700000.0,1.0,1001836,3700000.0
1836,1836,0,-50.0,22.0,-66.0,3700000.0,1.0,1001837,3700000.0
1837,1837,0,-48.0,22.0,-66.0,3700000.0,1.0,1001838,3700000.0
1838,1838,0,-46.0,22.0,-66.0,3700000.0,1.0,1001839,3700000.0
1839,1839,0,-44.0,22.0,-66.0,3700000.0,1.0,1001840,3700000.0
1840,1840,0,-42.0,22.0,-66.0,3700000.0,1.0,1001841,3700000.0
1841,1841,0,-40.0,22.0,-66.0,3700000.0,1.0,1001842,3700000.0
1842,1842,0,-38.0,22.0,-66.0,3700000.0,1.0,1001843,3700000.0
1843,1843,0,-36.0,22.0,-66.0,3700000.0,1.0,1001844,3700000.0
1844,1844,0,-34.0,22.0,-66.0,3700000.0,1.0,1001845,3700000.0
1845,1845,0,-32.0,22.0,-66.0,3700000.0,1.0,1001846,3700000.0
1846,1846,0,-30.0,22.0,-66.0,3700000.0,1.0,1001847,3700000.0
1847,1847,0,-28.0,22.0,-66.0,3700000.0,1.0,1001848,3700000.0
1848,1848,0,-26.0,22.0,-66.0,3700000.0,1.0,1001849,3700000.0
1849,1849,0,-24.0,22.0,-66.0,3700000.0,1.0,1001850,3700000.0
1850,1850,0,-22.0,22.0,-66.0,3700000.0,1.0,1001851,3700000.0
1851,1851,0,-20.0,22.0,-66.0,3700000.0,1.0,1001852,3700000.0
1852,1852,0,-18.0,22.0,-66.0,3700000.0,1.0,1001853,3700000.0
1853,1853,0,-16.0,22.0,-66.0,3700000.0,1.0,1001854,3700000.0
1854,1854,0,-14.0,22.0,-66.0,3700000.0,1.0,1001855,3700000.0
1855,1855,0,-12.0,22.0,-66.0,3700000.0,1.0,1001856,3700000.0
1856,1856,0,-10.0,22.0,-66.0,3700000.0,1.0,1001857,3700000.0
1857,1857,0,-8.0,22.0,-66.0,3700000.0,1.0,1001858,3700000.0
1858,1858,0,-6.0,22.0,-66.0,3700000.0,1.0,1001859,3700000.0
1859,1859,0,-4.0,22.0,-66.0,3700000.0,1.0,1001860,3700000.0
1860,1860,0,-2.0,22.0,-66.0,3700000.0,1.0,1001861,3700000.0
1861,1861,0,0.0,22.0,-66.0,3700000.0,1.0,1001862,3700000.0
1862,1862,0,2.0,22.0,-66.0,3700000.0,1.0,1001863,3700000.0
1863,1863,0,4.0,22.0,-66.0,3700000.0,1.0,1001864,3700000.0
1864,1864,0,6.0,22.0,-66.0,3700000.0,1.0,1001865,3700000.0
1865,1865,0,8.0,22.0,-66.0,3700000.0,1.0,1001866,3700000.0
1866,1866,0,10.0,22.0,-66.0,3700000.0,1.0,1001867,3700000.0
1867,1867,0,12.0,22.0,-66.0,3700000.0,1.0,1001868,3700000.0
1868,1868,0,14.0,22.0,-66.0,3700000.0,1.0,1001869,3700000.0
1869,1869,0,16.0,22.0,-66.0,3700000.0,1.0,1001870,3700000.0
1870,1870,0,18.0,22.0,-66.0,3700000.0,1.0,1001871,3700000.0
1871,1871,0,20.0,22.0,-66.0,3700000.0,1.0,1001872,3700000.0
1872,1872,0,22.0,22.0,-66.0,3700000.0,1.0,1001873,3700000.0
1873,1873,0,24.0,22.0,-66.0,3700000.0,1.0,1001874,3700000.0
1874,1874,0,26.0,22.0,-66.0,3700000.0,1.0,1001875,3700000.0
1875,1875,0,28.0,22.0,-66.0,3700000.0,1.0,1001876,3700000.0
1876,1876,0,30.0,22.0,-66.0,3700000.0,1.0,1001877,3700000.0
1877,1877,0,32.0,22.0,-66.0,3700000.0,1.0,1001878,3700000.0
1878,1878,0,34.0,22.0,-66.0,3700000.0,1.0,1001879,3700000.0
1879,1879,0,36.0,22.0,-66.0,3700000.0,1.0,1001880,3700000.0
1880,1880,0,38.0,22.0,-66.0,3700000.0,1.0,1001881,3700000.0
1881,1881,0,40.0,22.0,-66.0,3700000.0,1.0,1001882,3700000.0
1882,1882,0,42.0,22.0,-66.0,3700000.0,1.0,1001883,3700000.0
1883,1883,0,44.0,22.0,-66.0,3700000.0,1.0,1001884,3700000.0
1884,1884,0,46.0,22.0,-66.0,3700000.0,1.0,1001885,3700000.0
1885,1885,0,48.0,22.0,-66.0,3700000.0,1.0,1001886,3700000.0
1886,1886,0,50.0,22.0,-66.0,3700000.0,1.0,1001887,3700000.0
1887,1887,0,-50.0,24.0,-66.0,3700000.0,1.0,1001888,3700000.0
1888,1888,0,-48.0,24.0,-66.0,3700000.0,1.0,1001889,3700000.0
1889,1889,0,-46.0,24.0,-66.0,3700000.0,1.0,1001890,3700000.0
1890,1890,0,-44.0,24.0,-66.0,3700000.0,1.0,1001891,3700000.0
1891,1891,0,-42.0,24.0,-66.0,3700000.0,1.0,1001892,3700000.0
1892,1892,0,-40.0,24.0,-66.0,3700000.0,1.0,1001893,3700000.0
1893,1893,0,-38.0,24.0,-66.0,3700000.0,1.0,1001894,3700000.0
1894,1894,0,-36.0,24.0,-66.0,3700000.0,1.0,1001895,3700000.0
1895,1895,0,-34.0,24.0,-66.0,3700000.0,1.0,1001896,3700000.0
1896,1896,0,-32.0,24.0,-66.0,3700000.0,1.0,1001897,3700000.0
1897,1897,0,-30.0,24.0,-66.0,3700000.0,1.0,1001898,3700000.0
1898,1898,0,-28.0,24.0,-66.0,3700000.0,1.0,1001899,3700000.0
1899,1899,0,-26.0,24.0,-66.0,3700000.0,1.0,1001900,3700000.0
1900,1900,0,-24.0,24.0,-66.0,3700000.0,1.0,1001901,3700000.0
1901,1901,0,-22.0,24.0,-66.0,3700000.0,1.0,1001902,3700000.0
1902,1902,0,-20.0,24.0,-66.0,3700000.0,1.0,1001903,3700000.0
1903,1903,0,-18.0,24.0,-66.0,3700000.0,1.0,1001904,3700000.0
1904,1904,0,-16.0,24.0,-66.0,3700000.0,1.0,1001905,3700000.0
1905,1905,0,-14.0,24.0,-66.0,3700000.0,1.0,1001906,3700000.0
1906,1906,0,-12.0,24.0,-66.0,3700000.0,1.0,1001907,3700000.0
1907,1907,0,-10.0,24.0,-66.0,3700000.0,1.0,1001908,3700000.0
1908,1908,0,-8.0,24.0,-66.0,3700000.0,1.0,1001909,3700000.0
1909,1909,0,-6.0,24.0,-66.0,3700000.0,1.0,1001910,3700000.0
1910,1910,0,-4.0,24.0,-66.0,3700000.0,1.0,1001911,3700000.0
1911,1911,0,-2.0,24.0,-66.0,3700000.0,1.0,1001912,3700000.0
1912,1912,0,0.0,24.0,-66.0,3700000.0,1.0,1001913,3700000.0
1913,1913,0,2.0,24.0,-66.0,3700000.0,1.0,1001914,3700000.0
1914,1914,0,4.0,24.0,-66.0,3700000.0,1.0,1001915,3700000.0
1915,1915,0,6.0,24.0,-66.0,3700000.0,1.0,1001916,3700000.0
1916,1916,0,8.0,24.0,-66.0,3700000.0,1.0,1001917,3700000.0
1917,1917,0,10.0,24.0,-66.0,3700000.0,1.0,1001918,3700000.0
1918,1918,0,12.0,24.0,-66.0,3700000.0,1.0,1001919,3700000.0
1919,1919,0,14.0,24.0,-66.0,3700000.0,1.0,1001920,3700000.0
1920,1920,0,16.0,24.0,-66.0,3700000.0,1.0,1001921,3700000.0
1921,1921,0,18.0,24.0,-66.0,3700000.0,1.0,1001922,3700000.0
1922,1922,0,20.0,24.0,-66.0,3700000.0,1.0,1001923,3700000.0
1923,1923,0,22.0,24.0,-66.0,3700000.0,1.0,1001924,3700000.0
1924,1924,0,24.0,24.0,-66.0,3700000.0,1.0,1001925,3700000.0
1925,1925,0,26.0,24.0,-66.0,3700000.0,1.0,1001926,3700000.0
1926,1926,0,28.0,24.0,-66.0,3700000.0,1.0,1001927,3700000.0
1927,1927,0,30.0,24.0,-66.0,3700000.0,1.0,1001928,3700000.0
1928,1928,0,32.0,24.0,-66.0,3700000.0,1.0,1001929,3700000.0
1929,1929,0,34.0,24.0,-66.0,3700000.0,1.0,1001930,3700000.0
1930,1930,0,36.0,24.0,-66.0,3700000.0,1.0,1001931,3700000.0
1931,1931,0,38.0,24.0,-66.0,3700000.0,1.0,1001932,3700000.0
1932,1932,0,40.0,24.0,-66.0,3700000.0,1.0,1001933,3700000.0
1933,1933,0,42.0,24.0,-66.0,3700000.0,1.0,1001934,3700000.0
1934,1934,0,44.0,24.0,-66.0,3700000.0,1.0,1001935,3700000.0
1935,1935,0,46.0,24.0,-66.0,3700000.0,1.0,1001936,3700000.0
1936,1936,0,48.0,24.0,-66.0,3700000.0,1.0,1001937,3700000.0
1937,1937,0,50.0,24.0,-66.0,3700000.0,1.0,1001938,3700000.0
1938,1938,0,-50.0,26.0,-66.0,3700000.0,1.0,1001939,3700000.0
1939,1939,0,-48.0,26.0,-66.0,3700000.0,1.0,1001940,3700000.0
1940,1940,0,-46.0,26.0,-66.0,3700000.0,1.0,1001941,3700000.0
1941,1941,0,-44.0,26.0,-66.0,3700000.0,1.0,1001942,3700000.0
1942,1942,0,-42.0,26.0,-66.0,3700000.0,1.0,1001943,3700000.0
1943,1943,0,-40.0,26.0,-66.0,3700000.0,1.0,1001944,3700000.0
1944,1944,0,-38.0,26.0,-66.0,3700000.0,1.0,1001945,3700000.0
1945,1945,0,-36.0,26.0,-66.0,3700000.0,1.0,1001946,3700000.0
1946,1946,0,-34.0,26.0,-66.0,3700000.0,1.0,1001947,3700000.0
1947,1947,0,-32.0,26.0,-66.0,3700000.0,1.0,1001948,3700000.0
1948,1948,0,-30.0,26.0,-66.0,3700000.0,1.0,1001949,3700000.0
1949,1949,0,-28.0,26.0,-66.0,3700000.0,1.0,1001950,3700000.0
1950,1950,0,-26.0,26.0,-66.0,3700000.0,1.0,1001951,3700000.0
1951,1951,0,-24.0,26.0,-66.0,3700000.0,1.0,1001952,3700000.0
1952,1952,0,-22.0,26.0,-66.0,3700000.0,1.0,1001953,3700000.0
1953,1953,0,-20.0,26.0,-66.0,3700000.0,1.0,1001954,3700000.0
1954,1954,0,-18.0,26.0,-66.0,3700000.0,1.0,1001955,3700000.0
1955,1955,0,-16.0,26.0,-66.0,3700000.0,1.0,1001956,3700000.0
1956,1956,0,-14.0,26.0,-66.0,3700000.0,1.0,1001957,3700000.0
1957,1957,0,-12.0,26.0,-66.0,3700000.0,1.0,1001958,3700000.0
1958,1958,0,-10.0,26.0,-66.0,3700000.0,1.0,1001959,3700000.0
1959,1959,0,-8.0,26.0,-66.0,3700000.0,1.0,1001960,3700000.0
1960,1960,0,-6.0,26.0,-66.0,3700000.0,1.0,1001961,3700000.0
1961,1961,0,-4.0,26.0,-66.0,3700000.0,1.0,1001962,3700000.0
1962,1962,0,-2.0,26.0,-66.0,3700000.0,1.0,1001963,3700000.0
1963,1963,0,0.0,26.0,-66.0,3700000.0,1.0,1001964,3700000.0
1964,1964,0,2.0,26.0,-66.0,3700000.0,1.0,1001965,3700000.0
1965,1965,0,4.0,26.0,-66.0,3700000.0,1.0,1001966,3700000.0
1966,1966,0,6.0,26.0,-66.0,3700000.0,1.0,1001967,3700000.0
1967,1967,0,8.0,26.0,-66.0,3700000.0,1.0,1001968,3700000.0
1968,1968,0,10.0,26.0,-66.0,3700000.0,1.0,1001969,3700000.0
1969,1969,0,12.0,26.0,-66.0,3700000.0,1.0,1001970,3700000.0
1970,1970,0,14.0,26.0,-66.0,3700000.0,1.0,1001971,3700000.0
1971,1971,0,16.0,26.0,-66.0,3700000.0,1.0,1001972,3700000.0
1972,1972,0,18.0,26.0,-66.0,3700000.0,1.0,1001973,3700000.0
1973,1973,0,20.0,26.0,-66.0,3700000.0,1.0,1001974,3700000.0
1974,1974,0,22.0,26.0,-66.0,3700000.0,1.0,1001975,3700000.0
1975,1975,0,24.0,26.0,-66.0,3700000.0,1.0,1001976,3700000.0
1976,1976,0,26.0,26.0,-66.0,3700000.0,1.0,1001977,3700000.0
1977,1977,0,28.0,26.0,-66.0,3700000.0,1.0,1001978,3700000.0
1978,1978,0,30.0,26.0,-66.0,3700000.0,1.0,1001979,3700000.0
1979,1979,0,32.0,26.0,-66.0,3700000.0,1.0,1001980,3700000.0
1980,1980,0,34.0,26.0,-66.0,3700000.0,1.0,1001981,3700000.0
1981,1981,0,36.0,26.0,-66.0,3700000.0,1.0,1001982,3700000.0
1982,1982,0,38.0,26.0,-66.0,3700000.0,1.0,1001983,3700000.0
1983,1983,0,40.0,26.0,-66.0,3700000.0,1.0,1001984,3700000.0
1984,1984,0,42.0,26.0,-66.0,3700000.0,1.0,1001985,3700000.0
1985,1985,0,44.0,26.0,-66.0,3700000.0,1.0,1001986,3700000.0
1986,1986,0,46.0,26.0,-66.0,3700000.0,1.0,1001987,3700000.0
1987,1987,0,48.0,26.0,-66.0,3700000.0,1.0,1001988,3700000.0
1988,1988,0,50.0,26.0,-66.0,3700000.0,1.0,1001989,3700000.0
1989,1989,0,-50.0,28.0,-66.0,3700000.0,1.0,1001990,3700000.0
1990,1990,0,-48.0,28.0,-66.0,3700000.0,1.0,1001991,3700000.0
1991,1991,0,-46.0,28.0,-66.0,3700000.0,1.0,1001992,3700000.0
1992,1992,0,-44.0,28.0,-66.0,3700000.0,1.0,1001993,3700000.0
1993,1993,0,-42.0,28.0,-66.0,3700000.0,1.0,1001994,3700000.0
1994,1994,0,-40.0,28.0,-66.0,3700000.0,1.0,1001995,3700000.0
1995,1995,0,-38.0,28.0,-66.0,3700000.0,1.0,1001996,3700000.0
1996,1996,0,-36.0,28.0,-66.0,3700000.0,1.0,1001997,3700000.0
1997,1997,0,-34.0,28.0,-66.0,3700000.0,1.0,1001998,3700000.0
1998,1998,0,-32.0,28.0,-66.0,3700000.0,1.0,1001999,3700000.0
1999,1999,0,-30.0,28.0,-66.0,3700000.0,1.0,1002000,3700000.0
2000,2000,0,-28.0,28.0,-66.0,3700000.0,1.0,1002001,3700000.0
2001,2001,0,-26.0,28.0,-66.0,3700000.0,1.0,1002002,3700000.0
2002,2002,0,-24.0,28.0,-66.0,3700000.0,1.0,1002003,3700000.0
2003,2003,0,-22.0,28.0,-66.0,3700000.0,1.0,1002004,3700000.0
2004,2004,0,-20.0,28.0,-66.0,3700000.0,1.0,1002005,3700000.0
2005,2005,0,-18.0,28.0,-66.0,3700000.0,1.0,1002006,3700000.0
2006,2006,0,-16.0,28.0,-66.0,3700000.0,1.0,1002007,3700000.0
2007,2007,0,-14.0,28.0,-66.0,3700000.0,1.0,1002008,3700000.0
2008,2008,0,-12.0,28.0,-66.0,3700000.0,1.0,1002009,3700000.0
2009,2009,0,-10.0,28.0,-66.0,3700000.0,1.0,1002010,3700000.0
2010,2010,0,-8.0,28.0,-66.0,3700000.0,1.0,1002011,3700000.0
2011,2011,0,-6.0,28.0,-66.0,3700000.0,1.0,1002012,3700000.0
2012,2012,0,-4.0,28.0,-66.0,3700000.0,1.0,1002013,3700000.0
2013,2013,0,-2.0,28.0,-66.0,3700000.0,1.0,1002014,3700000.0
2014,2014,0,0.0,28.0,-66.0,3700000.0,1.0,1002015,3700000.0
2015,2015,0,2.0,28.0,-66.0,3700000.0,1.0,1002016,3700000.0
2016,2016,0,4.0,28.0,-66.0,3700000.0,1.0,1002017,3700000.0
2017,2017,0,6.0,28.0,-66.0,3700000.0,1.0,1002018,3700000.0
2018,2018,0,8.0,28.0,-66.0,3700000.0,1.0,1002019,3700000.0
2019,2019,0,10.0,28.0,-66.0,3700000.0,1.0,1002020,3700000.0
2020,2020,0,12.0,28.0,-66.0,3700000.0,1.0,1002021,3700000.0
2021,2021,0,14.0,28.0,-66.0,3700000.0,1.0,1002022,3700000.0
2022,2022,0,16.0,28.0,-66.0,3700000.0,1.0,1002023,3700000.0
2023,2023,0,18.0,28.0,-66.0,3700000.0,1.0,1002024,3700000.0
2024,2024,0,20.0,28.0,-66.0,3700000.0,1.0,1002025,3700000.0
2025,2025,0,22.0,28.0,-66.0,3700000.0,1.0,1002026,3700000.0
2026,2026,0,24.0,28.0,-66.0,3700000.0,1.0,1002027,3700000.0
2027,2027,0,26.0,28.0,-66.0,3700000.0,1.0,1002028,3700000.0
2028,2028,0,28.0,28.0,-66.0,3700000.0,1.0,1002029,3700000.0
2029,2029,0,30.0,28.0,-66.0,3700000.0,1.0,1002030,3700000.0
2030,2030,0,32.0,28.0,-66.0,3700000.0,1.0,1002031,3700000.0
2031,2031,0,34.0,28.0,-66.0,3700000.0,1.0,1002032,3700000.0
2032,2032,0,36.0,28.0,-66.0,3700000.0,1.0,1002033,3700000.0
2033,2033,0,38.0,28.0,-66.0,3700000.0,1.0,1002034,3700000.0
2034,2034,0,40.0,28.0,-66.0,3700000.0,1.0,1002035,3700000.0
2035,2035,0,42.0,28.0,-66.0,3700000.0,1.0,1002036,3700000.0
2036,2036,0,44.0,28.0,-66.0,3700000.0,1.0,1002037,3700000.0
2037,2037,0,46.0,28.0,-66.0,3700000.0,1.0,1002038,3700000.0
2038,2038,0,48.0,28.0,-66.0,3700000.0,1.0,1002039,3700000.0
2039,2039,0,50.0,28.0,-66.0,3700000.0,1.0,1002040,3700000.0
2040,2040,0,-50.0,30.0,-66.0,3700000.0,1.0,1002041,3700000.0
2041,2041,0,-48.0,30.0,-66.0,3700000.0,1.0,1002042,3700000.0
2042,2042,0,-46.0,30.0,-66.0,3700000.0,1.0,1002043,3700000.0
2043,2043,0,-44.0,30.0,-66.0,3700000.0,1.0,1002044,3700000.0
2044,2044,0,-42.0,30.0,-66.0,3700000.0,1.0,1002045,3700000.0
2045,2045,0,-40.0,30.0,-66.0,3700000.0,1.0,1002046,3700000.0
2046,2046,0,-38.0,30.0,-66.0,3700000.0,1.0,1002047,3700000.0
2047,2047,0,-36.0,30.0,-66.0,3700000.0,1.0,1002048,3700000.0
2048,2048,0,-34.0,30.0,-66.0,3700000.0,1.0,1002049,3700000.0
2049,2049,0,-32.0,30.0,-66.0,3700000.0,1.0,1002050,3700000.0
2050,2050,0,-30.0,30.0,-66.0,3700000.0,1.0,1002051,3700000.0
2051,2051,0,-28.0,30.0,-66.0,3700000.0,1.0,1002052,3700000.0
2052,2052,0,-26.0,30.0,-66.0,3700000.0,1.0,1002053,3700000.0
2053,2053,0,-24.0,30.0,-66.0,3700000.0,1.0,1002054,3700000.0
2054,2054,0,-22.0,30.0,-66.0,3700000.0,1.0,1002055,3700000.0
2055,2055,0,-20.0,30.0,-66.0,3700000.0,1.0,1002056,3700000.0
2056,2056,0,-18.0,30.0,-66.0,3700000.0,1.0,1002057,3700000.0
2057,2057,0,-16.0,30.0,-66.0,3700000.0,1.0,1002058,3700000.0
2058,2058,0,-14.0,30.0,-66.0,3700000.0,1.0,1002059,3700000.0
2059,2059,0,-12.0,30.0,-66.0,3700000.0,1.0,1002060,3700000.0
2060,2060,0,-10.0,30.0,-66.0,3700000.0,1.0,1002061,3700000.0
2061,2061,0,-8.0,30.0,-66.0,3700000.0,1.0,1002062,3700000.0
2062,2062,0,-6.0,30.0,-66.0,3700000.0,1.0,1002063,3700000.0
2063,2063,0,-4.0,30.0,-66.0,3700000.0,1.0,1002064,3700000.0
2064,2064,0,-2.0,30.0,-66.0,3700000.0,1.0,1002065,3700000.0
2065,2065,0,0.0,30.0,-66.0,3700000.0,1.0,1002066,3700000.0
2066,2066,0,2.0,30.0,-66.0,3700000.0,1.0,1002067,3700000.0
2067,2067,0,4.0,30.0,-66.0,3700000.0,1.0,1002068,3700000.0
2068,2068,0,6.0,30.0,-66.0,3700000.0,1.0,1002069,3700000.0
2069,2069,0,8.0,30.0,-66.0,3700000.0,1.0,1002070,3700000.0
2070,2070,0,10.0,30.0,-66.0,3700000.0,1.0,1002071,3700000.0
2071,2071,0,12.0,30.0,-66.0,3700000.0,1.0,1002072,3700000.0
2072,2072,0,14.0,30.0,-66.0,3700000.0,1.0,1002073,3700000.0
2073,2073,0,16.0,30.0,-66.0,3700000.0,1.0,1002074,3700000.0
2074,2074,0,18.0,30.0,-66.0,3700000.0,1.0,1002075,3700000.0
2075,2075,0,20.0,30.0,-66.0,3700000.0,1.0,1002076,3700000.0
2076,2076,0,22.0,30.0,-66.0,3700000.0,1.0,1002077,3700000.0
2077,2077,0,24.0,30.0,-66.0,3700000.0,1.0,1002078,3700000.0
2078,2078,0,26.0,30.0,-66.0,3700000.0,1.0,1002079,3700000.0
2079,2079,0,28.0,30.0,-66.0,3700000.0,1.0,1002080,3700000.0
2080,2080,0,30.0,30.0,-66.0,3700000.0,1.0,1002081,3700000.0
2081,2081,0,32.0,30.0,-66.0,3700000.0,1.0,1002082,3700000.0
2082,2082,0,34.0,30.0,-66.0,3700000.0,1.0,1002083,3700000.0
2083,2083,0,36.0,30.0,-66.0,3700000.0,1.0,1002084,3700000.0
2084,2084,0,38.0,30.0,-66.0,3700000.0,1.0,1002085,3700000.0
2085,2085,0,40.0,30.0,-66.0,3700000.0,1.0,1002086,3700000.0
2086,2086,0,42.0,30.0,-66.0,3700000.0,1.0,1002087,3700000.0
2087,2087,0,44.0,30.0,-66.0,3700000.0,1.0,1002088,3700000.0
2088,2088,0,46.0,30.0,-66.0,3700000.0,1.0,1002089,3700000.0
2089,2089,0,48.0,30.0,-66.0,3700000.0,1.0,1002090,3700000.0
2090,2090,0,50.0,30.0,-66.0,3700000.0,1.0,1002091,3700000.0
2091,2091,0,-50.0,32.0,-66.0,3700000.0,1.0,1002092,3700000.0
2092,2092,0,-48.0,32.0,-66.0,3700000.0,1.0,1002093,3700000.0
2093,2093,0,-46.0,32.0,-66.0,3700000.0,1.0,1002094,3700000.0
2094,2094,0,-44.0,32.0,-66.0,3700000.0,1.0,1002095,3700000.0
2095,2095,0,-42.0,32.0,-66.0,3700000.0,1.0,1002096,3700000.0
2096,2096,0,-40.0,32.0,-66.0,3700000.0,1.0,1002097,3700000.0
2097,2097,0,-38.0,32.0,-66.0,3700000.0,1.0,1002098,3700000.0
2098,2098,0,-36.0,32.0,-66.0,3700000.0,1.0,1002099,3700000.0
2099,2099,0,-34.0,32.0,-66.0,3700000.0,1.0,1002100,3700000.0
2100,2100,0,-32.0,32.0,-66.0,3700000.0,1.0,1002101,3700000.0
2101,2101,0,-30.0,32.0,-66.0,3700000.0,1.0,1002102,3700000.0
2102,2102,0,-28.0,32.0,-66.0,3700000.0,1.0,1002103,3700000.0
2103,2103,0,-26.0,32.0,-66.0,3700000.0,1.0,1002104,3700000.0
2104,2104,0,-24.0,32.0,-66.0,3700000.0,1.0,1002105,3700000.0
2105,2105,0,-22.0,32.0,-66.0,3700000.0,1.0,1002106,3700000.0
2106,2106,0,-20.0,32.0,-66.0,3700000.0,1.0,1002107,3700000.0
2107,2107,0,-18.0,32.0,-66.0,3700000.0,1.0,1002108,3700000.0
2108,2108,0,-16.0,32.0,-66.0,3700000.0,1.0,1002109,3700000.0
2109,2109,0,-14.0,32.0,-66.0,3700000.0,1.0,1002110,3700000.0
2110,2110,0,-12.0,32.0,-66.0,3700000.0,1.0,1002111,3700000.0
2111,2111,0,-10.0,32.0,-66.0,3700000.0,1.0,1002112,3700000.0
2112,2112,0,-8.0,32.0,-66.0,3700000.0,1.0,1002113,3700000.0
2113,2113,0,-6.0,32.0,-66.0,3700000.0,1.0,1002114,3700000.0
2114,2114,0,-4.0,32.0,-66.0,3700000.0,1.0,1002115,3700000.0
2115,2115,0,-2.0,32.0,-66.0,3700000.0,1.0,1002116,3700000.0
2116,2116,0,0.0,32.0,-66.0,3700000.0,1.0,1002117,3700000.0
2117,2117,0,2.0,32.0,-66.0,3700000.0,1.0,1002118,3700000.0
2118,2118,0,4.0,32.0,-66.0,3700000.0,1.0,1002119,3700000.0
2119,2119,0,6.0,32.0,-66.0,3700000.0,1.0,1002120,3700000.0
2120,2120,0,8.0,32.0,-66.0,3700000.0,1.0,1002121,3700000.0
2121,2121,0,10.0,32.0,-66.0,3700000.0,1.0,1002122,3700000.0
2122,2122,0,12.0,32.0,-66.0,3700000.0,1.0,1002123,3700000.0
2123,2123,0,14.0,32.0,-66.0,3700000.0,1.0,1002124,3700000.0
2124,2124,0,16.0,32.0,-66.0,3700000.0,1.0,1002125,3700000.0
2125,2125,0,18.0,32.0,-66.0,3700000.0,1.0,1002126,3700000.0
2126,2126,0,20.0,32.0,-66.0,3700000.0,1.0,1002127,3700000.0
2127,2127,0,22.0,32.0,-66.0,3700000.0,1.0,1002128,3700000.0
2128,2128,0,24.0,32.0,-66.0,3700000.0,1.0,1002129,3700000.0
2129,2129,0,26.0,32.0,-66.0,3700000.0,1.0,1002130,3700000.0
2130,2130,0,28.0,32.0,-66.0,3700000.0,1.0,1002131,3700000.0
2131,2131,0,30.0,32.0,-66.0,3700000.0,1.0,1002132,3700000.0
2132,2132,0,32.0,32.0,-66.0,3700000.0,1.0,1002133,3700000.0
2133,2133,0,34.0,32.0,-66.0,3700000.0,1.0,1002134,3700000.0
2134,2134,0,36.0,32.0,-66.0,3700000.0,1.0,1002135,3700000.0
2135,2135,0,38.0,32.0,-66.0,3700000.0,1.0,1002136,3700000.0
2136,2136,0,40.0,32.0,-66.0,3700000.0,1.0,1002137,3700000.0
2137,2137,0,42.0,32.0,-66.0,3700000.0,1.0,1002138,3700000.0
2138,2138,0,44.0,32.0,-66.0,3700000.0,1.0,1002139,3700000.0
2139,2139,0,46.0,32.0,-66.0,3700000.0,1.0,1002140,3700000.0
2140,2140,0,48.0,32.0,-66.0,3700000.0,1.0,1002141,3700000.0
2141,2141,0,50.0,32.0,-66.0,3700000.0,1.0,1002142,3700000.0
2142,2142,0,-50.0,34.0,-66.0,3700000.0,1.0,1002143,3700000.0
2143,2143,0,-48.0,34.0,-66.0,3700000.0,1.0,1002144,3700000.0
2144,2144,0,-46.0,34.0,-66.0,3700000.0,1.0,1002145,3700000.0
2145,2145,0,-44.0,34.0,-66.0,3700000.0,1.0,1002146,3700000.0
2146,2146,0,-42.0,34.0,-66.0,3700000.0,1.0,1002147,3700000.0
2147,2147,0,-40.0,34.0,-66.0,3700000.0,1.0,1002148,3700000.0
2148,2148,0,-38.0,34.0,-66.0,3700000.0,1.0,1002149,3700000.0
2149,2149,0,-36.0,34.0,-66.0,3700000.0,1.0,1002150,3700000.0
2150,2150,0,-34.0,34.0,-66.0,3700000.0,1.0,1002151,3700000.0
2151,2151,0,-32.0,34.0,-66.0,3700000.0,1.0,1002152,3700000.0
2152,2152,0,-30.0,34.0,-66.0,3700000.0,1.0,1002153,3700000.0
2153,2153,0,-28.0,34.0,-66.0,3700000.0,1.0,1002154,3700000.0
2154,2154,0,-26.0,34.0,-66.0,3700000.0,1.0,1002155,3700000.0
2155,2155,0,-24.0,34.0,-66.0,3700000.0,1.0,1002156,3700000.0
2156,2156,0,-22.0,34.0,-66.0,3700000.0,1.0,1002157,3700000.0
2157,2157,0,-20.0,34.0,-66.0,3700000.0,1.0,1002158,3700000.0
2158,2158,0,-18.0,34.0,-66.0,3700000.0,1.0,1002159,3700000.0
2159,2159,0,-16.0,34.0,-66.0,3700000.0,1.0,1002160,3700000.0
2160,2160,0,-14.0,34.0,-66.0,3700000.0,1.0,1002161,3700000.0
2161,2161,0,-12.0,34.0,-66.0,3700000.0,1.0,1002162,3700000.0
2162,2162,0,-10.0,34.0,-66.0,3700000.0,1.0,1002163,3700000.0
2163,2163,0,-8.0,34.0,-66.0,3700000.0,1.0,1002164,3700000.0
2164,2164,0,-6.0,34.0,-66.0,3700000.0,1.0,1002165,3700000.0
2165,2165,0,-4.0,34.0,-66.0,3700000.0,1.0,1002166,3700000.0
2166,2166,0,-2.0,34.0,-66.0,3700000.0,1.0,1002167,3700000.0
2167,2167,0,0.0,34.0,-66.0,3700000.0,1.0,1002168,3700000.0
2168,2168,0,2.0,34.0,-66.0,3700000.0,1.0,1002169,3700000.0
2169,2169,0,4.0,34.0,-66.0,3700000.0,1.0,1002170,3700000.0
2170,2170,0,6.0,34.0,-66.0,3700000.0,1.0,1002171,3700000.0
2171,2171,0,8.0,34.0,-66.0,3700000.0,1.0,1002172,3700000.0
2172,2172,0,10.0,34.0,-66.0,3700000.0,1.0,1002173,3700000.0
2173,2173,0,12.0,34.0,-66.0,3700000.0,1.0,1002174,3700000.0
2174,2174,0,14.0,34.0,-66.0,3700000.0,1.0,1002175,3700000.0
2175,2175,0,16.0,34.0,-66.0,3700000.0,1.0,1002176,3700000.0
2176,2176,0,18.0,34.0,-66.0,3700000.0,1.0,1002177,3700000.0
2177,2177,0,20.0,34.0,-66.0,3700000.0,1.0,1002178,3700000.0
2178,2178,0,22.0,34.0,-66.0,3700000.0,1.0,1002179,3700000.0
2179,2179,0,24.0,34.0,-66.0,3700000.0,1.0,1002180,3700000.0
2180,2180,0,26.0,34.0,-66.0,3700000.0,1.0,1002181,3700000.0
2181,2181,0,28.0,34.0,-66.0,3700000.0,1.0,1002182,3700000.0
2182,2182,0,30.0,34.0,-66.0,3700000.0,1.0,1002183,3700000.0
2183,2183,0,32.0,34.0,-66.0,3700000.0,1.0,1002184,3700000.0
2184,2184,0,34.0,34.0,-66.0,3700000.0,1.0,1002185,3700000.0
2185,2185,0,36.0,34.0,-66.0,3700000.0,1.0,1002186,3700000.0
2186,2186,0,38.0,34.0,-66.0,3700000.0,1.0,1002187,3700000.0
2187,2187,0,40.0,34.0,-66.0,3700000.0,1.0,1002188,3700000.0
2188,2188,0,42.0,34.0,-66.0,3700000.0,1.0,1002189,3700000.0
2189,2189,0,44.0,34.0,-66.0,3700000.0,1.0,1002190,3700000.0
2190,2190,0,46.0,34.0,-66.0,3700000.0,1.0,1002191,3700000.0
2191,2191,0,48.0,34.0,-66.0,3700000.0,1.0,1002192,3700000.0
2192,2192,0,50.0,34.0,-66.0,3700000.0,1.0,1002193,3700000.0
2193,2193,0,-50.0,36.0,-66.0,3700000.0,1.0,1002194,3700000.0
2194,2194,0,-48.0,36.0,-66.0,3700000.0,1.0,1002195,3700000.0
2195,2195,0,-46.0,36.0,-66.0,3700000.0,1.0,1002196,3700000.0
2196,2196,0,-44.0,36.0,-66.0,3700000.0,1.0,1002197,3700000.0
2197,2197,0,-42.0,36.0,-66.0,3700000.0,1.0,1002198,3700000.0
2198,2198,0,-40.0,36.0,-66.0,3700000.0,1.0,1002199,3700000.0
2199,2199,0,-38.0,36.0,-66.0,3700000.0,1.0,1002200,3700000.0
2200,2200,0,-36.0,36.0,-66.0,3700000.0,1.0,1002201,3700000.0
2201,2201,0,-34.0,36.0,-66.0,3700000.0,1.0,1002202,3700000.0
2202,2202,0,-32.0,36.0,-66.0,3700000.0,1.0,1002203,3700000.0
2203,2203,0,-30.0,36.0,-66.0,3700000.0,1.0,1002204,3700000.0
2204,2204,0,-28.0,36.0,-66.0,3700000.0,1.0,1002205,3700000.0
2205,2205,0,-26.0,36.0,-66.0,3700000.0,1.0,1002206,3700000.0
2206,2206,0,-24.0,36.0,-66.0,3700000.0,1.0,1002207,3700000.0
2207,2207,0,-22.0,36.0,-66.0,3700000.0,1.0,1002208,3700000.0
2208,2208,0,-20.0,36.0,-66.0,3700000.0,1.0,1002209,3700000.0
2209,2209,0,-18.0,36.0,-66.0,3700000.0,1.0,1002210,3700000.0
2210,2210,0,-16.0,36.0,-66.0,3700000.0,1.0,1002211,3700000.0
2211,2211,0,-14.0,36.0,-66.0,3700000.0,1.0,1002212,3700000.0
2212,2212,0,-12.0,36.0,-66.0,3700000.0,1.0,1002213,3700000.0
2213,2213,0,-10.0,36.0,-66.0,3700000.0,1.0,1002214,3700000.0
2214,2214,0,-8.0,36.0,-66.0,3700000.0,1.0,1002215,3700000.0
2215,2215,0,-6.0,36.0,-66.0,3700000.0,1.0,1002216,3700000.0
2216,2216,0,-4.0,36.0,-66.0,3700000.0,1.0,1002217,3700000.0
2217,2217,0,-2.0,36.0,-66.0,3700000.0,1.0,1002218,3700000.0
2218,2218,0,0.0,36.0,-66.0,3700000.0,1.0,1002219,3700000.0
2219,2219,0,2.0,36.0,-66.0,3700000.0,1.0,1002220,3700000.0
2220,2220,0,4.0,36.0,-66.0,3700000.0,1.0,1002221,3700000.0
2221,2221,0,6.0,36.0,-66.0,3700000.0,1.0,1002222,3700000.0
2222,2222,0,8.0,36.0,-66.0,3700000.0,1.0,1002223,3700000.0
2223,2223,0,10.0,36.0,-66.0,3700000.0,1.0,1002224,3700000.0
2224,2224,0,12.0,36.0,-66.0,3700000.0,1.0,1002225,3700000.0
2225,2225,0,14.0,36.0,-66.0,3700000.0,1.0,1002226,3700000.0
2226,2226,0,16.0,36.0,-66.0,3700000.0,1.0,1002227,3700000.0
2227,2227,0,18.0,36.0,-66.0,3700000.0,1.0,1002228,3700000.0
2228,2228,0,20.0,36.0,-66.0,3700000.0,1.0,1002229,3700000.0
2229,2229,0,22.0,36.0,-66.0,3700000.0,1.0,1002230,3700000.0
2230,2230,0,24.0,36.0,-66.0,3700000.0,1.0,1002231,3700000.0
2231,2231,0,26.0,36.0,-66.0,3700000.0,1.0,1002232,3700000.0
2232,2232,0,28.0,36.0,-66.0,3700000.0,1.0,1002233,3700000.0
2233,2233,0,30.0,36.0,-66.0,3700000.0,1.0,1002234,3700000.0
2234,2234,0,32.0,36.0,-66.0,3700000.0,1.0,1002235,3700000.0
2235,2235,0,34.0,36.0,-66.0,3700000.0,1.0,1002236,3700000.0
2236,2236,0,36.0,36.0,-66.0,3700000.0,1.0,1002237,3700000.0
2237,2237,0,38.0,36.0,-66.0,3700000.0,1.0,1002238,3700000.0
2238,2238,0,40.0,36.0,-66.0,3700000.0,1.0,1002239,3700000.0
2239,2239,0,42.0,36.0,-66.0,3700000.0,1.0,1002240,3700000.0
2240,2240,0,44.0,36.0,-66.0,3700000.0,1.0,1002241,3700000.0
2241,2241,0,46.0,36.0,-66.0,3700000.0,1.0,1002242,3700000.0
2242,2242,0,48.0,36.0,-66.0,3700000.0,1.0,1002243,3700000.0
2243,2243,0,50.0,36.0,-66.0,3700000.0,1.0,1002244,3700000.0
2244,2244,0,-50.0,38.0,-66.0,3700000.0,1.0,1002245,3700000.0
2245,2245,0,-48.0,38.0,-66.0,3700000.0,1.0,1002246,3700000.0
2246,2246,0,-46.0,38.0,-66.0,3700000.0,1.0,1002247,3700000.0
2247,2247,0,-44.0,38.0,-66.0,3700000.0,1.0,1002248,3700000.0
2248,2248,0,-42.0,38.0,-66.0,3700000.0,1.0,1002249,3700000.0
2249,2249,0,-40.0,38.0,-66.0,3700000.0,1.0,1002250,3700000.0
2250,2250,0,-38.0,38.0,-66.0,3700000.0,1.0,1002251,3700000.0
2251,2251,0,-36.0,38.0,-66.0,3700000.0,1.0,1002252,3700000.0
2252,2252,0,-34.0,38.0,-66.0,3700000.0,1.0,1002253,3700000.0
2253,2253,0,-32.0,38.0,-66.0,3700000.0,1.0,1002254,3700000.0
2254,2254,0,-30.0,38.0,-66.0,3700000.0,1.0,1002255,3700000.0
2255,2255,0,-28.0,38.0,-66.0,3700000.0,1.0,1002256,3700000.0
2256,2256,0,-26.0,38.0,-66.0,3700000.0,1.0,1002257,3700000.0
2257,2257,0,-24.0,38.0,-66.0,3700000.0,1.0,1002258,3700000.0
2258,2258,0,-22.0,38.0,-66.0,3700000.0,1.0,1002259,3700000.0
2259,2259,0,-20.0,38.0,-66.0,3700000.0,1.0,1002260,3700000.0
2260,2260,0,-18.0,38.0,-66.0,3700000.0,1.0,1002261,3700000.0
2261,2261,0,-16.0,38.0,-66.0,3700000.0,1.0,1002262,3700000.0
2262,2262,0,-14.0,38.0,-66.0,3700000.0,1.0,1002263,3700000.0
2263,2263,0,-12.0,38.0,-66.0,3700000.0,1.0,1002264,3700000.0
2264,2264,0,-10.0,38.0,-66.0,3700000.0,1.0,1002265,3700000.0
2265,2265,0,-8.0,38.0,-66.0,3700000.0,1.0,1002266,3700000.0
2266,2266,0,-6.0,38.0,-66.0,3700000.0,1.0,1002267,3700000.0
2267,2267,0,-4.0,38.0,-66.0,3700000.0,1.0,1002268,3700000.0
2268,2268,0,-2.0,38.0,-66.0,3700000.0,1.0,1002269,3700000.0
2269,2269,0,0.0,38.0,-66.0,3700000.0,1.0,1002270,3700000.0
2270,2270,0,2.0,38.0,-66.0,3700000.0,1.0,1002271,3700000.0
2271,2271,0,4.0,38.0,-66.0,3700000.0,1.0,1002272,3700000.0
2272,2272,0,6.0,38.0,-66.0,3700000.0,1.0,1002273,3700000.0
2273,2273,0,8.0,38.0,-66.0,3700000.0,1.0,1002274,3700000.0
2274,2274,0,10.0,38.0,-66.0,3700000.0,1.0,1002275,3700000.0
2275,2275,0,12.0,38.0,-66.0,3700000.0,1.0,1002276,3700000.0
2276,2276,0,14.0,38.0,-66.0,3700000.0,1.0,1002277,3700000.0
2277,2277,0,16.0,38.0,-66.0,3700000.0,1.0,1002278,3700000.0
2278,2278,0,18.0,38.0,-66.0,3700000.0,1.0,1002279,3700000.0
2279,2279,0,20.0,38.0,-66.0,3700000.0,1.0,1002280,3700000.0
2280,2280,0,22.0,38.0,-66.0,3700000.0,1.0,1002281,3700000.0
2281,2281,0,24.0,38.0,-66.0,3700000.0,1.0,1002282,3700000.0
2282,2282,0,26.0,38.0,-66.0,3700000.0,1.0,1002283,3700000.0
2283,2283,0,28.0,38.0,-66.0,3700000.0,1.0,1002284,3700000.0
2284,2284,0,30.0,38.0,-66.0,3700000.0,1.0,1002285,3700000.0
2285,2285,0,32.0,38.0,-66.0,3700000.0,1.0,1002286,3700000.0
2286,2286,0,34.0,38.0,-66.0,3700000.0,1.0,1002287,3700000.0
2287,2287,0,36.0,38.0,-66.0,3700000.0,1.0,1002288,3700000.0
2288,2288,0,38.0,38.0,-66.0,3700000.0,1.0,1002289,3700000.0
2289,2289,0,40.0,38.0,-66.0,3700000.0,1.0,1002290,3700000.0
2290,2290,0,42.0,38.0,-66.0,3700000.0,1.0,1002291,3700000.0
2291,2291,0,44.0,38.0,-66.0,3700000.0,1.0,1002292,3700000.0
2292,2292,0,46.0,38.0,-66.0,3700000.0,1.0,1002293,3700000.0
2293,2293,0,48.0,38.0,-66.0,3700000.0,1.0,1002294,3700000.0
2294,2294,0,50.0,38.0,-66.0,3700000.0,1.0,1002295,3700000.0
2295,2295,0,-50.0,40.0,-66.0,3700000.0,1.0,1002296,3700000.0
2296,2296,0,-48.0,40.0,-66.0,3700000.0,1.0,1002297,3700000.0
2297,2297,0,-46.0,40.0,-66.0,3700000.0,1.0,1002298,3700000.0
2298,2298,0,-44.0,40.0,-66.0,3700000.0,1.0,1002299,3700000.0
2299,2299,0,-42.0,40.0,-66.0,3700000.0,1.0,1002300,3700000.0
2300,2300,0,-40.0,40.0,-66.0,3700000.0,1.0,1002301,3700000.0
2301,2301,0,-38.0,40.0,-66.0,3700000.0,1.0,1002302,3700000.0
2302,2302,0,-36.0,40.0,-66.0,3700000.0,1.0,1002303,3700000.0
2303,2303,0,-34.0,40.0,-66.0,3700000.0,1.0,1002304,3700000.0
2304,2304,0,-32.0,40.0,-66.0,3700000.0,1.0,1002305,3700000.0
2305,2305,0,-30.0,40.0,-66.0,3700000.0,1.0,1002306,3700000.0
2306,2306,0,-28.0,40.0,-66.0,3700000.0,1.0,1002307,3700000.0
2307,2307,0,-26.0,40.0,-66.0,3700000.0,1.0,1002308,3700000.0
2308,2308,0,-24.0,40.0,-66.0,3700000.0,1.0,1002309,3700000.0
2309,2309,0,-22.0,40.0,-66.0,3700000.0,1.0,1002310,3700000.0
2310,2310,0,-20.0,40.0,-66.0,3700000.0,1.0,1002311,3700000.0
2311,2311,0,-18.0,40.0,-66.0,3700000.0,1.0,1002312,3700000.0
2312,2312,0,-16.0,40.0,-66.0,3700000.0,1.0,1002313,3700000.0
2313,2313,0,-14.0,40.0,-66.0,3700000.0,1.0,1002314,3700000.0
2314,2314,0,-12.0,40.0,-66.0,3700000.0,1.0,1002315,3700000.0
2315,2315,0,-10.0,40.0,-66.0,3700000.0,1.0,1002316,3700000.0
2316,2316,0,-8.0,40.0,-66.0,3700000.0,1.0,1002317,3700000.0
2317,2317,0,-6.0,40.0,-66.0,3700000.0,1.0,1002318,3700000.0
2318,2318,0,-4.0,40.0,-66.0,3700000.0,1.0,1002319,3700000.0
2319,2319,0,-2.0,40.0,-66.0,3700000.0,1.0,1002320,3700000.0
2320,2320,0,0.0,40.0,-66.0,3700000.0,1.0,1002321,3700000.0
2321,2321,0,2.0,40.0,-66.0,3700000.0,1.0,1002322,3700000.0
2322,2322,0,4.0,40.0,-66.0,3700000.0,1.0,1002323,3700000.0
2323,2323,0,6.0,40.0,-66.0,3700000.0,1.0,1002324,3700000.0
2324,2324,0,8.0,40.0,-66.0,3700000.0,1.0,1002325,3700000.0
2325,2325,0,10.0,40.0,-66.0,3700000.0,1.0,1002326,3700000.0
2326,2326,0,12.0,40.0,-66.0,3700000.0,1.0,1002327,3700000.0
2327,2327,0,14.0,40.0,-66.0,3700000.0,1.0,1002328,3700000.0
2328,2328,0,16.0,40.0,-66.0,3700000.0,1.0,1002329,3700000.0
2329,2329,0,18.0,40.0,-66.0,3700000.0,1.0,1002330,3700000.0
2330,2330,0,20.0,40.0,-66.0,3700000.0,1.0,1002331,3700000.0
2331,2331,0,22.0,40.0,-66.0,3700000.0,1.0,1002332,3700000.0
2332,2332,0,24.0,40.0,-66.0,3700000.0,1.0,1002333,3700000.0
2333,2333,0,26.0,40.0,-66.0,3700000.0,1.0,1002334,3700000.0
2334,2334,0,28.0,40.0,-66.0,3700000.0,1.0,1002335,3700000.0
2335,2335,0,30.0,40.0,-66.0,3700000.0,1.0,1002336,3700000.0
2336,2336,0,32.0,40.0,-66.0,3700000.0,1.0,1002337,3700000.0
2337,2337,0,34.0,40.0,-66.0,3700000.0,1.0,1002338,3700000.0
2338,2338,0,36.0,40.0,-66.0,3700000.0,1.0,1002339,3700000.0
2339,2339,0,38.0,40.0,-66.0,3700000.0,1.0,1002340,3700000.0
2340,2340,0,40.0,40.0,-66.0,3700000.0,1.0,1002341,3700000.0
2341,2341,0,42.0,40.0,-66.0,3700000.0,1.0,1002342,3700000.0
2342,2342,0,44.0,40.0,-66.0,3700000.0,1.0,1002343,3700000.0
2343,2343,0,46.0,40.0,-66.0,3700000.0,1.0,1002344,3700000.0
2344,2344,0,48.0,40.0,-66.0,3700000.0,1.0,1002345,3700000.0
2345,2345,0,50.0,40.0,-66.0,3700000.0,1.0,1002346,3700000.0
2346,2346,0,-50.0,42.0,-66.0,3700000.0,1.0,1002347,3700000.0
2347,2347,0,-48.0,42.0,-66.0,3700000.0,1.0,1002348,3700000.0
2348,2348,0,-46.0,42.0,-66.0,3700000.0,1.0,1002349,3700000.0
2349,2349,0,-44.0,42.0,-66.0,3700000.0,1.0,1002350,3700000.0
2350,2350,0,-42.0,42.0,-66.0,3700000.0,1.0,1002351,3700000.0
2351,2351,0,-40.0,42.0,-66.0,3700000.0,1.0,1002352,3700000.0
2352,2352,0,-38.0,42.0,-66.0,3700000.0,1.0,1002353,3700000.0
2353,2353,0,-36.0,42.0,-66.0,3700000.0,1.0,1002354,3700000.0
2354,2354,0,-34.0,42.0,-66.0,3700000.0,1.0,1002355,3700000.0
2355,2355,0,-32.0,42.0,-66.0,3700000.0,1.0,1002356,3700000.0
2356,2356,0,-30.0,42.0,-66.0,3700000.0,1.0,1002357,3700000.0
2357,2357,0,-28.0,42.0,-66.0,3700000.0,1.0,1002358,3700000.0
2358,2358,0,-26.0,42.0,-66.0,3700000.0,1.0,1002359,3700000.0
2359,2359,0,-24.0,42.0,-66.0,3700000.0,1.0,1002360,3700000.0
2360,2360,0,-22.0,42.0,-66.0,3700000.0,1.0,1002361,3700000.0
2361,2361,0,-20.0,42.0,-66.0,3700000.0,1.0,1002362,3700000.0
2362,2362,0,-18.0,42.0,-66.0,3700000.0,1.0,1002363,3700000.0
2363,2363,0,-16.0,42.0,-66.0,3700000.0,1.0,1002364,3700000.0
2364,2364,0,-14.0,42.0,-66.0,3700000.0,1.0,1002365,3700000.0
2365,2365,0,-12.0,42.0,-66.0,3700000.0,1.0,1002366,3700000.0
2366,2366,0,-10.0,42.0,-66.0,3700000.0,1.0,1002367,3700000.0
2367,2367,0,-8.0,42.0,-66.0,3700000.0,1.0,1002368,3700000.0
2368,2368,0,-6.0,42.0,-66.0,3700000.0,1.0,1002369,3700000.0
2369,2369,0,-4.0,42.0,-66.0,3700000.0,1.0,1002370,3700000.0
2370,2370,0,-2.0,42.0,-66.0,3700000.0,1.0,1002371,3700000.0
2371,2371,0,0.0,42.0,-66.0,3700000.0,1.0,1002372,3700000.0
2372,2372,0,2.0,42.0,-66.0,3700000.0,1.0,1002373,3700000.0
2373,2373,0,4.0,42.0,-66.0,3700000.0,1.0,1002374,3700000.0
2374,2374,0,6.0,42.0,-66.0,3700000.0,1.0,1002375,3700000.0
2375,2375,0,8.0,42.0,-66.0,3700000.0,1.0,1002376,3700000.0
2376,2376,0,10.0,42.0,-66.0,3700000.0,1.0,1002377,3700000.0
2377,2377,0,12.0,42.0,-66.0,3700000.0,1.0,1002378,3700000.0
2378,2378,0,14.0,42.0,-66.0,3700000.0,1.0,1002379,3700000.0
2379,2379,0,16.0,42.0,-66.0,3700000.0,1.0,1002380,3700000.0
2380,2380,0,18.0,42.0,-66.0,3700000.0,1.0,1002381,3700000.0
2381,2381,0,20.0,42.0,-66.0,3700000.0,1.0,1002382,3700000.0
2382,2382,0,22.0,42.0,-66.0,3700000.0,1.0,1002383,3700000.0
2383,2383,0,24.0,42.0,-66.0,3700000.0,1.0,1002384,3700000.0
2384,2384,0,26.0,42.0,-66.0,3700000.0,1.0,1002385,3700000.0
2385,2385,0,28.0,42.0,-66.0,3700000.0,1.0,1002386,3700000.0
2386,2386,0,30.0,42.0,-66.0,3700000.0,1.0,1002387,3700000.0
2387,2387,0,32.0,42.0,-66.0,3700000.0,1.0,1002388,3700000.0
2388,2388,0,34.0,42.0,-66.0,3700000.0,1.0,1002389,3700000.0
2389,2389,0,36.0,42.0,-66.0,3700000.0,1.0,1002390,3700000.0
2390,2390,0,38.0,42.0,-66.0,3700000.0,1.0,1002391,3700000.0
2391,2391,0,40.0,42.0,-66.0,3700000.0,1.0,1002392,3700000.0
2392,2392,0,42.0,42.0,-66.0,3700000.0,1.0,1002393,3700000.0
2393,2393,0,44.0,42.0,-66.0,3700000.0,1.0,1002394,3700000.0
2394,2394,0,46.0,42.0,-66.0,3700000.0,1.0,1002395,3700000.0
2395,2395,0,48.0,42.0,-66.0,3700000.0,1.0,1002396,3700000.0
2396,2396,0,50.0,42.0,-66.0,3700000.0,1.0,1002397,3700000.0
2397,2397,0,-50.0,44.0,-66.0,3700000.0,1.0,1002398,3700000.0
2398,2398,0,-48.0,44.0,-66.0,3700000.0,1.0,1002399,3700000.0
2399,2399,0,-46.0,44.0,-66.0,3700000.0,1.0,1002400,3700000.0
2400,2400,0,-44.0,44.0,-66.0,3700000.0,1.0,1002401,3700000.0
2401,2401,0,-42.0,44.0,-66.0,3700000.0,1.0,1002402,3700000.0
2402,2402,0,-40.0,44.0,-66.0,3700000.0,1.0,1002403,3700000.0
2403,2403,0,-38.0,44.0,-66.0,3700000.0,1.0,1002404,3700000.0
2404,2404,0,-36.0,44.0,-66.0,3700000.0,1.0,1002405,3700000.0
2405,2405,0,-34.0,44.0,-66.0,3700000.0,1.0,1002406,3700000.0
2406,2406,0,-32.0,44.0,-66.0,3700000.0,1.0,1002407,3700000.0
2407,2407,0,-30.0,44.0,-66.0,3700000.0,1.0,1002408,3700000.0
2408,2408,0,-28.0,44.0,-66.0,3700000.0,1.0,1002409,3700000.0
2409,2409,0,-26.0,44.0,-66.0,3700000.0,1.0,1002410,3700000.0
2410,2410,0,-24.0,44.0,-66.0,3700000.0,1.0,1002411,3700000.0
2411,2411,0,-22.0,44.0,-66.0,3700000.0,1.0,1002412,3700000.0
2412,2412,0,-20.0,44.0,-66.0,3700000.0,1.0,1002413,3700000.0
2413,2413,0,-18.0,44.0,-66.0,3700000.0,1.0,1002414,3700000.0
2414,2414,0,-16.0,44.0,-66.0,3700000.0,1.0,1002415,3700000.0
2415,2415,0,-14.0,44.0,-66.0,3700000.0,1.0,1002416,3700000.0
2416,2416,0,-12.0,44.0,-66.0,3700000.0,1.0,1002417,3700000.0
2417,2417,0,-10.0,44.0,-66.0,3700000.0,1.0,1002418,3700000.0
2418,2418,0,-8.0,44.0,-66.0,3700000.0,1.0,1002419,3700000.0
2419,2419,0,-6.0,44.0,-66.0,3700000.0,1.0,1002420,3700000.0
2420,2420,0,-4.0,44.0,-66.0,3700000.0,1.0,1002421,3700000.0
2421,2421,0,-2.0,44.0,-66.0,3700000.0,1.0,1002422,3700000.0
2422,2422,0,0.0,44.0,-66.0,3700000.0,1.0,1002423,3700000.0
2423,2423,0,2.0,44.0,-66.0,3700000.0,1.0,1002424,3700000.0
2424,2424,0,4.0,44.0,-66.0,3700000.0,1.0,1002425,3700000.0
2425,2425,0,6.0,44.0,-66.0,3700000.0,1.0,1002426,3700000.0
2426,2426,0,8.0,44.0,-66.0,3700000.0,1.0,1002427,3700000.0
2427,2427,0,10.0,44.0,-66.0,3700000.0,1.0,1002428,3700000.0
2428,2428,0,12.0,44.0,-66.0,3700000.0,1.0,1002429,3700000.0
2429,2429,0,14.0,44.0,-66.0,3700000.0,1.0,1002430,3700000.0
2430,2430,0,16.0,44.0,-66.0,3700000.0,1.0,1002431,3700000.0
2431,2431,0,18.0,44.0,-66.0,3700000.0,1.0,1002432,3700000.0
2432,2432,0,20.0,44.0,-66.0,3700000.0,1.0,1002433,3700000.0
2433,2433,0,22.0,44.0,-66.0,3700000.0,1.0,1002434,3700000.0
2434,2434,0,24.0,44.0,-66.0,3700000.0,1.0,1002435,3700000.0
2435,2435,0,26.0,44.0,-66.0,3700000.0,1.0,1002436,3700000.0
2436,2436,0,28.0,44.0,-66.0,3700000.0,1.0,1002437,3700000.0
2437,2437,0,30.0,44.0,-66.0,3700000.0,1.0,1002438,3700000.0
2438,2438,0,32.0,44.0,-66.0,3700000.0,1.0,1002439,3700000.0
2439,2439,0,34.0,44.0,-66.0,3700000.0,1.0,1002440,3700000.0
2440,2440,0,36.0,44.0,-66.0,3700000.0,1.0,1002441,3700000.0
2441,2441,0,38.0,44.0,-66.0,3700000.0,1.0,1002442,3700000.0
2442,2442,0,40.0,44.0,-66.0,3700000.0,1.0,1002443,3700000.0
2443,2443,0,42.0,44.0,-66.0,3700000.0,1.0,1002444,3700000.0
2444,2444,0,44.0,44.0,-66.0,3700000.0,1.0,1002445,3700000.0
2445,2445,0,46.0,44.0,-66.0,3700000.0,1.0,1002446,3700000.0
2446,2446,0,48.0,44.0,-66.0,3700000.0,1.0,1002447,3700000.0
2447,2447,0,50.0,44.0,-66.0,3700000.0,1.0,1002448,3700000.0
2448,2448,0,-50.0,46.0,-66.0,3700000.0,1.0,1002449,3700000.0
2449,2449,0,-48.0,46.0,-66.0,3700000.0,1.0,1002450,3700000.0
2450,2450,0,-46.0,46.0,-66.0,3700000.0,1.0,1002451,3700000.0
2451,2451,0,-44.0,46.0,-66.0,3700000.0,1.0,1002452,3700000.0
2452,2452,0,-42.0,46.0,-66.0,3700000.0,1.0,1002453,3700000.0
2453,2453,0,-40.0,46.0,-66.0,3700000.0,1.0,1002454,3700000.0
2454,2454,0,-38.0,46.0,-66.0,3700000.0,1.0,1002455,3700000.0
2455,2455,0,-36.0,46.0,-66.0,3700000.0,1.0,1002456,3700000.0
2456,2456,0,-34.0,46.0,-66.0,3700000.0,1.0,1002457,3700000.0
2457,2457,0,-32.0,46.0,-66.0,3700000.0,1.0,1002458,3700000.0
2458,2458,0,-30.0,46.0,-66.0,3700000.0,1.0,1002459,3700000.0
2459,2459,0,-28.0,46.0,-66.0,3700000.0,1.0,1002460,3700000.0
2460,2460,0,-26.0,46.0,-66.0,3700000.0,1.0,1002461,3700000.0
2461,2461,0,-24.0,46.0,-66.0,3700000.0,1.0,1002462,3700000.0
2462,2462,0,-22.0,46.0,-66.0,3700000.0,1.0,1002463,3700000.0
2463,2463,0,-20.0,46.0,-66.0,3700000.0,1.0,1002464,3700000.0
2464,2464,0,-18.0,46.0,-66.0,3700000.0,1.0,1002465,3700000.0
2465,2465,0,-16.0,46.0,-66.0,3700000.0,1.0,1002466,3700000.0
2466,2466,0,-14.0,46.0,-66.0,3700000.0,1.0,1002467,3700000.0
2467,2467,0,-12.0,46.0,-66.0,3700000.0,1.0,1002468,3700000.0
2468,2468,0,-10.0,46.0,-66.0,3700000.0,1.0,1002469,3700000.0
2469,2469,0,-8.0,46.0,-66.0,3700000.0,1.0,1002470,3700000.0
2470,2470,0,-6.0,46.0,-66.0,3700000.0,1.0,1002471,3700000.0
2471,2471,0,-4.0,46.0,-66.0,3700000.0,1.0,1002472,3700000.0
2472,2472,0,-2.0,46.0,-66.0,3700000.0,1.0,1002473,3700000.0
2473,2473,0,0.0,46.0,-66.0,3700000.0,1.0,1002474,3700000.0
2474,2474,0,2.0,46.0,-66.0,3700000.0,1.0,1002475,3700000.0
2475,2475,0,4.0,46.0,-66.0,3700000.0,1.0,1002476,3700000.0
2476,2476,0,6.0,46.0,-66.0,3700000.0,1.0,1002477,3700000.0
2477,2477,0,8.0,46.0,-66.0,3700000.0,1.0,1002478,3700000.0
2478,2478,0,10.0,46.0,-66.0,3700000.0,1.0,1002479,3700000.0
2479,2479,0,12.0,46.0,-66.0,3700000.0,1.0,1002480,3700000.0
2480,2480,0,14.0,46.0,-66.0,3700000.0,1.0,1002481,3700000.0
2481,2481,0,16.0,46.0,-66.0,3700000.0,1.0,1002482,3700000.0
2482,2482,0,18.0,46.0,-66.0,3700000.0,1.0,1002483,3700000.0
2483,2483,0,20.0,46.0,-66.0,3700000.0,1.0,1002484,3700000.0
2484,2484,0,22.0,46.0,-66.0,3700000.0,1.0,1002485,3700000.0
2485,2485,0,24.0,46.0,-66.0,3700000.0,1.0,1002486,3700000.0
2486,2486,0,26.0,46.0,-66.0,3700000.0,1.0,1002487,3700000.0
2487,2487,0,28.0,46.0,-66.0,3700000.0,1.0,1002488,3700000.0
2488,2488,0,30.0,46.0,-66.0,3700000.0,1.0,1002489,3700000.0
2489,2489,0,32.0,46.0,-66.0,3700000.0,1.0,1002490,3700000.0
2490,2490,0,34.0,46.0,-66.0,3700000.0,1.0,1002491,3700000.0
2491,2491,0,36.0,46.0,-66.0,3700000.0,1.0,1002492,3700000.0
2492,2492,0,38.0,46.0,-66.0,3700000.0,1.0,1002493,3700000.0
2493,2493,0,40.0,46.0,-66.0,3700000.0,1.0,1002494,3700000.0
2494,2494,0,42.0,46.0,-66.0,3700000.0,1.0,1002495,3700000.0
2495,2495,0,44.0,46.0,-66.0,3700000.0,1.0,1002496,3700000.0
2496,2496,0,46.0,46.0,-66.0,3700000.0,1.0,1002497,3700000.0
2497,2497,0,48.0,46.0,-66.0,3700000.0,1.0,1002498,3700000.0
2498,2498,0,50.0,46.0,-66.0,3700000.0,1.0,1002499,3700000.0
2499,2499,0,-50.0,48.0,-66.0,3700000.0,1.0,1002500,3700000.0
2500,2500,0,-48.0,48.0,-66.0,3700000.0,1.0,1002501,3700000.0
2501,2501,0,-46.0,48.0,-66.0,3700000.0,1.0,1002502,3700000.0
2502,2502,0,-44.0,48.0,-66.0,3700000.0,1.0,1002503,3700000.0
2503,2503,0,-42.0,48.0,-66.0,3700000.0,1.0,1002504,3700000.0
2504,2504,0,-40.0,48.0,-66.0,3700000.0,1.0,1002505,3700000.0
2505,2505,0,-38.0,48.0,-66.0,3700000.0,1.0,1002506,3700000.0
2506,2506,0,-36.0,48.0,-66.0,3700000.0,1.0,1002507,3700000.0
2507,2507,0,-34.0,48.0,-66.0,3700000.0,1.0,1002508,3700000.0
2508,2508,0,-32.0,48.0,-66.0,3700000.0,1.0,1002509,3700000.0
2509,2509,0,-30.0,48.0,-66.0,3700000.0,1.0,1002510,3700000.0
2510,2510,0,-28.0,48.0,-66.0,3700000.0,1.0,1002511,3700000.0
2511,2511,0,-26.0,48.0,-66.0,3700000.0,1.0,1002512,3700000.0
2512,2512,0,-24.0,48.0,-66.0,3700000.0,1.0,1002513,3700000.0
2513,2513,0,-22.0,48.0,-66.0,3700000.0,1.0,1002514,3700000.0
2514,2514,0,-20.0,48.0,-66.0,3700000.0,1.0,1002515,3700000.0
2515,2515,0,-18.0,48.0,-66.0,3700000.0,1.0,1002516,3700000.0
2516,2516,0,-16.0,48.0,-66.0,3700000.0,1.0,1002517,3700000.0
2517,2517,0,-14.0,48.0,-66.0,3700000.0,1.0,1002518,3700000.0
2518,2518,0,-12.0,48.0,-66.0,3700000.0,1.0,1002519,3700000.0
2519,2519,0,-10.0,48.0,-66.0,3700000.0,1.0,1002520,3700000.0
2520,2520,0,-8.0,48.0,-66.0,3700000.0,1.0,1002521,3700000.0
2521,2521,0,-6.0,48.0,-66.0,3700000.0,1.0,1002522,3700000.0
2522,2522,0,-4.0,48.0,-66.0,3700000.0,1.0,1002523,3700000.0
2523,2523,0,-2.0,48.0,-66.0,3700000.0,1.0,1002524,3700000.0
2524,2524,0,0.0,48.0,-66.0,3700000.0,1.0,1002525,3700000.0
2525,2525,0,2.0,48.0,-66.0,3700000.0,1.0,1002526,3700000.0
2526,2526,0,4.0,48.0,-66.0,3700000.0,1.0,1002527,3700000.0
2527,2527,0,6.0,48.0,-66.0,3700000.0,1.0,1002528,3700000.0
2528,2528,0,8.0,48.0,-66.0,3700000.0,1.0,1002529,3700000.0
2529,2529,0,10.0,48.0,-66.0,3700000.0,1.0,1002530,3700000.0
2530,2530,0,12.0,48.0,-66.0,3700000.0,1.0,1002531,3700000.0
2531,2531,0,14.0,48.0,-66.0,3700000.0,1.0,1002532,3700000.0
2532,2532,0,16.0,48.0,-66.0,3700000.0,1.0,1002533,3700000.0
2533,2533,0,18.0,48.0,-66.0,3700000.0,1.0,1002534,3700000.0
2534,2534,0,20.0,48.0,-66.0,3700000.0,1.0,1002535,3700000.0
2535,2535,0,22.0,48.0,-66.0,3700000.0,1.0,1002536,3700000.0
2536,2536,0,24.0,48.0,-66.0,3700000.0,1.0,1002537,3700000.0
2537,2537,0,26.0,48.0,-66.0,3700000.0,1.0,1002538,3700000.0
2538,2538,0,28.0,48.0,-66.0,3700000.0,1.0,1002539,3700000.0
2539,2539,0,30.0,48.0,-66.0,3700000.0,1.0,1002540,3700000.0
2540,2540,0,32.0,48.0,-66.0,3700000.0,1.0,1002541,3700000.0
2541,2541,0,34.0,48.0,-66.0,3700000.0,1.0,1002542,3700000.0
2542,2542,0,36.0,48.0,-66.0,3700000.0,1.0,1002543,3700000.0
2543,2543,0,38.0,48.0,-66.0,3700000.0,1.0,1002544,3700000.0
2544,2544,0,40.0,48.0,-66.0,3700000.0,1.0,1002545,3700000.0
2545,2545,0,42.0,48.0,-66.0,3700000.0,1.0,1002546,3700000.0
2546,2546,0,44.0,48.0,-66.0,3700000.0,1.0,1002547,3700000.0
2547,2547,0,46.0,48.0,-66.0,3700000.0,1.0,1002548,3700000.0
2548,2548,0,48.0,48.0,-66.0,3700000.0,1.0,1002549,3700000.0
2549,2549,0,50.0,48.0,-66.0,3700000.0,1.0,1002550,3700000.0
2550,2550,0,-50.0,50.0,-66.0,3700000.0,1.0,1002551,3700000.0
2551,2551,0,-48.0,50.0,-66.0,3700000.0,1.0,1002552,3700000.0
2552,2552,0,-46.0,50.0,-66.0,3700000.0,1.0,1002553,3700000.0
2553,2553,0,-44.0,50.0,-66.0,3700000.0,1.0,1002554,3700000.0
2554,2554,0,-42.0,50.0,-66.0,3700000.0,1.0,1002555,3700000.0
2555,2555,0,-40.0,50.0,-66.0,3700000.0,1.0,1002556,3700000.0
2556,2556,0,-38.0,50.0,-66.0,3700000.0,1.0,1002557,3700000.0
2557,2557,0,-36.0,50.0,-66.0,3700000.0,1.0,1002558,3700000.0
2558,2558,0,-34.0,50.0,-66.0,3700000.0,1.0,1002559,3700000.0
2559,2559,0,-32.0,50.0,-66.0,3700000.0,1.0,1002560,3700000.0
2560,2560,0,-30.0,50.0,-66.0,3700000.0,1.0,1002561,3700000.0
2561,2561,0,-28.0,50.0,-66.0,3700000.0,1.0,1002562,3700000.0
2562,2562,0,-26.0,50.0,-66.0,3700000.0,1.0,1002563,3700000.0
2563,2563,0,-24.0,50.0,-66.0,3700000.0,1.0,1002564,3700000.0
2564,2564,0,-22.0,50.0,-66.0,3700000.0,1.0,1002565,3700000.0
2565,2565,0,-20.0,50.0,-66.0,3700000.0,1.0,1002566,3700000.0
2566,2566,0,-18.0,50.0,-66.0,3700000.0,1.0,1002567,3700000.0
2567,2567,0,-16.0,50.0,-66.0,3700000.0,1.0,1002568,3700000.0
2568,2568,0,-14.0,50.0,-66.0,3700000.0,1.0,1002569,3700000.0
2569,2569,0,-12.0,50.0,-66.0,3700000.0,1.0,1002570,3700000.0
2570,2570,0,-10.0,50.0,-66.0,3700000.0,1.0,1002571,3700000.0
2571,2571,0,-8.0,50.0,-66.0,3700000.0,1.0,1002572,3700000.0
2572,2572,0,-6.0,50.0,-66.0,3700000.0,1.0,1002573,3700000.0
2573,2573,0,-4.0,50.0,-66.0,3700000.0,1.0,1002574,3700000.0
2574,2574,0,-2.0,50.0,-66.0,3700000.0,1.0,1002575,3700000.0
2575,2575,0,0.0,50.0,-66.0,3700000.0,1.0,1002576,3700000.0
2576,2576,0,2.0,50.0,-66.0,3700000.0,1.0,1002577,3700000.0
2577,2577,0,4.0,50.0,-66.0,3700000.0,1.0,1002578,3700000.0
2578,2578,0,6.0,50.0,-66.0,3700000.0,1.0,1002579,3700000.0
2579,2579,0,8.0,50.0,-66.0,3700000.0,1.0,1002580,3700000.0
2580,2580,0,10.0,50.0,-66.0,3700000.0,1.0,1002581,3700000.0
2581,2581,0,12.0,50.0,-66.0,3700000.0,1.0,1002582,3700000.0
2582,2582,0,14.0,50.0,-66.0,3700000.0,1.0,1002583,3700000.0
2583,2583,0,16.0,50.0,-66.0,3700000.0,1.0,1002584,3700000.0
2584,2584,0,18.0,50.0,-66.0,3700000.0,1.0,1002585,3700000.0
2585,2585,0,20.0,50.0,-66.0,3700000.0,1.0,1002586,3700000.0
2586,2586,0,22.0,50.0,-66.0,3700000.0,1.0,1002587,3700000.0
2587,2587,0,24.0,50.0,-66.0,3700000.0,1.0,1002588,3700000.0
2588,2588,0,26.0,50.0,-66.0,3700000.0,1.0,1002589,3700000.0
2589,2589,0,28.0,50.0,-66.0,3700000.0,1.0,1002590,3700000.0
2590,2590,0,30.0,50.0,-66.0,3700000.0,1.0,1002591,3700000.0
2591,2591,0,32.0,50.0,-66.0,3700000.0,1.0,1002592,3700000.0
2592,2592,0,34.0,50.0,-66.0,3700000.0,1.0,1002593,3700000.0
2593,2593,0,36.0,50.0,-66.0,3700000.0,1.0,1002594,3700000.0
2594,2594,0,38.0,50.0,-66.0,3700000.0,1.0,1002595,3700000.0
2595,2595,0,40.0,50.0,-66.0,3700000.0,1.0,1002596,3700000.0
2596,2596,0,42.0,50.0,-66.0,3700000.0,1.0,1002597,3700000.0
2597,2597,0,44.0,50.0,-66.0,3700000.0,1.0,1002598,3700000.0
2598,2598,0,46.0,50.0,-66.0,3700000.0,1.0,1002599,3700000.0
2599,2599,0,48.0,50.0,-66.0,3700000.0,1.0,1002600,3700000.0
2600,2600,0,50.0,50.0,-66.0,3700000.0,1.0,1002601,3700000.0
